<?xml version="1.0" encoding="utf-8"?>
<COLLADA xmlns="http://www.collada.org/2005/11/COLLADASchema" version="1.4.1" xmlns:xsi="http://www.w3.org/2001/XMLSchema-instance">
  <asset>
    <contributor>
      <author>Blender User</author>
      <authoring_tool>Blender 4.2.17 LTS commit date:2026-01-19, commit time:19:10, hash:76b996a81c95</authoring_tool>
    </contributor>
    <created>2026-02-19T14:09:21</created>
    <modified>2026-02-19T14:09:21</modified>
    <unit name="meter" meter="1"/>
    <up_axis>Z_UP</up_axis>
  </asset>
  <library_effects>
    <effect id="endeffector_parts_material-effect">
      <profile_COMMON>
        <technique sid="common">
          <lambert>
            <emission>
              <color sid="emission">0 0 0 1</color>
            </emission>
            <diffuse>
              <color sid="diffuse">0 0.09305869 1 1</color>
            </diffuse>
            <index_of_refraction>
              <float sid="ior">1.5</float>
            </index_of_refraction>
          </lambert>
        </technique>
      </profile_COMMON>
    </effect>
  </library_effects>
  <library_images/>
  <library_materials>
    <material id="endeffector_parts_material-material" name="endeffector_parts_material">
      <instance_effect url="#endeffector_parts_material-effect"/>
    </material>
  </library_materials>
  <library_geometries>
    <geometry id="endeffector_visual_003-mesh" name="endeffector_visual.003">
      <mesh>
        <source id="endeffector_visual_003-mesh-positions">
          <float_array id="endeffector_visual_003-mesh-positions-array" count="18936">0.06509995 -0.01999998 1.150017 0.07159996 -0.01999998 1.150017 0.06509995 -0.01981258 1.150025 0.07159996 -0.01981258 1.150025 0.06509995 -0.01962661 1.150049 0.07159996 -0.01962661 1.150049 0.06509995 -0.01944351 1.15009 0.07159996 -0.01944351 1.15009 0.06509995 -0.01926463 1.150146 0.07159996 -0.01926463 1.150146 0.06509995 -0.01909136 1.150218 0.07159996 -0.01909136 1.150218 0.06509995 -0.01892495 1.150305 0.07159996 -0.01892495 1.150305 0.06509995 -0.01876676 1.150406 0.07159996 -0.01876676 1.150406 0.06509995 -0.01861798 1.15052 0.07159996 -0.01861798 1.15052 0.06509995 -0.0184797 1.150646 0.07159996 -0.0184797 1.150646 0.06509995 -0.01835298 1.150785 0.07159996 -0.01835298 1.150785 0.06509995 -0.01823878 1.150933 0.07159996 -0.01823878 1.150933 0.06509995 -0.01813805 1.151092 0.07159996 -0.01813805 1.151092 0.06509995 -0.01805138 1.151258 0.07159996 -0.01805138 1.151258 0.06509995 -0.01797962 1.151431 0.07159996 -0.01797962 1.151431 0.06509995 -0.01792323 1.15161 0.07159996 -0.01792323 1.15161 0.06509995 -0.01788264 1.151793 0.07159996 -0.01788264 1.151793 0.06509995 -0.01785814 1.151979 0.07159996 -0.01785814 1.151979 0.06509995 -0.01784998 1.152167 0.07159996 -0.01784998 1.152167 0.06509995 -0.01785814 1.152354 0.07159996 -0.01785814 1.152354 0.06509995 -0.01788264 1.15254 0.07159996 -0.01788264 1.15254 0.06509995 -0.01792323 1.152723 0.07159996 -0.01792323 1.152723 0.06509995 -0.01797962 1.152902 0.07159996 -0.01797962 1.152902 0.06509995 -0.01805138 1.153075 0.07159996 -0.01805138 1.153075 0.06509995 -0.01813805 1.153242 0.07159996 -0.01813805 1.153242 0.06509995 -0.01823878 1.1534 0.07159996 -0.01823878 1.1534 0.06509995 -0.01835298 1.153549 0.07159996 -0.01835298 1.153549 0.06509995 -0.0184797 1.153687 0.07159996 -0.0184797 1.153687 0.06509995 -0.01861798 1.153814 0.07159996 -0.01861798 1.153814 0.06509995 -0.01876676 1.153928 0.07159996 -0.01876676 1.153928 0.06509995 -0.01892495 1.154029 0.07159996 -0.01892495 1.154029 0.06509995 -0.01909136 1.154115 0.07159996 -0.01909136 1.154115 0.06509995 -0.01926463 1.154187 0.07159996 -0.01926463 1.154187 0.06509995 -0.01944351 1.154243 0.07159996 -0.01944351 1.154243 0.06509995 -0.01962661 1.154284 0.07159996 -0.01962661 1.154284 0.06509995 -0.01981258 1.154308 0.07159996 -0.01981258 1.154308 0.06509995 -0.01999998 1.154317 0.07159996 -0.01999998 1.154317 0.06509995 -0.02018737 1.154308 0.07159996 -0.02018737 1.154308 0.06509995 -0.02037334 1.154284 0.07159996 -0.02037334 1.154284 0.06509995 -0.02055644 1.154243 0.07159996 -0.02055644 1.154243 0.06509995 -0.02073532 1.154187 0.07159996 -0.02073532 1.154187 0.06509995 -0.02090859 1.154115 0.07159996 -0.02090859 1.154115 0.06509995 -0.02107495 1.154029 0.07159996 -0.02107495 1.154029 0.06509995 -0.02123314 1.153928 0.07159996 -0.02123314 1.153928 0.06509995 -0.02138197 1.153814 0.07159996 -0.02138197 1.153814 0.06509995 -0.02152025 1.153687 0.07159996 -0.02152025 1.153687 0.06509995 -0.02164697 1.153549 0.07159996 -0.02164697 1.153549 0.06509995 -0.02176117 1.1534 0.07159996 -0.02176117 1.1534 0.06509995 -0.02186191 1.153242 0.07159996 -0.02186191 1.153242 0.06509995 -0.02194851 1.153075 0.07159996 -0.02194851 1.153075 0.06509995 -0.02202033 1.152902 0.07159996 -0.02202033 1.152902 0.06509995 -0.02207672 1.152723 0.07159996 -0.02207672 1.152723 0.06509995 -0.02211731 1.15254 0.07159996 -0.02211731 1.15254 0.06509995 -0.02214181 1.152354 0.07159996 -0.02214181 1.152354 0.06509995 -0.02214998 1.152167 0.07159996 -0.02214998 1.152167 0.06509995 -0.02214181 1.151979 0.07159996 -0.02214181 1.151979 0.06509995 -0.02211731 1.151793 0.07159996 -0.02211731 1.151793 0.06509995 -0.02207672 1.15161 0.07159996 -0.02207672 1.15161 0.06509995 -0.02202033 1.151431 0.07159996 -0.02202033 1.151431 0.06509995 -0.02194851 1.151258 0.07159996 -0.02194851 1.151258 0.06509995 -0.02186191 1.151092 0.07159996 -0.02186191 1.151092 0.06509995 -0.02176117 1.150933 0.07159996 -0.02176117 1.150933 0.06509995 -0.02164697 1.150785 0.07159996 -0.02164697 1.150785 0.06509995 -0.02152025 1.150646 0.07159996 -0.02152025 1.150646 0.06509995 -0.02138197 1.15052 0.07159996 -0.02138197 1.15052 0.06509995 -0.02123314 1.150406 0.07159996 -0.02123314 1.150406 0.06509995 -0.02107495 1.150305 0.07159996 -0.02107495 1.150305 0.06509995 -0.02090859 1.150218 0.07159996 -0.02090859 1.150218 0.06509995 -0.02073532 1.150146 0.07159996 -0.02073532 1.150146 0.06509995 -0.02055644 1.15009 0.07159996 -0.02055644 1.15009 0.06509995 -0.02037334 1.150049 0.07159996 -0.02037334 1.150049 0.06509995 -0.02018737 1.150025 0.07159996 -0.02018737 1.150025 0.06509995 0.01999998 1.150017 0.07159996 0.01999998 1.150017 0.06509995 0.02018737 1.150025 0.07159996 0.02018737 1.150025 0.06509995 0.02037334 1.150049 0.07159996 0.02037334 1.150049 0.06509995 0.02055644 1.15009 0.07159996 0.02055644 1.15009 0.06509995 0.02073532 1.150146 0.07159996 0.02073532 1.150146 0.06509995 0.02090859 1.150218 0.07159996 0.02090859 1.150218 0.06509995 0.02107495 1.150305 0.07159996 0.02107495 1.150305 0.06509995 0.02123314 1.150406 0.07159996 0.02123314 1.150406 0.06509995 0.02138197 1.15052 0.07159996 0.02138197 1.15052 0.06509995 0.02152025 1.150646 0.07159996 0.02152025 1.150646 0.06509995 0.02164697 1.150785 0.07159996 0.02164697 1.150785 0.06509995 0.02176117 1.150933 0.07159996 0.02176117 1.150933 0.06509995 0.02186191 1.151092 0.07159996 0.02186191 1.151092 0.06509995 0.02194851 1.151258 0.07159996 0.02194851 1.151258 0.06509995 0.02202033 1.151431 0.07159996 0.02202033 1.151431 0.06509995 0.02207672 1.15161 0.07159996 0.02207672 1.15161 0.06509995 0.02211731 1.151793 0.07159996 0.02211731 1.151793 0.06509995 0.02214181 1.151979 0.07159996 0.02214181 1.151979 0.06509995 0.02214998 1.152167 0.07159996 0.02214998 1.152167 0.06509995 0.02214181 1.152354 0.07159996 0.02214181 1.152354 0.06509995 0.02211731 1.15254 0.07159996 0.02211731 1.15254 0.06509995 0.02207672 1.152723 0.07159996 0.02207672 1.152723 0.06509995 0.02202033 1.152902 0.07159996 0.02202033 1.152902 0.06509995 0.02194851 1.153075 0.07159996 0.02194851 1.153075 0.06509995 0.02186191 1.153242 0.07159996 0.02186191 1.153242 0.06509995 0.02176117 1.1534 0.07159996 0.02176117 1.1534 0.06509995 0.02164697 1.153549 0.07159996 0.02164697 1.153549 0.06509995 0.02152025 1.153687 0.07159996 0.02152025 1.153687 0.06509995 0.02138197 1.153814 0.07159996 0.02138197 1.153814 0.06509995 0.02123314 1.153928 0.07159996 0.02123314 1.153928 0.06509995 0.02107495 1.154029 0.07159996 0.02107495 1.154029 0.06509995 0.02090859 1.154115 0.07159996 0.02090859 1.154115 0.06509995 0.02073532 1.154187 0.07159996 0.02073532 1.154187 0.06509995 0.02055644 1.154243 0.07159996 0.02055644 1.154243 0.06509995 0.02037334 1.154284 0.07159996 0.02037334 1.154284 0.06509995 0.02018737 1.154308 0.07159996 0.02018737 1.154308 0.06509995 0.01999998 1.154317 0.07159996 0.01999998 1.154317 0.06509995 0.01981258 1.154308 0.07159996 0.01981258 1.154308 0.06509995 0.01962661 1.154284 0.07159996 0.01962661 1.154284 0.06509995 0.01944351 1.154243 0.07159996 0.01944351 1.154243 0.06509995 0.01926463 1.154187 0.07159996 0.01926463 1.154187 0.06509995 0.01909136 1.154115 0.07159996 0.01909136 1.154115 0.06509995 0.01892495 1.154029 0.07159996 0.01892495 1.154029 0.06509995 0.01876676 1.153928 0.07159996 0.01876676 1.153928 0.06509995 0.01861798 1.153814 0.07159996 0.01861798 1.153814 0.06509995 0.0184797 1.153687 0.07159996 0.0184797 1.153687 0.06509995 0.01835298 1.153549 0.07159996 0.01835298 1.153549 0.06509995 0.01823878 1.1534 0.07159996 0.01823878 1.1534 0.06509995 0.01813805 1.153242 0.07159996 0.01813805 1.153242 0.06509995 0.01805138 1.153075 0.07159996 0.01805138 1.153075 0.06509995 0.01797962 1.152902 0.07159996 0.01797962 1.152902 0.06509995 0.01792323 1.152723 0.07159996 0.01792323 1.152723 0.06509995 0.01788264 1.15254 0.07159996 0.01788264 1.15254 0.06509995 0.01785814 1.152354 0.07159996 0.01785814 1.152354 0.06509995 0.01784998 1.152167 0.07159996 0.01784998 1.152167 0.06509995 0.01785814 1.151979 0.07159996 0.01785814 1.151979 0.06509995 0.01788264 1.151793 0.07159996 0.01788264 1.151793 0.06509995 0.01792323 1.15161 0.07159996 0.01792323 1.15161 0.06509995 0.01797962 1.151431 0.07159996 0.01797962 1.151431 0.06509995 0.01805138 1.151258 0.07159996 0.01805138 1.151258 0.06509995 0.01813805 1.151092 0.07159996 0.01813805 1.151092 0.06509995 0.01823878 1.150933 0.07159996 0.01823878 1.150933 0.06509995 0.01835298 1.150785 0.07159996 0.01835298 1.150785 0.06509995 0.0184797 1.150646 0.07159996 0.0184797 1.150646 0.06509995 0.01861798 1.15052 0.07159996 0.01861798 1.15052 0.06509995 0.01876676 1.150406 0.07159996 0.01876676 1.150406 0.06509995 0.01892495 1.150305 0.07159996 0.01892495 1.150305 0.06509995 0.01909136 1.150218 0.07159996 0.01909136 1.150218 0.06509995 0.01926463 1.150146 0.07159996 0.01926463 1.150146 0.06509995 0.01944351 1.15009 0.07159996 0.01944351 1.15009 0.06509995 0.01962661 1.150049 0.07159996 0.01962661 1.150049 0.06509995 0.01981258 1.150025 0.07159996 0.01981258 1.150025 0.06509995 0.01999998 1.190017 0.07159996 0.01999998 1.190017 0.06509995 0.02018737 1.190025 0.07159996 0.02018737 1.190025 0.06509995 0.02037334 1.190049 0.07159996 0.02037334 1.190049 0.06509995 0.02055644 1.19009 0.07159996 0.02055644 1.19009 0.06509995 0.02073532 1.190146 0.07159996 0.02073532 1.190146 0.06509995 0.02090859 1.190218 0.07159996 0.02090859 1.190218 0.06509995 0.02107495 1.190305 0.07159996 0.02107495 1.190305 0.06509995 0.02123314 1.190405 0.07159996 0.02123314 1.190405 0.06509995 0.02138197 1.19052 0.07159996 0.02138197 1.19052 0.06509995 0.02152025 1.190646 0.07159996 0.02152025 1.190646 0.06509995 0.02164697 1.190785 0.07159996 0.02164697 1.190785 0.06509995 0.02176117 1.190933 0.07159996 0.02176117 1.190933 0.06509995 0.02186191 1.191092 0.07159996 0.02186191 1.191092 0.06509995 0.02194851 1.191258 0.07159996 0.02194851 1.191258 0.06509995 0.02202033 1.191431 0.07159996 0.02202033 1.191431 0.06509995 0.02207672 1.19161 0.07159996 0.02207672 1.19161 0.06509995 0.02211731 1.191793 0.07159996 0.02211731 1.191793 0.06509995 0.02214181 1.191979 0.07159996 0.02214181 1.191979 0.06509995 0.02214998 1.192167 0.07159996 0.02214998 1.192167 0.06509995 0.02214181 1.192354 0.07159996 0.02214181 1.192354 0.06509995 0.02211731 1.19254 0.07159996 0.02211731 1.19254 0.06509995 0.02207672 1.192723 0.07159996 0.02207672 1.192723 0.06509995 0.02202033 1.192902 0.07159996 0.02202033 1.192902 0.06509995 0.02194851 1.193075 0.07159996 0.02194851 1.193075 0.06509995 0.02186191 1.193242 0.07159996 0.02186191 1.193242 0.06509995 0.02176117 1.1934 0.07159996 0.02176117 1.1934 0.06509995 0.02164697 1.193549 0.07159996 0.02164697 1.193549 0.06509995 0.02152025 1.193687 0.07159996 0.02152025 1.193687 0.06509995 0.02138197 1.193814 0.07159996 0.02138197 1.193814 0.06509995 0.02123314 1.193928 0.07159996 0.02123314 1.193928 0.06509995 0.02107495 1.194029 0.07159996 0.02107495 1.194029 0.06509995 0.02090859 1.194115 0.07159996 0.02090859 1.194115 0.06509995 0.02073532 1.194187 0.07159996 0.02073532 1.194187 0.06509995 0.02055644 1.194243 0.07159996 0.02055644 1.194243 0.06509995 0.02037334 1.194284 0.07159996 0.02037334 1.194284 0.06509995 0.02018737 1.194308 0.07159996 0.02018737 1.194308 0.06509995 0.01999998 1.194317 0.07159996 0.01999998 1.194317 0.06509995 0.01981258 1.194308 0.07159996 0.01981258 1.194308 0.06509995 0.01962661 1.194284 0.07159996 0.01962661 1.194284 0.06509995 0.01944351 1.194243 0.07159996 0.01944351 1.194243 0.06509995 0.01926463 1.194187 0.07159996 0.01926463 1.194187 0.06509995 0.01909136 1.194115 0.07159996 0.01909136 1.194115 0.06509995 0.01892495 1.194029 0.07159996 0.01892495 1.194029 0.06509995 0.01876676 1.193928 0.07159996 0.01876676 1.193928 0.06509995 0.01861798 1.193814 0.07159996 0.01861798 1.193814 0.06509995 0.0184797 1.193687 0.07159996 0.0184797 1.193687 0.06509995 0.01835298 1.193549 0.07159996 0.01835298 1.193549 0.06509995 0.01823878 1.1934 0.07159996 0.01823878 1.1934 0.06509995 0.01813805 1.193242 0.07159996 0.01813805 1.193242 0.06509995 0.01805138 1.193075 0.07159996 0.01805138 1.193075 0.06509995 0.01797962 1.192902 0.07159996 0.01797962 1.192902 0.06509995 0.01792323 1.192723 0.07159996 0.01792323 1.192723 0.06509995 0.01788264 1.19254 0.07159996 0.01788264 1.19254 0.06509995 0.01785814 1.192354 0.07159996 0.01785814 1.192354 0.06509995 0.01784998 1.192167 0.07159996 0.01784998 1.192167 0.06509995 0.01785814 1.191979 0.07159996 0.01785814 1.191979 0.06509995 0.01788264 1.191793 0.07159996 0.01788264 1.191793 0.06509995 0.01792323 1.19161 0.07159996 0.01792323 1.19161 0.06509995 0.01797962 1.191431 0.07159996 0.01797962 1.191431 0.06509995 0.01805138 1.191258 0.07159996 0.01805138 1.191258 0.06509995 0.01813805 1.191092 0.07159996 0.01813805 1.191092 0.06509995 0.01823878 1.190933 0.07159996 0.01823878 1.190933 0.06509995 0.01835298 1.190785 0.07159996 0.01835298 1.190785 0.06509995 0.0184797 1.190646 0.07159996 0.0184797 1.190646 0.06509995 0.01861798 1.19052 0.07159996 0.01861798 1.19052 0.06509995 0.01876676 1.190405 0.07159996 0.01876676 1.190405 0.06509995 0.01892495 1.190305 0.07159996 0.01892495 1.190305 0.06509995 0.01909136 1.190218 0.07159996 0.01909136 1.190218 0.06509995 0.01926463 1.190146 0.07159996 0.01926463 1.190146 0.06509995 0.01944351 1.19009 0.07159996 0.01944351 1.19009 0.06509995 0.01962661 1.190049 0.07159996 0.01962661 1.190049 0.06509995 0.01981258 1.190025 0.07159996 0.01981258 1.190025 0.06509995 -0.01999998 1.190017 0.07159996 -0.01999998 1.190017 0.06509995 -0.01981258 1.190025 0.07159996 -0.01981258 1.190025 0.06509995 -0.01962661 1.190049 0.07159996 -0.01962661 1.190049 0.06509995 -0.01944351 1.19009 0.07159996 -0.01944351 1.19009 0.06509995 -0.01926463 1.190146 0.07159996 -0.01926463 1.190146 0.06509995 -0.01909136 1.190218 0.07159996 -0.01909136 1.190218 0.06509995 -0.01892495 1.190305 0.07159996 -0.01892495 1.190305 0.06509995 -0.01876676 1.190405 0.07159996 -0.01876676 1.190405 0.06509995 -0.01861798 1.19052 0.07159996 -0.01861798 1.19052 0.06509995 -0.0184797 1.190646 0.07159996 -0.0184797 1.190646 0.06509995 -0.01835298 1.190785 0.07159996 -0.01835298 1.190785 0.06509995 -0.01823878 1.190933 0.07159996 -0.01823878 1.190933 0.06509995 -0.01813805 1.191092 0.07159996 -0.01813805 1.191092 0.06509995 -0.01805138 1.191258 0.07159996 -0.01805138 1.191258 0.06509995 -0.01797962 1.191431 0.07159996 -0.01797962 1.191431 0.06509995 -0.01792323 1.19161 0.07159996 -0.01792323 1.19161 0.06509995 -0.01788264 1.191793 0.07159996 -0.01788264 1.191793 0.06509995 -0.01785814 1.191979 0.07159996 -0.01785814 1.191979 0.06509995 -0.01784998 1.192167 0.07159996 -0.01784998 1.192167 0.06509995 -0.01785814 1.192354 0.07159996 -0.01785814 1.192354 0.06509995 -0.01788264 1.19254 0.07159996 -0.01788264 1.19254 0.06509995 -0.01792323 1.192723 0.07159996 -0.01792323 1.192723 0.06509995 -0.01797962 1.192902 0.07159996 -0.01797962 1.192902 0.06509995 -0.01805138 1.193075 0.07159996 -0.01805138 1.193075 0.06509995 -0.01813805 1.193242 0.07159996 -0.01813805 1.193242 0.06509995 -0.01823878 1.1934 0.07159996 -0.01823878 1.1934 0.06509995 -0.01835298 1.193549 0.07159996 -0.01835298 1.193549 0.06509995 -0.0184797 1.193687 0.07159996 -0.0184797 1.193687 0.06509995 -0.01861798 1.193814 0.07159996 -0.01861798 1.193814 0.06509995 -0.01876676 1.193928 0.07159996 -0.01876676 1.193928 0.06509995 -0.01892495 1.194029 0.07159996 -0.01892495 1.194029 0.06509995 -0.01909136 1.194115 0.07159996 -0.01909136 1.194115 0.06509995 -0.01926463 1.194187 0.07159996 -0.01926463 1.194187 0.06509995 -0.01944351 1.194243 0.07159996 -0.01944351 1.194243 0.06509995 -0.01962661 1.194284 0.07159996 -0.01962661 1.194284 0.06509995 -0.01981258 1.194308 0.07159996 -0.01981258 1.194308 0.06509995 -0.01999998 1.194317 0.07159996 -0.01999998 1.194317 0.06509995 -0.02018737 1.194308 0.07159996 -0.02018737 1.194308 0.06509995 -0.02037334 1.194284 0.07159996 -0.02037334 1.194284 0.06509995 -0.02055644 1.194243 0.07159996 -0.02055644 1.194243 0.06509995 -0.02073532 1.194187 0.07159996 -0.02073532 1.194187 0.06509995 -0.02090859 1.194115 0.07159996 -0.02090859 1.194115 0.06509995 -0.02107495 1.194029 0.07159996 -0.02107495 1.194029 0.06509995 -0.02123314 1.193928 0.07159996 -0.02123314 1.193928 0.06509995 -0.02138197 1.193814 0.07159996 -0.02138197 1.193814 0.06509995 -0.02152025 1.193687 0.07159996 -0.02152025 1.193687 0.06509995 -0.02164697 1.193549 0.07159996 -0.02164697 1.193549 0.06509995 -0.02176117 1.1934 0.07159996 -0.02176117 1.1934 0.06509995 -0.02186191 1.193242 0.07159996 -0.02186191 1.193242 0.06509995 -0.02194851 1.193075 0.07159996 -0.02194851 1.193075 0.06509995 -0.02202033 1.192902 0.07159996 -0.02202033 1.192902 0.06509995 -0.02207672 1.192723 0.07159996 -0.02207672 1.192723 0.06509995 -0.02211731 1.19254 0.07159996 -0.02211731 1.19254 0.06509995 -0.02214181 1.192354 0.07159996 -0.02214181 1.192354 0.06509995 -0.02214998 1.192167 0.07159996 -0.02214998 1.192167 0.06509995 -0.02214181 1.191979 0.07159996 -0.02214181 1.191979 0.06509995 -0.02211731 1.191793 0.07159996 -0.02211731 1.191793 0.06509995 -0.02207672 1.19161 0.07159996 -0.02207672 1.19161 0.06509995 -0.02202033 1.191431 0.07159996 -0.02202033 1.191431 0.06509995 -0.02194851 1.191258 0.07159996 -0.02194851 1.191258 0.06509995 -0.02186191 1.191092 0.07159996 -0.02186191 1.191092 0.06509995 -0.02176117 1.190933 0.07159996 -0.02176117 1.190933 0.06509995 -0.02164697 1.190785 0.07159996 -0.02164697 1.190785 0.06509995 -0.02152025 1.190646 0.07159996 -0.02152025 1.190646 0.06509995 -0.02138197 1.19052 0.07159996 -0.02138197 1.19052 0.06509995 -0.02123314 1.190405 0.07159996 -0.02123314 1.190405 0.06509995 -0.02107495 1.190305 0.07159996 -0.02107495 1.190305 0.06509995 -0.02090859 1.190218 0.07159996 -0.02090859 1.190218 0.06509995 -0.02073532 1.190146 0.07159996 -0.02073532 1.190146 0.06509995 -0.02055644 1.19009 0.07159996 -0.02055644 1.19009 0.06509995 -0.02037334 1.190049 0.07159996 -0.02037334 1.190049 0.06509995 -0.02018737 1.190025 0.07159996 -0.02018737 1.190025 0.06509995 -0.01999998 1.189267 0.06509995 -0.0202527 1.189278 0.06509995 -0.02050358 1.189311 0.06509995 -0.02075052 1.189365 0.06509995 -0.02099186 1.189442 0.06509995 -0.02122557 1.189538 0.06509995 -0.02144998 1.189655 0.06509995 -0.02166336 1.189791 0.06509995 -0.02186405 1.189945 0.06509995 -0.02205055 1.190116 0.06509995 -0.0222215 1.190303 0.06509995 -0.02237552 1.190503 0.06509995 -0.02251142 1.190717 0.06509995 -0.02262824 1.190941 0.06509995 -0.0227251 1.191175 0.06509995 -0.02280116 1.191416 0.06509995 -0.02285593 1.191663 0.06509995 -0.02288895 1.191914 0.06509995 -0.02289998 1.192167 0.06509995 -0.02288895 1.192419 0.06509995 -0.02285593 1.19267 0.06509995 -0.02280116 1.192917 0.06509995 -0.0227251 1.193158 0.06509995 -0.02262824 1.193392 0.06509995 -0.02251142 1.193617 0.06509995 -0.02237552 1.19383 0.06509995 -0.0222215 1.194031 0.06509995 -0.02205055 1.194217 0.06509995 -0.02186405 1.194388 0.06509995 -0.02166336 1.194542 0.06509995 -0.02144998 1.194678 0.06509995 -0.02122557 1.194795 0.06509995 -0.02099186 1.194892 0.06509995 -0.02075052 1.194968 0.06509995 -0.02050358 1.195023 0.06509995 -0.0202527 1.195056 0.06509995 -0.01999998 1.195067 0.06509995 -0.01974719 1.195056 0.06509995 -0.01949638 1.195023 0.06509995 -0.01924937 1.194968 0.06509995 -0.0190081 1.194892 0.06509995 -0.01877439 1.194795 0.06509995 -0.01854997 1.194678 0.06509995 -0.01833659 1.194542 0.06509995 -0.0181359 1.194388 0.06509995 -0.01794934 1.194217 0.06509995 -0.01777845 1.194031 0.06509995 -0.01762443 1.19383 0.06509995 -0.01748847 1.193617 0.06509995 -0.01737165 1.193392 0.06509995 -0.01727485 1.193158 0.06509995 -0.0171988 1.192917 0.06509995 -0.01714402 1.19267 0.06509995 -0.017111 1.192419 0.06509995 -0.01709997 1.192167 0.06509995 -0.017111 1.191914 0.06509995 -0.01714402 1.191663 0.06509995 -0.0171988 1.191416 0.06509995 -0.01727485 1.191175 0.06509995 -0.01737165 1.190941 0.06509995 -0.01748847 1.190717 0.06509995 -0.01762443 1.190503 0.06509995 -0.01777845 1.190303 0.06509995 -0.01794934 1.190116 0.06509995 -0.0181359 1.189945 0.06509995 -0.01833659 1.189791 0.06509995 -0.01854997 1.189655 0.06509995 -0.01877439 1.189538 0.06509995 -0.0190081 1.189442 0.06509995 -0.01924937 1.189365 0.06509995 -0.01949638 1.189311 0.06509995 -0.01974719 1.189278 0.05899995 -0.01999998 1.189267 0.05899995 -0.01974719 1.189278 0.05899995 -0.01949638 1.189311 0.05899995 -0.01924937 1.189365 0.05899995 -0.0190081 1.189442 0.05899995 -0.01877439 1.189538 0.05899995 -0.01854997 1.189655 0.05899995 -0.01833659 1.189791 0.05899995 -0.0181359 1.189945 0.05899995 -0.01794934 1.190116 0.05899995 -0.01777845 1.190303 0.05899995 -0.01762443 1.190503 0.05899995 -0.01748847 1.190717 0.05899995 -0.01737165 1.190941 0.05899995 -0.01727485 1.191175 0.05899995 -0.0171988 1.191416 0.05899995 -0.01714402 1.191663 0.05899995 -0.017111 1.191914 0.05899995 -0.01709997 1.192167 0.05899995 -0.017111 1.192419 0.05899995 -0.01714402 1.19267 0.05899995 -0.0171988 1.192917 0.05899995 -0.01727485 1.193158 0.05899995 -0.01737165 1.193392 0.05899995 -0.01748847 1.193617 0.05899995 -0.01762443 1.19383 0.05899995 -0.01777845 1.194031 0.05899995 -0.01794934 1.194217 0.05899995 -0.0181359 1.194388 0.05899995 -0.01833659 1.194542 0.05899995 -0.01854997 1.194678 0.05899995 -0.01877439 1.194795 0.05899995 -0.0190081 1.194892 0.05899995 -0.01924937 1.194968 0.05899995 -0.01949638 1.195023 0.05899995 -0.01974719 1.195056 0.05899995 -0.01999998 1.195067 0.05899995 -0.0202527 1.195056 0.05899995 -0.02050358 1.195023 0.05899995 -0.02075052 1.194968 0.05899995 -0.02099186 1.194892 0.05899995 -0.02122557 1.194795 0.05899995 -0.02144998 1.194678 0.05899995 -0.02166336 1.194542 0.05899995 -0.02186405 1.194388 0.05899995 -0.02205055 1.194217 0.05899995 -0.0222215 1.194031 0.05899995 -0.02237552 1.19383 0.05899995 -0.02251142 1.193617 0.05899995 -0.02262824 1.193392 0.05899995 -0.0227251 1.193158 0.05899995 -0.02280116 1.192917 0.05899995 -0.02285593 1.19267 0.05899995 -0.02288895 1.192419 0.05899995 -0.02289998 1.192167 0.05899995 -0.02288895 1.191914 0.05899995 -0.02285593 1.191663 0.05899995 -0.02280116 1.191416 0.05899995 -0.0227251 1.191175 0.05899995 -0.02262824 1.190941 0.05899995 -0.02251142 1.190717 0.05899995 -0.02237552 1.190503 0.05899995 -0.0222215 1.190303 0.05899995 -0.02205055 1.190116 0.05899995 -0.02186405 1.189945 0.05899995 -0.02166336 1.189791 0.05899995 -0.02144998 1.189655 0.05899995 -0.02122557 1.189538 0.05899995 -0.02099186 1.189442 0.05899995 -0.02075052 1.189365 0.05899995 -0.02050358 1.189311 0.05899995 -0.0202527 1.189278 0.06509995 0.01999998 1.189267 0.06509995 0.01974719 1.189278 0.06509995 0.01949638 1.189311 0.06509995 0.01924937 1.189365 0.06509995 0.0190081 1.189442 0.06509995 0.01877439 1.189538 0.06509995 0.01854997 1.189655 0.06509995 0.01833659 1.189791 0.06509995 0.0181359 1.189945 0.06509995 0.01794934 1.190116 0.06509995 0.01777845 1.190303 0.06509995 0.01762443 1.190503 0.06509995 0.01748847 1.190717 0.06509995 0.01737165 1.190941 0.06509995 0.01727485 1.191175 0.06509995 0.0171988 1.191416 0.06509995 0.01714402 1.191663 0.06509995 0.017111 1.191914 0.06509995 0.01709997 1.192167 0.06509995 0.017111 1.192419 0.06509995 0.01714402 1.19267 0.06509995 0.0171988 1.192917 0.06509995 0.01727485 1.193158 0.06509995 0.01737165 1.193392 0.06509995 0.01748847 1.193617 0.06509995 0.01762443 1.19383 0.06509995 0.01777845 1.194031 0.06509995 0.01794934 1.194217 0.06509995 0.0181359 1.194388 0.06509995 0.01833659 1.194542 0.06509995 0.01854997 1.194678 0.06509995 0.01877439 1.194795 0.06509995 0.0190081 1.194892 0.06509995 0.01924937 1.194968 0.06509995 0.01949638 1.195023 0.06509995 0.01974719 1.195056 0.06509995 0.01999998 1.195067 0.06509995 0.0202527 1.195056 0.06509995 0.02050358 1.195023 0.06509995 0.02075052 1.194968 0.06509995 0.02099186 1.194892 0.06509995 0.02122557 1.194795 0.06509995 0.02144998 1.194678 0.06509995 0.02166336 1.194542 0.06509995 0.02186405 1.194388 0.06509995 0.02205055 1.194217 0.06509995 0.0222215 1.194031 0.06509995 0.02237552 1.19383 0.06509995 0.02251142 1.193617 0.06509995 0.02262824 1.193392 0.06509995 0.0227251 1.193158 0.06509995 0.02280116 1.192917 0.06509995 0.02285593 1.19267 0.06509995 0.02288895 1.192419 0.06509995 0.02289998 1.192167 0.06509995 0.02288895 1.191914 0.06509995 0.02285593 1.191663 0.06509995 0.02280116 1.191416 0.06509995 0.0227251 1.191175 0.06509995 0.02262824 1.190941 0.06509995 0.02251142 1.190717 0.06509995 0.02237552 1.190503 0.06509995 0.0222215 1.190303 0.06509995 0.02205055 1.190116 0.06509995 0.02186405 1.189945 0.06509995 0.02166336 1.189791 0.06509995 0.02144998 1.189655 0.06509995 0.02122557 1.189538 0.06509995 0.02099186 1.189442 0.06509995 0.02075052 1.189365 0.06509995 0.02050358 1.189311 0.06509995 0.0202527 1.189278 0.06859999 -0.01999998 1.145767 0.06599998 -0.0194422 1.145791 0.06859999 -0.0194422 1.145791 0.06599998 -0.01888865 1.145864 0.06859999 -0.01888865 1.145864 0.06599998 -0.0183435 1.145985 0.06859999 -0.0183435 1.145985 0.06599998 -0.01781105 1.146153 0.06859999 -0.01781105 1.146153 0.06599998 -0.01729524 1.146366 0.06859999 -0.01729524 1.146366 0.06599998 -0.01679998 1.146624 0.06859999 -0.01679998 1.146624 0.06599998 -0.0163291 1.146924 0.06859999 -0.0163291 1.146924 0.06599998 -0.01588612 1.147264 0.06859999 -0.01588612 1.147264 0.06599998 -0.01547449 1.147641 0.06859999 -0.01547449 1.147641 0.06599998 -0.01509732 1.148053 0.06859999 -0.01509732 1.148053 0.06599998 -0.01475739 1.148496 0.06859999 -0.01475739 1.148496 0.06599998 -0.0144574 1.148967 0.06859999 -0.0144574 1.148967 0.06599998 -0.01419961 1.149462 0.06859999 -0.01419961 1.149462 0.06599998 -0.01398593 1.149978 0.06859999 -0.01398593 1.149978 0.06599998 -0.01381802 1.15051 0.06859999 -0.01381802 1.15051 0.06599998 -0.0136972 1.151055 0.06859999 -0.0136972 1.151055 0.06599998 -0.01362431 1.151609 0.06859999 -0.01362431 1.151609 0.06599998 -0.01359999 1.152167 0.06859999 -0.01359999 1.152167 0.06599998 -0.01362431 1.152724 0.06859999 -0.01362431 1.152724 0.06599998 -0.0136972 1.153278 0.06859999 -0.0136972 1.153278 0.06599998 -0.01381802 1.153823 0.06859999 -0.01381802 1.153823 0.06599998 -0.01398593 1.154356 0.06859999 -0.01398593 1.154356 0.06599998 -0.01419961 1.154871 0.06859999 -0.01419961 1.154871 0.06599998 -0.0144574 1.155367 0.06859999 -0.0144574 1.155367 0.06599998 -0.01475739 1.155838 0.06859999 -0.01475739 1.155838 0.06599998 -0.01509732 1.15628 0.06859999 -0.01509732 1.15628 0.06599998 -0.01547449 1.156692 0.06859999 -0.01547449 1.156692 0.06599998 -0.01588612 1.157069 0.06859999 -0.01588612 1.157069 0.06599998 -0.0163291 1.157409 0.06859999 -0.0163291 1.157409 0.06599998 -0.01679998 1.157709 0.06859999 -0.01679998 1.157709 0.06599998 -0.01729524 1.157967 0.06859999 -0.01729524 1.157967 0.06599998 -0.01781105 1.158181 0.06859999 -0.01781105 1.158181 0.06599998 -0.0183435 1.158349 0.06859999 -0.0183435 1.158349 0.06599998 -0.01888865 1.158469 0.06859999 -0.01888865 1.158469 0.06599998 -0.0194422 1.158542 0.06859999 -0.0194422 1.158542 0.06599998 -0.01999998 1.158567 0.06859999 -0.01999998 1.158567 0.06599998 -0.02055776 1.158542 0.06859999 -0.02055776 1.158542 0.06599998 -0.0211113 1.158469 0.06859999 -0.0211113 1.158469 0.06599998 -0.02165639 1.158349 0.06859999 -0.02165639 1.158349 0.06599998 -0.0221889 1.158181 0.06859999 -0.0221889 1.158181 0.06599998 -0.02270472 1.157967 0.06859999 -0.02270472 1.157967 0.06599998 -0.02319997 1.157709 0.06859999 -0.02319997 1.157709 0.06599998 -0.02367085 1.157409 0.06859999 -0.02367085 1.157409 0.06599998 -0.02411383 1.157069 0.06859999 -0.02411383 1.157069 0.06599998 -0.02452546 1.156692 0.06859999 -0.02452546 1.156692 0.06599998 -0.02490264 1.15628 0.06859999 -0.02490264 1.15628 0.06599998 -0.02524256 1.155838 0.06859999 -0.02524256 1.155838 0.06599998 -0.02554255 1.155367 0.06859999 -0.02554255 1.155367 0.06599998 -0.02580034 1.154871 0.06859999 -0.02580034 1.154871 0.06599998 -0.02601402 1.154356 0.06859999 -0.02601402 1.154356 0.06599998 -0.02618187 1.153823 0.06859999 -0.02618187 1.153823 0.06599998 -0.02630275 1.153278 0.06859999 -0.02630275 1.153278 0.06599998 -0.02637565 1.152724 0.06859999 -0.02637565 1.152724 0.06599998 -0.02639997 1.152167 0.06859999 -0.02639997 1.152167 0.06599998 -0.02637565 1.151609 0.06859999 -0.02637565 1.151609 0.06599998 -0.02630275 1.151055 0.06859999 -0.02630275 1.151055 0.06599998 -0.02618187 1.15051 0.06859999 -0.02618187 1.15051 0.06599998 -0.02601402 1.149978 0.06859999 -0.02601402 1.149978 0.06599998 -0.02580034 1.149462 0.06859999 -0.02580034 1.149462 0.06599998 -0.02554255 1.148967 0.06859999 -0.02554255 1.148967 0.06599998 -0.02524256 1.148496 0.06859999 -0.02524256 1.148496 0.06599998 -0.02490264 1.148053 0.06859999 -0.02490264 1.148053 0.06599998 -0.02452546 1.147641 0.06859999 -0.02452546 1.147641 0.06599998 -0.02411383 1.147264 0.06859999 -0.02411383 1.147264 0.06599998 -0.02367085 1.146924 0.06859999 -0.02367085 1.146924 0.06599998 -0.02319997 1.146624 0.06859999 -0.02319997 1.146624 0.06599998 -0.02270472 1.146366 0.06859999 -0.02270472 1.146366 0.06599998 -0.0221889 1.146153 0.06859999 -0.0221889 1.146153 0.06599998 -0.02165639 1.145985 0.06859999 -0.02165639 1.145985 0.06599998 -0.0211113 1.145864 0.06859999 -0.0211113 1.145864 0.06599998 -0.02055776 1.145791 0.06859999 -0.02055776 1.145791 0.06599998 -0.01999998 1.145767 0.06599998 -0.03290891 1.191167 0.06599998 -0.03443968 1.188226 0.06599998 -0.02630275 1.191055 0.06599998 -0.03112775 1.150371 0.06599998 -0.02367085 1.186924 0.06599998 -0.02411383 1.187264 0.06599998 -0.03799998 1.172167 0.06599998 0.01999998 1.185767 0.06599998 0.01299673 1.136458 0.06599998 0.009835124 1.135461 0.06599998 0.006598591 1.134744 0.06599998 0.003311872 1.134311 0.06599998 -0.01605945 1.137727 0.06599998 -0.01299673 1.136458 0.06599998 -0.01899999 1.139258 0.06599998 -0.02179586 1.141039 0.06599998 -0.03290891 1.153167 0.06599998 -0.03785538 1.175479 0.06599998 -0.02452546 1.187641 0.06599998 -0.03742265 1.178765 0.06599998 -0.02637565 1.191609 0.06599998 -0.02639997 1.192167 0.06599998 -0.03112775 1.193963 0.06599998 -0.02637565 1.192724 0.06599998 -0.0144574 1.188967 0.06599998 -0.01475739 1.188496 0.06599998 -0.01509732 1.188053 0.06599998 -0.01547449 1.187641 0.06599998 -0.01729524 1.186366 0.06599998 -0.01781105 1.186153 0.06599998 -0.0183435 1.185985 0.06599998 -0.01888865 1.185864 0.06599998 -0.02055776 1.185791 0.06599998 -0.01999998 1.185767 0.06599998 -0.0194422 1.185791 0.06599998 -0.01419961 1.189462 0.06599998 -0.03785538 1.168855 0.06599998 -0.03742265 1.165568 0.06599998 -0.02319997 1.186624 0.06599998 -0.03670513 1.162332 0.06599998 -0.02270472 1.186366 0.06599998 -0.0357083 1.15917 0.06599998 -0.0221889 1.186153 0.06599998 -0.0357083 1.185163 0.06599998 -0.02601402 1.189978 0.06599998 -0.02618187 1.19051 0.06599998 0.0136972 1.153278 0.06599998 0.01899999 1.139258 0.06599998 0.01999998 1.145767 0.06599998 0.0194422 1.145791 0.06599998 0 1.134167 0.06599998 -0.003311872 1.134311 0.06599998 -0.006598591 1.134744 0.06599998 -0.009835124 1.135461 0.06599998 -0.02442592 1.143057 0.06599998 -0.02687001 1.145297 0.06599998 -0.02910965 1.147741 0.06599998 -0.02490264 1.188053 0.06599998 -0.02524256 1.188496 0.06599998 -0.03670513 1.182002 0.06599998 -0.02554255 1.188967 0.06599998 -0.02580034 1.189462 0.06599998 0.01547449 1.187641 0.06599998 -0.01419961 1.194871 0.06599998 -0.01398593 1.194356 0.06599998 0.01781105 1.186153 0.06599998 0.01729524 1.186366 0.06599998 -0.01588612 1.187264 0.06599998 -0.0163291 1.186924 0.06599998 -0.01679998 1.186624 0.06599998 0.01605945 1.137727 0.06599998 -0.02630275 1.193278 0.06599998 -0.02618187 1.193823 0.06599998 -0.02910965 1.196593 0.06599998 -0.02601402 1.194356 0.06599998 -0.02580034 1.194871 0.06599998 -0.01381802 1.193823 0.06599998 -0.0136972 1.193278 0.06599998 -0.01362431 1.192724 0.06599998 0.0183435 1.185985 0.06599998 0.0194422 1.185791 0.06599998 0.01729524 1.146366 0.06599998 0.01679998 1.146624 0.06599998 0.0163291 1.146924 0.06599998 0.01588612 1.147264 0.06599998 0.0144574 1.148967 0.06599998 0.01475739 1.148496 0.06599998 -0.03443968 1.156107 0.06599998 -0.02165639 1.185985 0.06599998 -0.0211113 1.185864 0.06599998 -0.02554255 1.195367 0.06599998 -0.02524256 1.195837 0.06599998 -0.02687001 1.199037 0.06599998 -0.02490264 1.19628 0.06599998 -0.02452546 1.196692 0.06599998 -0.02411383 1.197069 0.06599998 -0.02442592 1.201276 0.06599998 -0.02367085 1.197409 0.06599998 -0.02319997 1.197709 0.06599998 0.01679998 1.186624 0.06599998 0.0163291 1.186924 0.06599998 -0.01398593 1.189978 0.06599998 0.01509732 1.188053 0.06599998 0.01475739 1.188496 0.06599998 0.0144574 1.188967 0.06599998 0.01419961 1.189462 0.06599998 0.01398593 1.189978 0.06599998 0.01381802 1.19051 0.06599998 0.0136972 1.191055 0.06599998 0.01362431 1.191609 0.06599998 0.01359999 1.192167 0.06599998 0.01475739 1.195837 0.06599998 0.01509732 1.19628 0.06599998 0.01299673 1.207875 0.06599998 0.01547449 1.196692 0.06599998 0.01888865 1.145864 0.06599998 0.0183435 1.145985 0.06599998 0.01781105 1.146153 0.06599998 0.01419961 1.149462 0.06599998 0.01398593 1.149978 0.06599998 0.01381802 1.15051 0.06599998 0.0136972 1.151055 0.06599998 0.01362431 1.151609 0.06599998 0.01359999 1.152167 0.06599998 0.01362431 1.152724 0.06599998 0.01547449 1.147641 0.06599998 0.01509732 1.148053 0.06599998 0.01888865 1.185864 0.06599998 0.01362431 1.192724 0.06599998 0.0136972 1.193278 0.06599998 0.01381802 1.193823 0.06599998 0.01398593 1.194356 0.06599998 0.01419961 1.194871 0.06599998 0.0144574 1.195367 0.06599998 0.01588612 1.197069 0.06599998 0.0163291 1.197409 0.06599998 0.01679998 1.197709 0.06599998 0.01729524 1.197967 0.06599998 0.01781105 1.198181 0.06599998 0.01605945 1.206606 0.06599998 0.03112775 1.150371 0.06599998 0.02630275 1.151055 0.06599998 0.02618187 1.15051 0.06599998 -0.02165639 1.198349 0.06599998 -0.02179586 1.203294 0.06599998 -0.0221889 1.198181 0.06599998 -0.02270472 1.197967 0.06599998 -0.0211113 1.198469 0.06599998 -0.02055776 1.198542 0.06599998 -0.01899999 1.205076 0.06599998 -0.01999998 1.198567 0.06599998 -0.0194422 1.198542 0.06599998 -0.01605945 1.206606 0.06599998 -0.01888865 1.198469 0.06599998 -0.0183435 1.198349 0.06599998 -0.01299673 1.207875 0.06599998 -0.01781105 1.198181 0.06599998 -0.01729524 1.197967 0.06599998 -0.009835124 1.208872 0.06599998 -0.01679998 1.197709 0.06599998 -0.006598591 1.209589 0.06599998 -0.01475739 1.195837 0.06599998 0.003311872 1.210022 0.06599998 -0.01509732 1.19628 0.06599998 0 1.210167 0.06599998 -0.01547449 1.196692 0.06599998 -0.003311872 1.210022 0.06599998 -0.01588612 1.197069 0.06599998 -0.0163291 1.197409 0.06599998 -0.01359999 1.192167 0.06599998 -0.01362431 1.191609 0.06599998 0.01588612 1.187264 0.06599998 -0.0136972 1.191055 0.06599998 -0.01381802 1.19051 0.06599998 0.0183435 1.198349 0.06599998 0.01888865 1.198469 0.06599998 0.01899999 1.205076 0.06599998 0.0357083 1.185163 0.06599998 0.03443968 1.188226 0.06599998 0.02618187 1.19051 0.06599998 0.02055776 1.145791 0.06599998 0.02179586 1.141039 0.06599998 0.0211113 1.145864 0.06599998 -0.0144574 1.195367 0.06599998 0.009835124 1.208872 0.06599998 0.006598591 1.209589 0.06599998 0.0194422 1.198542 0.06599998 0.01999998 1.198567 0.06599998 0.02179586 1.203294 0.06599998 0.02055776 1.198542 0.06599998 0.03290891 1.153167 0.06599998 0.03443968 1.156107 0.06599998 0.02630275 1.153278 0.06599998 0.02910965 1.147741 0.06599998 0.02601402 1.149978 0.06599998 0.02580034 1.149462 0.06599998 0.0211113 1.198469 0.06599998 0.02165639 1.198349 0.06599998 0.02442592 1.201276 0.06599998 0.0221889 1.198181 0.06599998 0.02270472 1.197967 0.06599998 0.02319997 1.197709 0.06599998 0.02367085 1.197409 0.06599998 0.02687001 1.199037 0.06599998 0.02411383 1.197069 0.06599998 0.02452546 1.196692 0.06599998 0.02490264 1.19628 0.06599998 0.02910965 1.196593 0.06599998 0.02524256 1.195837 0.06599998 0.02554255 1.195367 0.06599998 0.02580034 1.194871 0.06599998 0.02601402 1.194356 0.06599998 0.03112775 1.193963 0.06599998 0.02618187 1.193823 0.06599998 0.02630275 1.193278 0.06599998 0.02637565 1.192724 0.06599998 0.03290891 1.191167 0.06599998 0.02639997 1.192167 0.06599998 0.02637565 1.191609 0.06599998 0.02630275 1.191055 0.06599998 0.01381802 1.153823 0.06599998 0.01398593 1.154356 0.06599998 0.01419961 1.154871 0.06599998 0.0144574 1.155367 0.06599998 0.01475739 1.155838 0.06599998 0.02367085 1.157409 0.06599998 0.02411383 1.157069 0.06599998 0.03799998 1.172167 0.06599998 0.03785538 1.168855 0.06599998 0.02452546 1.156692 0.06599998 0.03742265 1.165568 0.06599998 0.0357083 1.15917 0.06599998 0.02601402 1.154356 0.06599998 0.02618187 1.153823 0.06599998 0.02637565 1.152724 0.06599998 0.02639997 1.152167 0.06599998 0.02637565 1.151609 0.06599998 0.02554255 1.148967 0.06599998 0.02524256 1.148496 0.06599998 0.02687001 1.145297 0.06599998 0.02490264 1.148053 0.06599998 0.01509732 1.15628 0.06599998 0.01547449 1.156692 0.06599998 0.01588612 1.157069 0.06599998 0.0163291 1.157409 0.06599998 0.01679998 1.157709 0.06599998 0.01729524 1.157967 0.06599998 0.0211113 1.158469 0.06599998 0.02165639 1.158349 0.06599998 0.02580034 1.189462 0.06599998 0.02601402 1.189978 0.06599998 0.0221889 1.158181 0.06599998 0.02270472 1.157967 0.06599998 0.03670513 1.182002 0.06599998 0.02319997 1.157709 0.06599998 0.03742265 1.178765 0.06599998 0.03785538 1.175479 0.06599998 0.02490264 1.15628 0.06599998 0.02524256 1.155838 0.06599998 0.03670513 1.162332 0.06599998 0.02554255 1.155367 0.06599998 0.02580034 1.154871 0.06599998 0.02452546 1.147641 0.06599998 0.02411383 1.147264 0.06599998 0.02442592 1.143057 0.06599998 0.02367085 1.146924 0.06599998 0.02319997 1.146624 0.06599998 0.02554255 1.188967 0.06599998 0.02524256 1.188496 0.06599998 0.02490264 1.188053 0.06599998 0.01781105 1.158181 0.06599998 0.0183435 1.158349 0.06599998 0.01888865 1.158469 0.06599998 0.02452546 1.187641 0.06599998 0.02411383 1.187264 0.06599998 0.02367085 1.186924 0.06599998 0.02319997 1.186624 0.06599998 0.02270472 1.186366 0.06599998 0.0221889 1.186153 0.06599998 0.02270472 1.146366 0.06599998 0.0221889 1.146153 0.06599998 0.02165639 1.145985 0.06599998 0.0194422 1.158542 0.06599998 0.01999998 1.158567 0.06599998 0.02055776 1.185791 0.06599998 0.02055776 1.158542 0.06599998 0.0211113 1.185864 0.06599998 0.02165639 1.185985 0.05899995 -0.03217387 1.199164 0.05899995 -0.02969849 1.201865 0.05899995 -0.02699702 1.204341 0.05899995 -0.02099996 1.20854 0.05899995 -0.02409017 1.206571 0.05899995 -0.03806489 1.154417 0.05899995 -0.03946703 1.157802 0.05899995 -0.02280116 1.152917 0.05899995 0.01999998 1.155067 0.05899995 -0.02205055 1.154217 0.05899995 -0.04184013 1.175827 0.05899995 -0.04199999 1.172167 0.05899995 -0.0222215 1.154031 0.05899995 -0.04184013 1.168506 0.05899995 -0.02237552 1.15383 0.05899995 -0.04136192 1.164873 0.05899995 -0.02251142 1.153617 0.05899995 -0.04056888 1.161296 0.05899995 -0.02262824 1.153392 0.05899995 -0.0227251 1.153159 0.05899995 -0.02285593 1.151663 0.05899995 -0.03440433 1.148076 0.05899995 -0.02288895 1.151914 0.05899995 -0.03637301 1.151167 0.05899995 -0.0181359 1.154388 0.05899995 -0.01833659 1.154542 0.05899995 0.01974719 1.189278 0.05899995 0.01949638 1.189311 0.05899995 -0.03440433 1.196257 0.05899995 -0.03637301 1.193167 0.05899995 -0.03946703 1.186532 0.05899995 -0.03806489 1.189917 0.05899995 -0.02280116 1.151416 0.05899995 -0.0227251 1.151175 0.05899995 -0.03217387 1.14517 0.05899995 -0.02262824 1.150941 0.05899995 -0.02166336 1.149791 0.05899995 -0.02699702 1.139993 0.05899995 -0.02186405 1.149945 0.05899995 -0.02969849 1.142468 0.05899995 -0.02205055 1.150116 0.05899995 -0.01727485 1.151175 0.05899995 -0.0171988 1.151416 0.05899995 0.01774996 1.134102 0.05899995 -0.01714402 1.151663 0.05899995 -0.017111 1.151914 0.05899995 0.01949638 1.155023 0.05899995 0.01924937 1.154968 0.05899995 -0.02285593 1.15267 0.05899995 -0.02288895 1.152419 0.05899995 -0.02289998 1.152167 0.05899995 -0.02144998 1.149655 0.05899995 -0.02122557 1.149538 0.05899995 -0.02409017 1.137762 0.05899995 -0.02099186 1.149442 0.05899995 -0.02075052 1.149365 0.05899995 -0.02050358 1.149311 0.05899995 -0.02099996 1.135794 0.05899995 -0.0202527 1.149278 0.05899995 -0.01999998 1.149267 0.05899995 -0.01774996 1.134102 0.05899995 -0.01748847 1.153617 0.05899995 -0.01762443 1.15383 0.05899995 0.01762443 1.15383 0.05899995 0.01974719 1.155056 0.05899995 0.01854997 1.154678 0.05899995 0.01833659 1.154542 0.05899995 0.01762443 1.19383 0.05899995 0.01777845 1.194031 0.05899995 0.01794934 1.194217 0.05899995 -0.01436483 1.211634 0.05899995 -0.0202527 1.155056 0.05899995 -0.02050358 1.155023 0.05899995 -0.02075052 1.154968 0.05899995 -0.02099186 1.154892 0.05899995 -0.02186405 1.154388 0.05899995 -0.02166336 1.154542 0.05899995 -0.02251142 1.150717 0.05899995 -0.02237552 1.150503 0.05899995 -0.0222215 1.150303 0.05899995 -0.01436483 1.1327 0.05899995 -0.0190081 1.149442 0.05899995 -0.01087039 1.131598 0.05899995 -0.01877439 1.149538 0.05899995 -0.007293164 1.130805 0.05899995 -0.01854997 1.149655 0.05899995 -0.0036605 1.130326 0.05899995 -0.01833659 1.149791 0.05899995 0 1.130167 0.05899995 -0.0181359 1.149945 0.05899995 0.0036605 1.130326 0.05899995 -0.01794934 1.150116 0.05899995 0.007293164 1.130805 0.05899995 -0.01777845 1.150303 0.05899995 0.01087039 1.131598 0.05899995 -0.01762443 1.150503 0.05899995 0.01436483 1.1327 0.05899995 -0.01748847 1.150717 0.05899995 -0.01737165 1.150941 0.05899995 -0.01709997 1.152167 0.05899995 -0.017111 1.152419 0.05899995 -0.01714402 1.15267 0.05899995 -0.01777845 1.154031 0.05899995 -0.01794934 1.154217 0.05899995 -0.0190081 1.154892 0.05899995 -0.01924937 1.154968 0.05899995 -0.01974719 1.155056 0.05899995 0.02186405 1.154388 0.05899995 0.02166336 1.154542 0.05899995 0.04184013 1.175827 0.05899995 0.0190081 1.154892 0.05899995 0.01877439 1.154795 0.05899995 0.01854997 1.194678 0.05899995 0.01833659 1.194542 0.05899995 0.0181359 1.194388 0.05899995 -0.01774996 1.210232 0.05899995 -0.04056888 1.183037 0.05899995 -0.04136192 1.17946 0.05899995 -0.01974719 1.149278 0.05899995 -0.01949638 1.149311 0.05899995 -0.01924937 1.149365 0.05899995 -0.01854997 1.154678 0.05899995 -0.01877439 1.154795 0.05899995 -0.01949638 1.155023 0.05899995 0.0181359 1.154388 0.05899995 0.01794934 1.154217 0.05899995 0.01777845 1.154031 0.05899995 0.02237552 1.150503 0.05899995 0.03217387 1.14517 0.05899995 0.0222215 1.150303 0.05899995 0.02969849 1.142468 0.05899995 0.02205055 1.150116 0.05899995 0.02186405 1.149945 0.05899995 0.03440433 1.148076 0.05899995 0.02280116 1.151416 0.05899995 0.02285593 1.151663 0.05899995 0.0222215 1.194031 0.05899995 0.02969849 1.201865 0.05899995 0.02237552 1.19383 0.05899995 0.03217387 1.199164 0.05899995 0.02251142 1.193617 0.05899995 0.02166336 1.194542 0.05899995 0.02699702 1.204341 0.05899995 0.02186405 1.194388 0.05899995 0.02205055 1.194217 0.05899995 0.01924937 1.194968 0.05899995 0.0190081 1.194892 0.05899995 0.01877439 1.194795 0.05899995 0.01854997 1.189655 0.05899995 0.01877439 1.189538 0.05899995 0.0202527 1.195056 0.05899995 0.01999998 1.195067 0.05899995 0.02099996 1.20854 0.05899995 0.01974719 1.195056 0.05899995 -0.02122557 1.154795 0.05899995 -0.02144998 1.154678 0.05899995 -0.0171988 1.152917 0.05899995 -0.01727485 1.153159 0.05899995 -0.01737165 1.153392 0.05899995 -0.01999998 1.155067 0.05899995 0.01714402 1.15267 0.05899995 0.017111 1.152419 0.05899995 0.01709997 1.152167 0.05899995 0.017111 1.151914 0.05899995 0.01714402 1.151663 0.05899995 0.03637301 1.151167 0.05899995 0.02288895 1.151914 0.05899995 0.02289998 1.152167 0.05899995 0.03806489 1.154417 0.05899995 0.02288895 1.152419 0.05899995 0.02285593 1.15267 0.05899995 0.03946703 1.157802 0.05899995 -0.01087039 1.212736 0.05899995 -0.007293164 1.213529 0.05899995 -0.0036605 1.214007 0.05899995 0 1.214167 0.05899995 0.0036605 1.214007 0.05899995 0.007293164 1.213529 0.05899995 0.01087039 1.212736 0.05899995 0.01436483 1.211634 0.05899995 0.01774996 1.210232 0.05899995 0.01949638 1.195023 0.05899995 0.01748847 1.153617 0.05899995 0.01737165 1.153392 0.05899995 0.01727485 1.153159 0.05899995 0.0171988 1.152917 0.05899995 0.02251142 1.150717 0.05899995 0.02262824 1.150941 0.05899995 0.0227251 1.151175 0.05899995 0.02280116 1.152917 0.05899995 0.0227251 1.153159 0.05899995 0.04056888 1.161296 0.05899995 0.02262824 1.153392 0.05899995 0.04136192 1.164873 0.05899995 0.02251142 1.153617 0.05899995 0.04184013 1.168506 0.05899995 0.02237552 1.15383 0.05899995 0.04199999 1.172167 0.05899995 0.0222215 1.154031 0.05899995 0.02205055 1.154217 0.05899995 0.0202527 1.155056 0.05899995 0.02205055 1.190116 0.05899995 0.02050358 1.155023 0.05899995 0.02075052 1.154968 0.05899995 0.03637301 1.193167 0.05899995 0.03806489 1.189917 0.05899995 0.02288895 1.191914 0.05899995 0.02050358 1.195023 0.05899995 0.02409017 1.206571 0.05899995 0.02075052 1.194968 0.05899995 0.01777845 1.190303 0.05899995 0.01794934 1.190116 0.05899995 0.01748847 1.150717 0.05899995 0.01762443 1.150503 0.05899995 0.01777845 1.150303 0.05899995 0.01794934 1.150116 0.05899995 0.0181359 1.149945 0.05899995 0.01833659 1.149791 0.05899995 0.01854997 1.149655 0.05899995 0.01877439 1.149538 0.05899995 0.0190081 1.149442 0.05899995 0.01924937 1.149365 0.05899995 0.01949638 1.149311 0.05899995 0.01974719 1.149278 0.05899995 0.02099996 1.135794 0.05899995 0.02050358 1.189311 0.05899995 0.02075052 1.189365 0.05899995 0.02144998 1.189655 0.05899995 0.02166336 1.189791 0.05899995 0.02186405 1.189945 0.05899995 0.03946703 1.186532 0.05899995 0.02280116 1.191416 0.05899995 0.02285593 1.191663 0.05899995 0.02289998 1.192167 0.05899995 0.02288895 1.192419 0.05899995 0.03440433 1.196257 0.05899995 0.02285593 1.19267 0.05899995 0.02280116 1.192917 0.05899995 0.0227251 1.193158 0.05899995 0.02262824 1.193392 0.05899995 0.02144998 1.194678 0.05899995 0.02122557 1.194795 0.05899995 0.02099186 1.194892 0.05899995 0.01748847 1.193617 0.05899995 0.01737165 1.193392 0.05899995 0.01727485 1.193158 0.05899995 0.01714402 1.191663 0.05899995 0.017111 1.191914 0.05899995 0.01709997 1.192167 0.05899995 0.017111 1.192419 0.05899995 0.01714402 1.19267 0.05899995 0.0171988 1.192917 0.05899995 0.0181359 1.189945 0.05899995 0.01833659 1.189791 0.05899995 0.0190081 1.189442 0.05899995 0.01924937 1.189365 0.05899995 0.02166336 1.149791 0.05899995 0.02699702 1.139993 0.05899995 0.02144998 1.149655 0.05899995 0.02144998 1.154678 0.05899995 0.02122557 1.154795 0.05899995 0.02099186 1.154892 0.05899995 0.01999998 1.189267 0.05899995 0.0202527 1.189278 0.05899995 0.0222215 1.190303 0.05899995 0.02237552 1.190503 0.05899995 0.04136192 1.17946 0.05899995 0.02251142 1.190717 0.05899995 0.04056888 1.183037 0.05899995 0.02262824 1.190941 0.05899995 0.0227251 1.191175 0.05899995 0.0171988 1.191416 0.05899995 0.01727485 1.191175 0.05899995 0.01737165 1.190941 0.05899995 0.0171988 1.151416 0.05899995 0.01727485 1.151175 0.05899995 0.01737165 1.150941 0.05899995 0.01999998 1.149267 0.05899995 0.0202527 1.149278 0.05899995 0.02409017 1.137762 0.05899995 0.02050358 1.149311 0.05899995 0.02099186 1.189442 0.05899995 0.02122557 1.189538 0.05899995 0.01748847 1.190717 0.05899995 0.01762443 1.190503 0.05899995 0.02075052 1.149365 0.05899995 0.02099186 1.149442 0.05899995 0.02122557 1.149538 0.06859999 0.02512061 1.154554 0.06859999 0.02580034 1.154871 0.06859999 0.02489304 1.154992 0.06859999 0.02554255 1.155367 0.06859999 0.02462816 1.155407 0.06859999 0.02524256 1.155838 0.06859999 0.02432811 1.155798 0.06859999 0.02490264 1.15628 0.06859999 0.0239951 1.156162 0.06859999 0.02452546 1.156692 0.06859999 0.02363175 1.156495 0.06859999 0.02411383 1.157069 0.06859999 0.02324068 1.156795 0.06859999 0.02367085 1.157409 0.06859999 0.022825 1.15706 0.06859999 0.02319997 1.157709 0.06859999 0.02238774 1.157287 0.06859999 0.02270472 1.157967 0.06859999 0.02193236 1.157476 0.06859999 0.0221889 1.158181 0.06859999 0.02146232 1.157624 0.06859999 0.02165639 1.158349 0.06859999 0.02098107 1.157731 0.06859999 0.0211113 1.158469 0.06859999 0.02049243 1.157795 0.06859999 0.02055776 1.158542 0.06859999 0.01999998 1.157817 0.06859999 0.01999998 1.158567 0.06859999 0.01950752 1.157795 0.06859999 0.0194422 1.158542 0.06859999 0.01901888 1.157731 0.06859999 0.01888865 1.158469 0.06859999 0.01853764 1.157624 0.06859999 0.0183435 1.158349 0.06859999 0.01806753 1.157476 0.06859999 0.01781105 1.158181 0.06859999 0.01761215 1.157287 0.06859999 0.01729524 1.157967 0.06859999 0.01717495 1.15706 0.06859999 0.01679998 1.157709 0.06859999 0.01675927 1.156795 0.06859999 0.0163291 1.157409 0.06859999 0.01636821 1.156495 0.06859999 0.01588612 1.157069 0.06859999 0.0160048 1.156162 0.06859999 0.01547449 1.156692 0.06859999 0.01567184 1.155798 0.06859999 0.01509732 1.15628 0.06859999 0.01537173 1.155407 0.06859999 0.01475739 1.155838 0.06859999 0.01510691 1.154992 0.06859999 0.0144574 1.155367 0.06859999 0.01487934 1.154554 0.06859999 0.01419961 1.154871 0.06859999 0.01469069 1.154099 0.06859999 0.01398593 1.154356 0.06859999 0.01454252 1.153629 0.06859999 0.01381802 1.153823 0.06859999 0.01443582 1.153148 0.06859999 0.0136972 1.153278 0.06859999 0.01437145 1.152659 0.06859999 0.01362431 1.152724 0.06859999 0.01434999 1.152167 0.06859999 0.01359999 1.152167 0.06859999 0.01437145 1.151674 0.06859999 0.01362431 1.151609 0.06859999 0.01443582 1.151185 0.06859999 0.0136972 1.151055 0.06859999 0.01454252 1.150704 0.06859999 0.01381802 1.15051 0.06859999 0.01469069 1.150234 0.06859999 0.01398593 1.149978 0.06859999 0.01487934 1.149779 0.06859999 0.01419961 1.149462 0.06859999 0.01510691 1.149342 0.06859999 0.0144574 1.148967 0.06859999 0.01537173 1.148926 0.06859999 0.01475739 1.148496 0.06859999 0.01567184 1.148535 0.06859999 0.01509732 1.148053 0.06859999 0.0160048 1.148172 0.06859999 0.01547449 1.147641 0.06859999 0.01636821 1.147838 0.06859999 0.01588612 1.147264 0.06859999 0.01675927 1.147538 0.06859999 0.0163291 1.146924 0.06859999 0.01717495 1.147274 0.06859999 0.01679998 1.146624 0.06859999 0.01761215 1.147046 0.06859999 0.01729524 1.146366 0.06859999 0.01806753 1.146857 0.06859999 0.01781105 1.146153 0.06859999 0.01853764 1.146709 0.06859999 0.0183435 1.145985 0.06859999 0.01901888 1.146602 0.06859999 0.01888865 1.145864 0.06859999 0.01950752 1.146538 0.06859999 0.0194422 1.145791 0.06859999 0.01999998 1.146517 0.06859999 0.01999998 1.145767 0.06859999 0.02049243 1.146538 0.06859999 0.02055776 1.145791 0.06859999 0.02098107 1.146602 0.06859999 0.0211113 1.145864 0.06859999 0.02146232 1.146709 0.06859999 0.02165639 1.145985 0.06859999 0.02193236 1.146857 0.06859999 0.0221889 1.146153 0.06859999 0.02238774 1.147046 0.06859999 0.02270472 1.146366 0.06859999 0.022825 1.147274 0.06859999 0.02319997 1.146624 0.06859999 0.02324068 1.147538 0.06859999 0.02367085 1.146924 0.06859999 0.02363175 1.147838 0.06859999 0.02411383 1.147264 0.06859999 0.0239951 1.148172 0.06859999 0.02452546 1.147641 0.06859999 0.02432811 1.148535 0.06859999 0.02490264 1.148053 0.06859999 0.02462816 1.148926 0.06859999 0.02524256 1.148496 0.06859999 0.02489304 1.149342 0.06859999 0.02554255 1.148967 0.06859999 0.02512061 1.149779 0.06859999 0.02580034 1.149462 0.06859999 0.02530926 1.150234 0.06859999 0.02601402 1.149978 0.06859999 0.02545744 1.150704 0.06859999 0.02618187 1.15051 0.06859999 0.02556413 1.151185 0.06859999 0.02630275 1.151055 0.06859999 0.02562844 1.151674 0.06859999 0.02637565 1.151609 0.06859999 0.02564996 1.152167 0.06859999 0.02639997 1.152167 0.06859999 0.02562844 1.152659 0.06859999 0.02637565 1.152724 0.06859999 0.02556413 1.153148 0.06859999 0.02630275 1.153278 0.06859999 0.02545744 1.153629 0.06859999 0.02618187 1.153823 0.06859999 0.02530926 1.154099 0.06859999 0.02601402 1.154356 0.06814509 0.01516574 1.214534 0.06826937 0.01539087 1.214453 0.06199997 0.01539087 1.214453 0.06814509 -0.01516574 1.129799 0.06826937 -0.01539087 1.129881 0.06199997 -0.01539087 1.129881 0.06827199 -0.04497241 1.173742 0.06841963 -0.04496371 1.173973 0.06199997 -0.04482871 1.176089 0.06858694 -0.04495441 1.174191 0.06877261 -0.04494482 1.174394 0.06199997 -0.04499995 1.172167 0.06785297 -0.04499977 1.172304 0.06786197 -0.04499912 1.172441 0.06787687 -0.0449981 1.172578 0.06789785 -0.04499667 1.172714 0.06792461 -0.04499483 1.172848 0.06795734 -0.04499256 1.172982 0.06799584 -0.04499 1.173114 0.06803995 -0.04498708 1.173244 0.06808978 -0.0449838 1.173372 0.06814509 -0.04498028 1.173498 0.06820577 -0.04497647 1.173621 0.06897521 -0.04493522 1.17458 0.06919324 -0.04492592 1.174747 0.06942498 -0.04491722 1.174895 0.06954544 -0.04491317 1.174961 0.06966871 -0.04490929 1.175022 0.06979423 -0.04490578 1.175077 0.06992262 -0.0449025 1.175127 0.0700531 -0.04489958 1.175171 0.0701847 -0.04489701 1.175209 0.07031834 -0.04489475 1.175242 0.07045298 -0.0448929 1.175269 0.0705887 -0.04489147 1.17529 0.07072544 -0.0448904 1.175305 0.07086223 -0.0448898 1.175314 0.07099997 -0.04488956 1.175317 0.07113778 -0.0448898 1.175314 0.083 -0.04482871 1.176089 0.07127451 -0.0448904 1.175305 0.07141125 -0.04489147 1.17529 0.07154697 -0.0448929 1.175269 0.07168161 -0.04489475 1.175242 0.07181525 -0.04489701 1.175209 0.07194685 -0.04489958 1.175171 0.07207733 -0.0449025 1.175127 0.07220578 -0.04490578 1.175077 0.07233124 -0.04490929 1.175022 0.07245457 -0.04491317 1.174961 0.07257497 -0.04491722 1.174895 0.07280677 -0.04492592 1.174747 0.07302474 -0.04493522 1.17458 0.07322734 -0.04494482 1.174394 0.07341301 -0.04495441 1.174191 0.07358032 -0.04496371 1.173973 0.07372796 -0.04497241 1.173742 0.07379418 -0.04497647 1.173621 0.07385486 -0.04498028 1.173498 0.07391023 -0.0449838 1.173372 0.07396 -0.04498708 1.173244 0.07400411 -0.04499 1.173114 0.07404261 -0.04499256 1.172982 0.07407528 -0.04499483 1.172849 0.0741021 -0.04499667 1.172714 0.083 -0.04499995 1.172167 0.07412302 -0.0449981 1.172578 0.07413798 -0.04499912 1.172441 0.07372796 -0.04497241 1.170592 0.07358032 -0.04496371 1.17036 0.083 -0.04482871 1.168245 0.07341301 -0.04495441 1.170142 0.07322734 -0.04494482 1.169939 0.07414698 -0.04499977 1.172304 0.07414996 -0.04499995 1.172167 0.07414698 -0.04499977 1.172029 0.07413798 -0.04499912 1.171892 0.07412302 -0.0449981 1.171755 0.0741021 -0.04499667 1.17162 0.07407534 -0.04499483 1.171485 0.07404261 -0.04499256 1.171351 0.07400429 -0.04499 1.17122 0.07396 -0.04498708 1.171089 0.07391005 -0.0449838 1.170961 0.07385486 -0.04498028 1.170835 0.073794 -0.04497647 1.170712 0.07302474 -0.04493522 1.169754 0.07280677 -0.04492592 1.169586 0.07257497 -0.04491722 1.169439 0.07086288 -0.0448898 1.16902 0.07072544 -0.0448904 1.169029 0.06199997 -0.04482871 1.168245 0.07245427 -0.04491311 1.169372 0.07233124 -0.04490929 1.169312 0.07220542 -0.04490578 1.169256 0.07207733 -0.0449025 1.169207 0.07194745 -0.04489958 1.169162 0.07181525 -0.04489701 1.169124 0.07168167 -0.04489475 1.169091 0.07154697 -0.0448929 1.169064 0.07141089 -0.04489147 1.169044 0.07127451 -0.0448904 1.169029 0.07113742 -0.0448898 1.16902 0.07099997 -0.04488956 1.169017 0.07058858 -0.04489147 1.169044 0.07045298 -0.0448929 1.169064 0.07031798 -0.04489475 1.169091 0.0701847 -0.04489701 1.169124 0.0700528 -0.04489958 1.169162 0.06992262 -0.0449025 1.169207 0.06979483 -0.04490578 1.169256 0.06966871 -0.04490929 1.169312 0.06954514 -0.04491317 1.169373 0.06942498 -0.04491722 1.169439 0.06919324 -0.04492592 1.169586 0.06897521 -0.04493522 1.169754 0.06877261 -0.04494482 1.169939 0.06858694 -0.04495441 1.170142 0.06841963 -0.04496371 1.17036 0.06787699 -0.0449981 1.171755 0.06786197 -0.04499912 1.171892 0.06827199 -0.04497241 1.170592 0.06820607 -0.04497647 1.170712 0.06814509 -0.04498028 1.170835 0.0680896 -0.04498386 1.170961 0.06803995 -0.04498708 1.171089 0.06799572 -0.04499 1.171219 0.06795734 -0.04499256 1.171351 0.06792467 -0.04499483 1.171485 0.06789785 -0.04499667 1.17162 0.06785297 -0.04499977 1.17203 0.06784999 -0.04499995 1.172167 0.07322734 -0.03505188 1.143947 0.07302474 -0.03493499 1.143802 0.083 -0.03447198 1.143241 0.07372796 -0.03545767 1.144458 0.07358032 -0.03531438 1.144276 0.07341301 -0.03517872 1.144105 0.083 -0.03686183 1.146356 0.0741021 -0.03672456 1.146161 0.07412302 -0.03664582 1.14605 0.07413798 -0.03656643 1.145939 0.07414698 -0.03648644 1.145828 0.07414996 -0.03640574 1.145716 0.07412302 -0.03616249 1.145385 0.07413798 -0.03624367 1.145495 0.07414698 -0.03632456 1.145605 0.0741021 -0.03608155 1.145276 0.07407534 -0.0360009 1.145168 0.07404261 -0.03592056 1.145061 0.07400429 -0.0358411 1.144956 0.07396 -0.03576207 1.144852 0.07391005 -0.03568392 1.14475 0.07385486 -0.03560733 1.144651 0.073794 -0.03553175 1.144553 0.07280677 -0.03482913 1.143672 0.07257497 -0.03473532 1.143558 0.07245427 -0.03469312 1.143507 0.07233124 -0.03465437 1.14346 0.07220542 -0.03461891 1.143417 0.07207733 -0.03458702 1.143379 0.07194745 -0.03455871 1.143345 0.07181525 -0.03453397 1.143315 0.07168167 -0.03451299 1.14329 0.07154697 -0.03449571 1.14327 0.07141089 -0.03448224 1.143253 0.07127451 -0.03447264 1.143242 0.07257497 -0.03794223 1.147972 0.07280677 -0.03786253 1.147847 0.083 -0.03897112 1.149667 0.06827199 -0.03730916 1.147007 0.06841963 -0.03743839 1.147199 0.06199997 -0.03897112 1.149667 0.06858694 -0.03755903 1.147381 0.06877261 -0.03767031 1.147551 0.06803995 -0.03702855 1.146595 0.06808978 -0.0371012 1.146701 0.06789785 -0.03672456 1.146161 0.06794947 -0.03686183 1.146356 0.06199997 -0.03686183 1.146356 0.06795734 -0.036879 1.14638 0.06799584 -0.03695458 1.146489 0.06814509 -0.03717231 1.146805 0.06820577 -0.03724151 1.146907 0.06897521 -0.0377717 1.147707 0.06919324 -0.03786253 1.147847 0.06942498 -0.03794223 1.147972 0.06954544 -0.03797781 1.148028 0.06966871 -0.03801047 1.148079 0.06979423 -0.03804004 1.148126 0.06992262 -0.03806674 1.148168 0.0700531 -0.0380904 1.148206 0.0701847 -0.03811085 1.148238 0.07031834 -0.03812825 1.148266 0.07045298 -0.0381425 1.148289 0.0705887 -0.03815364 1.148307 0.07072544 -0.03816157 1.148319 0.07086223 -0.03816634 1.148327 0.07099997 -0.03816795 1.14833 0.07113778 -0.03816634 1.148327 0.07127451 -0.03816157 1.148319 0.07141125 -0.03815364 1.148307 0.07154697 -0.0381425 1.148289 0.07168161 -0.03812825 1.148266 0.07181525 -0.03811085 1.148238 0.07194685 -0.0380904 1.148206 0.07207733 -0.03806674 1.148168 0.07220578 -0.03804004 1.148126 0.07233124 -0.03801047 1.148079 0.07245457 -0.03797781 1.148028 0.07302474 -0.0377717 1.147707 0.07322734 -0.03767031 1.147551 0.07341301 -0.03755903 1.147381 0.07358032 -0.03743839 1.147199 0.07372796 -0.03730916 1.147007 0.07379418 -0.03724151 1.146907 0.07385486 -0.03717231 1.146805 0.07391023 -0.0371012 1.146701 0.07396 -0.03702855 1.146595 0.07400411 -0.03695458 1.146489 0.07404261 -0.036879 1.14638 0.07405048 -0.03686183 1.146356 0.06199997 -0.03447198 1.143241 0.07058858 -0.0344823 1.143254 0.07045298 -0.03449571 1.14327 0.07031798 -0.03451299 1.14329 0.0701847 -0.03453397 1.143315 0.0700528 -0.03455865 1.143345 0.06992262 -0.03458702 1.143379 0.06979483 -0.03461885 1.143417 0.06966871 -0.03465437 1.14346 0.06954514 -0.0346933 1.143507 0.06942498 -0.03473532 1.143558 0.06919324 -0.03482913 1.143672 0.06897521 -0.03493499 1.143802 0.06877261 -0.03505188 1.143947 0.06858694 -0.03517872 1.144105 0.06841963 -0.03531438 1.144276 0.06827199 -0.03545767 1.144458 0.06820607 -0.03553158 1.144553 0.06814509 -0.03560733 1.144651 0.0680896 -0.03568434 1.144751 0.06803995 -0.03576207 1.144852 0.06799572 -0.03584098 1.144956 0.06795734 -0.03592056 1.145061 0.06792467 -0.03600072 1.145168 0.06786197 -0.03624367 1.145495 0.06787699 -0.03616237 1.145385 0.06789785 -0.03608155 1.145276 0.06785297 -0.03632497 1.145606 0.06784999 -0.03640574 1.145716 0.06785297 -0.03648638 1.145828 0.06786197 -0.03656643 1.145939 0.06787687 -0.03664577 1.14605 0.07126247 -0.03447198 1.143241 0.07099997 -0.03446489 1.143233 0.06199997 -0.03181976 1.140347 0.07073748 -0.03447198 1.143241 0.07072544 -0.03447264 1.143242 0.07358032 -0.01217621 1.128845 0.07341301 -0.01196599 1.128787 0.083 -0.0116468 1.1287 0.07372796 -0.01239931 1.128909 0.07385486 -0.01516574 1.129799 0.07391023 -0.01504719 1.129757 0.083 -0.01539087 1.129881 0.07396 -0.01492637 1.129714 0.07400411 -0.01480376 1.129671 0.07404261 -0.01467883 1.129628 0.07407528 -0.01455271 1.129585 0.0741021 -0.01442492 1.129541 0.07412302 -0.01429611 1.129498 0.07413798 -0.01416659 1.129455 0.07413798 -0.01364439 1.129285 0.07412302 -0.01351404 1.129244 0.07414698 -0.01403653 1.129412 0.07414996 -0.01390576 1.129369 0.07414698 -0.01377463 1.129327 0.0741021 -0.01338452 1.129203 0.07407534 -0.01325589 1.129163 0.07404261 -0.0131281 1.129124 0.07400429 -0.01300215 1.129086 0.07396 -0.0128771 1.129048 0.07391005 -0.01275396 1.129012 0.07385486 -0.01263356 1.128976 0.073794 -0.01251506 1.128942 0.06841963 -0.01561284 1.129962 0.06858694 -0.01581734 1.130038 0.06199997 -0.01901781 1.131383 0.06877261 -0.01600706 1.13011 0.06897521 -0.01618069 1.130176 0.06827199 -0.0153951 1.129882 0.07257497 -0.0164746 1.130291 0.07280677 -0.01633691 1.130237 0.083 -0.01901781 1.131383 0.06919324 -0.01633691 1.130237 0.06942498 -0.0164746 1.130291 0.06954544 -0.01653623 1.130315 0.06966871 -0.01659286 1.130338 0.06979423 -0.01664429 1.130358 0.06992262 -0.01669079 1.130376 0.0700531 -0.01673197 1.130393 0.0701847 -0.01676768 1.130407 0.07031834 -0.01679807 1.130419 0.07045298 -0.01682299 1.130429 0.0705887 -0.01684242 1.130437 0.07072544 -0.01685631 1.130443 0.07086223 -0.01686465 1.130446 0.07099997 -0.01686745 1.130447 0.07113778 -0.01686465 1.130446 0.07127451 -0.01685631 1.130443 0.07141125 -0.01684236 1.130437 0.07154697 -0.01682299 1.130429 0.07168161 -0.01679807 1.130419 0.07181525 -0.01676768 1.130407 0.07194685 -0.01673197 1.130393 0.07207733 -0.01669079 1.130376 0.07220578 -0.01664429 1.130358 0.07233124 -0.01659286 1.130338 0.07245457 -0.01653617 1.130315 0.07302474 -0.01618069 1.130176 0.07322734 -0.01600706 1.13011 0.07341301 -0.01581734 1.130038 0.07358032 -0.01561284 1.129962 0.07372796 -0.0153951 1.129882 0.07373058 -0.01539087 1.129881 0.06877261 -0.0117703 1.128733 0.06858694 -0.01196599 1.128787 0.06199997 -0.0116468 1.1287 0.06841963 -0.01217621 1.128845 0.06827199 -0.01239931 1.128909 0.06820607 -0.01251482 1.128942 0.06814509 -0.01263356 1.128976 0.0680896 -0.01275461 1.129012 0.06803995 -0.0128771 1.129048 0.06799572 -0.01300185 1.129086 0.06795734 -0.0131281 1.129124 0.06792467 -0.01325553 1.129163 0.06789785 -0.01338452 1.129203 0.06787699 -0.0135138 1.129244 0.06786197 -0.01364439 1.129285 0.06785297 -0.01377528 1.129327 0.06784999 -0.01390576 1.129369 0.06785297 -0.01403641 1.129412 0.06786197 -0.01416659 1.129455 0.06787687 -0.01429599 1.129498 0.06789785 -0.01442492 1.129541 0.06792461 -0.01455235 1.129585 0.06795734 -0.01467883 1.129628 0.06799584 -0.01480376 1.129671 0.06803995 -0.01492637 1.129714 0.06808978 -0.01504719 1.129757 0.07322734 -0.0117703 1.128733 0.07308971 -0.01164501 1.1287 0.083 -0.007814168 1.12785 0.07302474 -0.01159077 1.128685 0.07280677 -0.01142883 1.128642 0.07257497 -0.01128572 1.128605 0.07245427 -0.01122146 1.128588 0.07233124 -0.01116257 1.128573 0.07220542 -0.01110881 1.128559 0.07207733 -0.01106047 1.128547 0.07194745 -0.01101762 1.128536 0.07181525 -0.01098018 1.128527 0.07168167 -0.01094841 1.128519 0.07154697 -0.01092237 1.128512 0.07141089 -0.01090198 1.128507 0.07127451 -0.01088744 1.128504 0.07113742 -0.01087874 1.128501 0.07099997 -0.01087582 1.128501 0.07086288 -0.01087868 1.128501 0.06199997 -0.007814168 1.12785 0.07072544 -0.01088744 1.128504 0.07058858 -0.01090204 1.128507 0.07045298 -0.01092237 1.128512 0.07031798 -0.01094847 1.128519 0.0701847 -0.01098018 1.128527 0.0700528 -0.0110175 1.128536 0.06992262 -0.01106047 1.128547 0.06979483 -0.01110869 1.128559 0.06966871 -0.01116257 1.128573 0.06954514 -0.01122176 1.128588 0.06942498 -0.01128572 1.128605 0.06919324 -0.01142883 1.128642 0.06897521 -0.01159077 1.128685 0.06891024 -0.01164501 1.1287 0.07322734 0.0117703 1.128733 0.07341301 0.01196599 1.128787 0.083 0.0116468 1.1287 0.07358032 0.01217621 1.128845 0.07372796 0.01239931 1.128909 0.07379418 0.01251542 1.128942 0.07385486 0.01263356 1.128976 0.07391023 0.01275432 1.129012 0.07396 0.0128771 1.129048 0.07400411 0.01300156 1.129086 0.07404261 0.0131281 1.129124 0.07407528 0.01325559 1.129163 0.0741021 0.01338452 1.129203 0.07412302 0.01351416 1.129244 0.07414996 0.01390576 1.129369 0.083 0.01539087 1.129881 0.07414698 0.01377481 1.129327 0.07413798 0.01364439 1.129285 0.07414698 0.01403671 1.129412 0.07413798 0.01416659 1.129455 0.07412302 0.01429629 1.129498 0.0741021 0.01442492 1.129541 0.07407534 0.01455241 1.129585 0.07404261 0.01467883 1.129628 0.07400429 0.01480317 1.129671 0.07396 0.01492637 1.129714 0.07391005 0.01504749 1.129757 0.06919324 0.01142883 1.128642 0.06942498 0.01128572 1.128605 0.06199997 0.007814168 1.12785 0.06954544 0.01122158 1.128588 0.06966871 0.01116257 1.128573 0.06979423 0.01110899 1.128559 0.06992262 0.01106047 1.128547 0.0700531 0.01101744 1.128536 0.0701847 0.01098018 1.128527 0.07031834 0.01094835 1.128519 0.07045298 0.01092237 1.128512 0.0705887 0.01090204 1.128507 0.07072544 0.01088744 1.128504 0.07086223 0.01087874 1.128501 0.07099997 0.01087582 1.128501 0.07113778 0.01087874 1.128501 0.07141125 0.01090204 1.128507 0.083 0.007814168 1.12785 0.07127451 0.01088744 1.128504 0.07154697 0.01092237 1.128512 0.07168161 0.01094835 1.128519 0.07181525 0.01098018 1.128527 0.07194685 0.01101744 1.128536 0.07207733 0.01106047 1.128547 0.07220578 0.01110899 1.128559 0.07233124 0.01116257 1.128573 0.07245457 0.01122164 1.128588 0.07257497 0.01128572 1.128605 0.07280677 0.01142883 1.128642 0.07302474 0.01159077 1.128685 0.07308971 0.01164501 1.1287 0.06841963 0.01217621 1.128845 0.06858694 0.01196599 1.128787 0.06199997 0.0116468 1.1287 0.06827199 0.01239931 1.128909 0.06814509 0.01516574 1.129799 0.0680896 0.01504689 1.129757 0.06199997 0.01539087 1.129881 0.06803995 0.01492637 1.129714 0.06799572 0.01480346 1.129671 0.06795734 0.01467883 1.129628 0.06792467 0.01455271 1.129585 0.06789785 0.01442492 1.129541 0.06787699 0.01429653 1.129498 0.06786197 0.01416659 1.129455 0.06786197 0.01364439 1.129285 0.06787687 0.01351433 1.129244 0.06785297 0.01403605 1.129412 0.06784999 0.01390576 1.129369 0.06785297 0.01377493 1.129327 0.06789785 0.01338452 1.129203 0.06792461 0.01325589 1.129163 0.06795734 0.0131281 1.129124 0.06799584 0.01300156 1.129086 0.06803995 0.0128771 1.129048 0.06808978 0.01275426 1.129012 0.06814509 0.01263356 1.128976 0.06820577 0.01251536 1.128942 0.06877261 0.0117703 1.128733 0.06891024 0.01164501 1.1287 0.06897521 0.01159077 1.128685 0.07302474 0.01618069 1.130176 0.07280677 0.01633691 1.130237 0.083 0.01901781 1.131383 0.07358032 0.01561284 1.129962 0.07341301 0.01581734 1.130038 0.07322734 0.01600706 1.13011 0.07385486 0.01516574 1.129799 0.07373058 0.01539087 1.129881 0.07372796 0.0153951 1.129882 0.07257497 0.0164746 1.130291 0.07245427 0.01653635 1.130315 0.07233124 0.01659286 1.130338 0.07220542 0.01664441 1.130358 0.07207733 0.01669079 1.130376 0.07194745 0.01673179 1.130393 0.07181525 0.01676768 1.130407 0.07168167 0.01679807 1.130419 0.07154697 0.01682299 1.130429 0.07099997 0.01686745 1.130447 0.07086288 0.01686465 1.130446 0.06199997 0.01901781 1.131383 0.07141089 0.01684242 1.130437 0.07127451 0.01685631 1.130443 0.07113742 0.01686465 1.130446 0.07072544 0.01685631 1.130443 0.07058858 0.01684236 1.130437 0.07045298 0.01682299 1.130429 0.07031798 0.01679801 1.130419 0.0701847 0.01676768 1.130407 0.0700528 0.01673191 1.130393 0.06992262 0.01669079 1.130376 0.06979483 0.01664453 1.130358 0.06966871 0.01659286 1.130338 0.06954514 0.01653605 1.130315 0.06942498 0.0164746 1.130291 0.06919324 0.01633691 1.130237 0.06897521 0.01618069 1.130176 0.06877261 0.01600706 1.13011 0.06858694 0.01581734 1.130038 0.06841963 0.01561284 1.129962 0.06827199 0.0153951 1.129882 0.06826937 0.01539087 1.129881 0.07127451 0.03447264 1.143242 0.07141125 0.0344823 1.143254 0.083 0.03447198 1.143241 0.07154697 0.03449571 1.14327 0.07168161 0.03451299 1.14329 0.07181525 0.03453397 1.143315 0.07194685 0.03455859 1.143345 0.07207733 0.03458702 1.143379 0.07220578 0.03461903 1.143417 0.07233124 0.03465437 1.14346 0.07245457 0.03469318 1.143507 0.07257497 0.03473532 1.143558 0.07280677 0.03482913 1.143672 0.07302474 0.03493499 1.143802 0.07322734 0.03505188 1.143947 0.07341301 0.03517872 1.144105 0.07414698 0.03632467 1.145605 0.07414996 0.03640574 1.145716 0.083 0.03686183 1.146356 0.07358032 0.03531438 1.144276 0.07372796 0.03545767 1.144458 0.07379418 0.03553193 1.144554 0.07385486 0.03560733 1.144651 0.07391023 0.03568416 1.144751 0.07396 0.03576207 1.144852 0.07400411 0.03584074 1.144956 0.07404261 0.03592056 1.145061 0.07407528 0.03600072 1.145168 0.0741021 0.03608155 1.145276 0.07412302 0.03616261 1.145385 0.07413798 0.03624367 1.145495 0.07414698 0.03648656 1.145828 0.07413798 0.03656643 1.145939 0.07412302 0.03664594 1.14605 0.06827199 0.03545767 1.144458 0.06841963 0.03531438 1.144276 0.06199997 0.03447198 1.143241 0.06858694 0.03517872 1.144105 0.06877261 0.03505188 1.143947 0.06794947 0.03686183 1.146356 0.06789785 0.03672456 1.146161 0.06199997 0.03686183 1.146356 0.06787699 0.03664606 1.14605 0.06786197 0.03656643 1.145939 0.06785297 0.03648614 1.145827 0.06784999 0.03640574 1.145716 0.06787687 0.03616267 1.145385 0.06786197 0.03624367 1.145495 0.06785297 0.03632479 1.145605 0.06789785 0.03608155 1.145276 0.06792461 0.0360009 1.145168 0.06795734 0.03592056 1.145061 0.06799584 0.03584074 1.144956 0.06803995 0.03576207 1.144852 0.06808978 0.0356841 1.144751 0.06814509 0.03560733 1.144651 0.06820577 0.03553193 1.144554 0.06897521 0.03493499 1.143802 0.06919324 0.03482913 1.143672 0.06942498 0.03473532 1.143558 0.06954544 0.03469318 1.143507 0.06966871 0.03465437 1.14346 0.06979423 0.03461903 1.143417 0.06992262 0.03458702 1.143379 0.0700531 0.03455865 1.143345 0.0701847 0.03453397 1.143315 0.07031834 0.03451299 1.14329 0.07045298 0.03449571 1.14327 0.0705887 0.0344823 1.143254 0.07072544 0.03447264 1.143242 0.07073748 0.03447198 1.143241 0.06199997 0.03181976 1.140347 0.07099997 0.03446489 1.143233 0.07126247 0.03447198 1.143241 0.07372796 0.03730916 1.147007 0.07358032 0.03743839 1.147199 0.083 0.03897112 1.149667 0.07341301 0.03755903 1.147381 0.07322734 0.03767031 1.147551 0.0741021 0.03672456 1.146161 0.07405048 0.03686183 1.146356 0.07404261 0.036879 1.14638 0.07400429 0.03695422 1.146488 0.07396 0.03702855 1.146595 0.07391005 0.03710138 1.146701 0.07385486 0.03717231 1.146805 0.073794 0.03724169 1.146907 0.07302474 0.0377717 1.147707 0.07280677 0.03786253 1.147847 0.07257497 0.03794223 1.147972 0.07245427 0.03797787 1.148028 0.07233124 0.03801047 1.148079 0.07220542 0.0380401 1.148126 0.07207733 0.03806674 1.148168 0.07194745 0.03809028 1.148206 0.07181525 0.03811085 1.148238 0.07168167 0.03812825 1.148266 0.07154697 0.0381425 1.148289 0.07141089 0.03815364 1.148307 0.07127451 0.03816157 1.148319 0.07113742 0.03816634 1.148327 0.07099997 0.03816795 1.14833 0.07086288 0.0381664 1.148327 0.07072544 0.03816157 1.148319 0.06199997 0.03897112 1.149667 0.07058858 0.03815364 1.148307 0.07045298 0.0381425 1.148289 0.07031798 0.03812825 1.148266 0.0701847 0.03811085 1.148238 0.0700528 0.03809034 1.148206 0.06992262 0.03806674 1.148168 0.06979483 0.03804016 1.148126 0.06966871 0.03801047 1.148079 0.06954514 0.03797775 1.148028 0.06942498 0.03794223 1.147972 0.06919324 0.03786253 1.147847 0.06897521 0.0377717 1.147707 0.06877261 0.03767031 1.147551 0.06858694 0.03755903 1.147381 0.06841963 0.03743839 1.147199 0.06827199 0.03730916 1.147007 0.06820607 0.03724187 1.146907 0.06814509 0.03717231 1.146805 0.0680896 0.03710103 1.146701 0.06803995 0.03702855 1.146595 0.06799572 0.0369544 1.146488 0.06795734 0.036879 1.14638 0.06827199 0.04497241 1.170592 0.06841963 0.04496371 1.17036 0.06199997 0.04482871 1.168245 0.06858694 0.04495441 1.170142 0.06877261 0.04494482 1.169939 0.06199997 0.04499995 1.172167 0.06785297 0.04499977 1.172029 0.06786197 0.04499912 1.171892 0.06787687 0.0449981 1.171756 0.06789785 0.04499667 1.17162 0.06792461 0.04499483 1.171485 0.06795734 0.04499256 1.171351 0.06799584 0.04499 1.171219 0.06803995 0.04498708 1.171089 0.06808978 0.0449838 1.170961 0.06814509 0.04498028 1.170835 0.06820577 0.04497647 1.170712 0.06897521 0.04493522 1.169754 0.06919324 0.04492592 1.169586 0.06942498 0.04491722 1.169439 0.06954544 0.04491317 1.169373 0.06966871 0.04490929 1.169312 0.06979423 0.04490578 1.169257 0.06992262 0.0449025 1.169207 0.0700531 0.04489958 1.169162 0.0701847 0.04489701 1.169124 0.07031834 0.04489475 1.169091 0.07045298 0.0448929 1.169064 0.0705887 0.04489147 1.169044 0.07072544 0.0448904 1.169029 0.07086223 0.0448898 1.16902 0.07099997 0.04488956 1.169017 0.07113778 0.0448898 1.16902 0.083 0.04482871 1.168245 0.07127451 0.0448904 1.169029 0.07141125 0.04489147 1.169044 0.07154697 0.0448929 1.169064 0.07168161 0.04489475 1.169091 0.07181525 0.04489701 1.169124 0.07194685 0.04489958 1.169162 0.07207733 0.0449025 1.169207 0.07220578 0.04490578 1.169257 0.07233124 0.04490929 1.169312 0.07245457 0.04491317 1.169373 0.07257497 0.04491722 1.169439 0.07280677 0.04492592 1.169586 0.07302474 0.04493522 1.169754 0.07322734 0.04494482 1.169939 0.07341301 0.04495441 1.170142 0.07358032 0.04496371 1.17036 0.07372796 0.04497241 1.170592 0.07379418 0.04497647 1.170712 0.07385486 0.04498028 1.170835 0.07391023 0.0449838 1.170961 0.07396 0.04498708 1.171089 0.07400411 0.04499 1.171219 0.07404261 0.04499256 1.171351 0.07407528 0.04499483 1.171485 0.0741021 0.04499667 1.17162 0.083 0.04499995 1.172167 0.07412302 0.0449981 1.171756 0.07413798 0.04499912 1.171892 0.07372796 0.04497241 1.173742 0.07358032 0.04496371 1.173973 0.083 0.04482871 1.176089 0.07341301 0.04495441 1.174191 0.07322734 0.04494482 1.174394 0.07414698 0.04499977 1.172029 0.07414996 0.04499995 1.172167 0.07414698 0.04499977 1.172304 0.07413798 0.04499912 1.172441 0.07412302 0.0449981 1.172578 0.0741021 0.04499667 1.172714 0.07407534 0.04499483 1.172848 0.07404261 0.04499256 1.172982 0.07400429 0.04499 1.173114 0.07396 0.04498708 1.173244 0.07391005 0.0449838 1.173372 0.07385486 0.04498028 1.173498 0.073794 0.04497647 1.173621 0.07302474 0.04493522 1.17458 0.07280677 0.04492592 1.174747 0.07257497 0.04491722 1.174895 0.07086288 0.0448898 1.175314 0.07072544 0.0448904 1.175305 0.06199997 0.04482871 1.176089 0.07245427 0.04491311 1.174961 0.07233124 0.04490929 1.175022 0.07220542 0.04490578 1.175077 0.07207733 0.0449025 1.175127 0.07194745 0.04489958 1.175171 0.07181525 0.04489701 1.175209 0.07168167 0.04489475 1.175242 0.07154697 0.0448929 1.175269 0.07141089 0.04489147 1.17529 0.07127451 0.0448904 1.175305 0.07113742 0.0448898 1.175314 0.07099997 0.04488956 1.175317 0.07058858 0.04489147 1.17529 0.07045298 0.0448929 1.175269 0.07031798 0.04489475 1.175242 0.0701847 0.04489701 1.175209 0.0700528 0.04489958 1.175171 0.06992262 0.0449025 1.175127 0.06979483 0.04490578 1.175077 0.06966871 0.04490929 1.175022 0.06954514 0.04491317 1.174961 0.06942498 0.04491722 1.174895 0.06919324 0.04492592 1.174747 0.06897521 0.04493522 1.17458 0.06877261 0.04494482 1.174394 0.06858694 0.04495441 1.174191 0.06841963 0.04496371 1.173973 0.06787699 0.0449981 1.172578 0.06786197 0.04499912 1.172441 0.06827199 0.04497241 1.173742 0.06820607 0.04497647 1.173622 0.06814509 0.04498028 1.173498 0.0680896 0.04498386 1.173372 0.06803995 0.04498708 1.173244 0.06799572 0.04499 1.173114 0.06795734 0.04499256 1.172982 0.06792467 0.04499483 1.172849 0.06789785 0.04499667 1.172714 0.06785297 0.04499977 1.172304 0.06784999 0.04499995 1.172167 0.07322734 0.03505188 1.200387 0.07302474 0.03493499 1.200531 0.083 0.03447198 1.201092 0.07372796 0.03545767 1.199875 0.07358032 0.03531438 1.200057 0.07341301 0.03517872 1.200228 0.083 0.03686183 1.197978 0.0741021 0.03672456 1.198173 0.07412302 0.03664582 1.198283 0.07413798 0.03656643 1.198394 0.07414698 0.03648644 1.198505 0.07414996 0.03640574 1.198617 0.07412302 0.03616249 1.198949 0.07413798 0.03624367 1.198839 0.07414698 0.03632456 1.198728 0.0741021 0.03608155 1.199058 0.07407534 0.0360009 1.199165 0.07404261 0.03592056 1.199272 0.07400429 0.0358411 1.199377 0.07396 0.03576207 1.199481 0.07391005 0.03568392 1.199583 0.07385486 0.03560733 1.199682 0.073794 0.03553175 1.19978 0.07280677 0.03482913 1.200661 0.07257497 0.03473532 1.200775 0.07245427 0.03469312 1.200827 0.07233124 0.03465437 1.200873 0.07220542 0.03461891 1.200916 0.07207733 0.03458702 1.200954 0.07194745 0.03455871 1.200988 0.07181525 0.03453397 1.201018 0.07168167 0.03451299 1.201043 0.07154697 0.03449571 1.201064 0.07141089 0.03448224 1.20108 0.07127451 0.03447264 1.201091 0.06827199 0.03730916 1.197327 0.06841963 0.03743839 1.197134 0.06199997 0.03897112 1.194667 0.06858694 0.03755903 1.196952 0.06877261 0.03767031 1.196783 0.06803995 0.03702855 1.197738 0.06808978 0.0371012 1.197632 0.06789785 0.03672456 1.198173 0.06794947 0.03686183 1.197978 0.06199997 0.03686183 1.197978 0.06795734 0.036879 1.197953 0.06799584 0.03695458 1.197845 0.06814509 0.03717231 1.197528 0.06820577 0.03724151 1.197427 0.07257497 0.03794223 1.196361 0.07280677 0.03786253 1.196486 0.083 0.03897112 1.194667 0.06897521 0.0377717 1.196627 0.06919324 0.03786253 1.196486 0.06942498 0.03794223 1.196361 0.06954544 0.03797781 1.196305 0.06966871 0.03801047 1.196254 0.06979423 0.03804004 1.196207 0.06992262 0.03806674 1.196165 0.0700531 0.0380904 1.196127 0.0701847 0.03811085 1.196095 0.07031834 0.03812825 1.196067 0.07045298 0.0381425 1.196044 0.0705887 0.03815364 1.196027 0.07072544 0.03816157 1.196014 0.07086223 0.03816634 1.196006 0.07099997 0.03816795 1.196004 0.07113778 0.03816634 1.196006 0.07127451 0.03816157 1.196014 0.07141125 0.03815364 1.196027 0.07154697 0.0381425 1.196044 0.07168161 0.03812825 1.196067 0.07181525 0.03811085 1.196095 0.07194685 0.0380904 1.196127 0.07207733 0.03806674 1.196165 0.07220578 0.03804004 1.196207 0.07233124 0.03801047 1.196254 0.07245457 0.03797781 1.196305 0.07302474 0.0377717 1.196627 0.07322734 0.03767031 1.196783 0.07341301 0.03755903 1.196952 0.07358032 0.03743839 1.197134 0.07372796 0.03730916 1.197327 0.07379418 0.03724151 1.197427 0.07385486 0.03717231 1.197528 0.07391023 0.0371012 1.197632 0.07396 0.03702855 1.197738 0.07400411 0.03695458 1.197845 0.07404261 0.036879 1.197953 0.07405048 0.03686183 1.197978 0.06199997 0.03447198 1.201092 0.07058858 0.0344823 1.20108 0.07045298 0.03449571 1.201064 0.07031798 0.03451299 1.201043 0.0701847 0.03453397 1.201018 0.0700528 0.03455865 1.200988 0.06992262 0.03458702 1.200954 0.06979483 0.03461885 1.200916 0.06966871 0.03465437 1.200873 0.06954514 0.0346933 1.200826 0.06942498 0.03473532 1.200775 0.06919324 0.03482913 1.200661 0.06897521 0.03493499 1.200531 0.06877261 0.03505188 1.200387 0.06858694 0.03517872 1.200228 0.06841963 0.03531438 1.200057 0.06827199 0.03545767 1.199875 0.06820607 0.03553158 1.19978 0.06814509 0.03560733 1.199682 0.0680896 0.03568434 1.199582 0.06803995 0.03576207 1.199481 0.06799572 0.03584098 1.199377 0.06795734 0.03592056 1.199272 0.06792467 0.03600072 1.199166 0.06786197 0.03624367 1.198839 0.06787699 0.03616237 1.198949 0.06789785 0.03608155 1.199058 0.06785297 0.03632497 1.198728 0.06784999 0.03640574 1.198617 0.06785297 0.03648638 1.198506 0.06786197 0.03656643 1.198394 0.06787687 0.03664577 1.198283 0.07126247 0.03447198 1.201092 0.07099997 0.03446489 1.2011 0.06199997 0.03181976 1.203987 0.07073748 0.03447198 1.201092 0.07072544 0.03447264 1.201091 0.07358032 0.01217621 1.215488 0.07341301 0.01196599 1.215547 0.083 0.0116468 1.215633 0.07372796 0.01239931 1.215425 0.07385486 0.01516574 1.214534 0.07391023 0.01504719 1.214576 0.083 0.01539087 1.214453 0.07396 0.01492637 1.214619 0.07400411 0.01480376 1.214662 0.07404261 0.01467883 1.214705 0.07407528 0.01455271 1.214749 0.0741021 0.01442492 1.214792 0.07412302 0.01429611 1.214835 0.07413798 0.01416659 1.214879 0.07413798 0.01364439 1.215048 0.07412302 0.01351404 1.21509 0.07414698 0.01403653 1.214921 0.07414996 0.01390576 1.214964 0.07414698 0.01377463 1.215007 0.0741021 0.01338452 1.21513 0.07407534 0.01325589 1.21517 0.07404261 0.0131281 1.215209 0.07400429 0.01300215 1.215247 0.07396 0.0128771 1.215285 0.07391005 0.01275396 1.215321 0.07385486 0.01263356 1.215357 0.073794 0.01251506 1.215391 0.07257497 0.0164746 1.214043 0.07280677 0.01633691 1.214096 0.083 0.01901781 1.21295 0.06841963 0.01561284 1.214371 0.06858694 0.01581734 1.214295 0.06199997 0.01901781 1.21295 0.06877261 0.01600706 1.214223 0.06897521 0.01618069 1.214157 0.06827199 0.0153951 1.214451 0.06919324 0.01633691 1.214096 0.06942498 0.0164746 1.214043 0.06954544 0.01653623 1.214018 0.06966871 0.01659286 1.213996 0.06979423 0.01664429 1.213975 0.06992262 0.01669079 1.213957 0.0700531 0.01673197 1.21394 0.0701847 0.01676768 1.213926 0.07031834 0.01679807 1.213914 0.07045298 0.01682299 1.213904 0.0705887 0.01684242 1.213896 0.07072544 0.01685631 1.21389 0.07086223 0.01686465 1.213887 0.07099997 0.01686745 1.213886 0.07113778 0.01686465 1.213887 0.07127451 0.01685631 1.21389 0.07141125 0.01684236 1.213896 0.07154697 0.01682299 1.213904 0.07168161 0.01679807 1.213914 0.07181525 0.01676768 1.213926 0.07194685 0.01673197 1.21394 0.07207733 0.01669079 1.213957 0.07220578 0.01664429 1.213975 0.07233124 0.01659286 1.213996 0.07245457 0.01653617 1.214018 0.07302474 0.01618069 1.214157 0.07322734 0.01600706 1.214223 0.07341301 0.01581734 1.214295 0.07358032 0.01561284 1.214371 0.07372796 0.0153951 1.214451 0.07373058 0.01539087 1.214453 0.06877261 0.0117703 1.2156 0.06858694 0.01196599 1.215547 0.06199997 0.0116468 1.215633 0.06841963 0.01217621 1.215488 0.06827199 0.01239931 1.215425 0.06820607 0.01251482 1.215391 0.06814509 0.01263356 1.215357 0.0680896 0.01275461 1.215321 0.06803995 0.0128771 1.215285 0.06799572 0.01300185 1.215247 0.06795734 0.0131281 1.215209 0.06792467 0.01325553 1.21517 0.06789785 0.01338452 1.21513 0.06787699 0.0135138 1.21509 0.06786197 0.01364439 1.215048 0.06785297 0.01377528 1.215006 0.06784999 0.01390576 1.214964 0.06785297 0.01403641 1.214922 0.06786197 0.01416659 1.214879 0.06787687 0.01429599 1.214835 0.06789785 0.01442492 1.214792 0.06792461 0.01455235 1.214749 0.06795734 0.01467883 1.214705 0.06799584 0.01480376 1.214662 0.06803995 0.01492637 1.214619 0.06808978 0.01504719 1.214576 0.07322734 0.0117703 1.2156 0.07308971 0.01164501 1.215634 0.083 0.007814168 1.216483 0.07302474 0.01159077 1.215648 0.07280677 0.01142883 1.215691 0.07257497 0.01128572 1.215728 0.07245427 0.01122146 1.215745 0.07233124 0.01116257 1.21576 0.07220542 0.01110881 1.215774 0.07207733 0.01106047 1.215786 0.07194745 0.01101762 1.215797 0.07181525 0.01098018 1.215806 0.07168167 0.01094841 1.215814 0.07154697 0.01092237 1.215821 0.07141089 0.01090198 1.215826 0.07127451 0.01088744 1.21583 0.07113742 0.01087874 1.215832 0.07099997 0.01087582 1.215833 0.07086288 0.01087868 1.215832 0.06199997 0.007814168 1.216483 0.07072544 0.01088744 1.21583 0.07058858 0.01090204 1.215826 0.07045298 0.01092237 1.215821 0.07031798 0.01094847 1.215814 0.0701847 0.01098018 1.215806 0.0700528 0.0110175 1.215797 0.06992262 0.01106047 1.215786 0.06979483 0.01110869 1.215774 0.06966871 0.01116257 1.21576 0.06954514 0.01122176 1.215745 0.06942498 0.01128572 1.215728 0.06919324 0.01142883 1.215691 0.06897521 0.01159077 1.215648 0.06891024 0.01164501 1.215634 0.07322734 -0.0117703 1.2156 0.07341301 -0.01196599 1.215547 0.083 -0.0116468 1.215633 0.07358032 -0.01217621 1.215488 0.07372796 -0.01239931 1.215425 0.07379418 -0.01251542 1.215391 0.07385486 -0.01263356 1.215357 0.07391023 -0.01275432 1.215321 0.07396 -0.0128771 1.215285 0.07400411 -0.01300156 1.215247 0.07404261 -0.0131281 1.215209 0.07407528 -0.01325559 1.21517 0.0741021 -0.01338452 1.21513 0.07412302 -0.01351416 1.215089 0.07414996 -0.01390576 1.214964 0.083 -0.01539087 1.214453 0.07414698 -0.01377481 1.215006 0.07413798 -0.01364439 1.215048 0.07414698 -0.01403671 1.214921 0.07413798 -0.01416659 1.214879 0.07412302 -0.01429629 1.214835 0.0741021 -0.01442492 1.214792 0.07407534 -0.01455241 1.214749 0.07404261 -0.01467883 1.214705 0.07400429 -0.01480317 1.214662 0.07396 -0.01492637 1.214619 0.07391005 -0.01504749 1.214576 0.06919324 -0.01142883 1.215691 0.06942498 -0.01128572 1.215728 0.06199997 -0.007814168 1.216483 0.06954544 -0.01122158 1.215745 0.06966871 -0.01116257 1.21576 0.06979423 -0.01110899 1.215774 0.06992262 -0.01106047 1.215786 0.0700531 -0.01101744 1.215797 0.0701847 -0.01098018 1.215806 0.07031834 -0.01094835 1.215814 0.07045298 -0.01092237 1.215821 0.0705887 -0.01090204 1.215826 0.07072544 -0.01088744 1.21583 0.07086223 -0.01087874 1.215832 0.07099997 -0.01087582 1.215833 0.07113778 -0.01087874 1.215832 0.07141125 -0.01090204 1.215826 0.083 -0.007814168 1.216483 0.07127451 -0.01088744 1.21583 0.07154697 -0.01092237 1.215821 0.07168161 -0.01094835 1.215814 0.07181525 -0.01098018 1.215806 0.07194685 -0.01101744 1.215797 0.07207733 -0.01106047 1.215786 0.07220578 -0.01110899 1.215774 0.07233124 -0.01116257 1.21576 0.07245457 -0.01122164 1.215745 0.07257497 -0.01128572 1.215728 0.07280677 -0.01142883 1.215691 0.07302474 -0.01159077 1.215648 0.07308971 -0.01164501 1.215634 0.06841963 -0.01217621 1.215488 0.06858694 -0.01196599 1.215547 0.06199997 -0.0116468 1.215633 0.06827199 -0.01239931 1.215425 0.06814509 -0.01516574 1.214534 0.0680896 -0.01504689 1.214576 0.06199997 -0.01539087 1.214453 0.06803995 -0.01492637 1.214619 0.06799572 -0.01480346 1.214662 0.06795734 -0.01467883 1.214705 0.06792467 -0.01455271 1.214748 0.06789785 -0.01442492 1.214792 0.06787699 -0.01429653 1.214835 0.06786197 -0.01416659 1.214879 0.06786197 -0.01364439 1.215048 0.06787687 -0.01351433 1.215089 0.06785297 -0.01403605 1.214922 0.06784999 -0.01390576 1.214964 0.06785297 -0.01377493 1.215006 0.06789785 -0.01338452 1.21513 0.06792461 -0.01325589 1.21517 0.06795734 -0.0131281 1.215209 0.06799584 -0.01300156 1.215247 0.06803995 -0.0128771 1.215285 0.06808978 -0.01275426 1.215321 0.06814509 -0.01263356 1.215357 0.06820577 -0.01251536 1.215391 0.06877261 -0.0117703 1.2156 0.06891024 -0.01164501 1.215634 0.06897521 -0.01159077 1.215648 0.07302474 -0.01618069 1.214157 0.07280677 -0.01633691 1.214096 0.083 -0.01901781 1.21295 0.07358032 -0.01561284 1.214371 0.07341301 -0.01581734 1.214295 0.07322734 -0.01600706 1.214223 0.07385486 -0.01516574 1.214534 0.07373058 -0.01539087 1.214453 0.07372796 -0.0153951 1.214451 0.07257497 -0.0164746 1.214043 0.07245427 -0.01653635 1.214018 0.07233124 -0.01659286 1.213996 0.07220542 -0.01664441 1.213975 0.07207733 -0.01669079 1.213957 0.07194745 -0.01673179 1.21394 0.07181525 -0.01676768 1.213926 0.07168167 -0.01679807 1.213914 0.07154697 -0.01682299 1.213904 0.07099997 -0.01686745 1.213886 0.07086288 -0.01686465 1.213887 0.06199997 -0.01901781 1.21295 0.07141089 -0.01684242 1.213896 0.07127451 -0.01685631 1.21389 0.07113742 -0.01686465 1.213887 0.07072544 -0.01685631 1.21389 0.07058858 -0.01684236 1.213896 0.07045298 -0.01682299 1.213904 0.07031798 -0.01679801 1.213914 0.0701847 -0.01676768 1.213926 0.0700528 -0.01673191 1.21394 0.06992262 -0.01669079 1.213957 0.06979483 -0.01664453 1.213975 0.06966871 -0.01659286 1.213996 0.06954514 -0.01653605 1.214018 0.06942498 -0.0164746 1.214043 0.06919324 -0.01633691 1.214096 0.06897521 -0.01618069 1.214157 0.06877261 -0.01600706 1.214223 0.06858694 -0.01581734 1.214295 0.06841963 -0.01561284 1.214371 0.06827199 -0.0153951 1.214451 0.06826937 -0.01539087 1.214453 0.07127451 -0.03447264 1.201091 0.07141125 -0.0344823 1.20108 0.083 -0.03447198 1.201092 0.07154697 -0.03449571 1.201064 0.07168161 -0.03451299 1.201043 0.07181525 -0.03453397 1.201018 0.07194685 -0.03455859 1.200989 0.07207733 -0.03458702 1.200954 0.07220578 -0.03461903 1.200916 0.07233124 -0.03465437 1.200873 0.07245457 -0.03469318 1.200826 0.07257497 -0.03473532 1.200775 0.07280677 -0.03482913 1.200661 0.07302474 -0.03493499 1.200531 0.07322734 -0.03505188 1.200387 0.07341301 -0.03517872 1.200228 0.07414698 -0.03632467 1.198728 0.07414996 -0.03640574 1.198617 0.083 -0.03686183 1.197978 0.07358032 -0.03531438 1.200057 0.07372796 -0.03545767 1.199875 0.07379418 -0.03553193 1.19978 0.07385486 -0.03560733 1.199682 0.07391023 -0.03568416 1.199583 0.07396 -0.03576207 1.199481 0.07400411 -0.03584074 1.199378 0.07404261 -0.03592056 1.199272 0.07407528 -0.03600072 1.199166 0.0741021 -0.03608155 1.199058 0.07412302 -0.03616261 1.198948 0.07413798 -0.03624367 1.198839 0.07414698 -0.03648656 1.198505 0.07413798 -0.03656643 1.198394 0.07412302 -0.03664594 1.198283 0.06827199 -0.03545767 1.199875 0.06841963 -0.03531438 1.200057 0.06199997 -0.03447198 1.201092 0.06858694 -0.03517872 1.200228 0.06877261 -0.03505188 1.200387 0.06794947 -0.03686183 1.197978 0.06789785 -0.03672456 1.198173 0.06199997 -0.03686183 1.197978 0.06787699 -0.03664606 1.198283 0.06786197 -0.03656643 1.198394 0.06785297 -0.03648614 1.198506 0.06784999 -0.03640574 1.198617 0.06787687 -0.03616267 1.198948 0.06786197 -0.03624367 1.198839 0.06785297 -0.03632479 1.198728 0.06789785 -0.03608155 1.199058 0.06792461 -0.0360009 1.199165 0.06795734 -0.03592056 1.199272 0.06799584 -0.03584074 1.199378 0.06803995 -0.03576207 1.199481 0.06808978 -0.0356841 1.199583 0.06814509 -0.03560733 1.199682 0.06820577 -0.03553193 1.19978 0.06897521 -0.03493499 1.200531 0.06919324 -0.03482913 1.200661 0.06942498 -0.03473532 1.200775 0.06954544 -0.03469318 1.200826 0.06966871 -0.03465437 1.200873 0.06979423 -0.03461903 1.200916 0.06992262 -0.03458702 1.200954 0.0700531 -0.03455865 1.200989 0.0701847 -0.03453397 1.201018 0.07031834 -0.03451299 1.201043 0.07045298 -0.03449571 1.201064 0.0705887 -0.0344823 1.20108 0.07072544 -0.03447264 1.201091 0.07073748 -0.03447198 1.201092 0.06199997 -0.03181976 1.203987 0.07099997 -0.03446489 1.2011 0.07126247 -0.03447198 1.201092 0.07372796 -0.03730916 1.197327 0.07358032 -0.03743839 1.197134 0.083 -0.03897112 1.194667 0.07341301 -0.03755903 1.196952 0.07322734 -0.03767031 1.196783 0.0741021 -0.03672456 1.198173 0.07405048 -0.03686183 1.197978 0.07404261 -0.036879 1.197953 0.07400429 -0.03695422 1.197845 0.07396 -0.03702855 1.197738 0.07391005 -0.03710138 1.197632 0.07385486 -0.03717231 1.197528 0.073794 -0.03724169 1.197426 0.07302474 -0.0377717 1.196627 0.07280677 -0.03786253 1.196486 0.07257497 -0.03794223 1.196361 0.07245427 -0.03797787 1.196305 0.07233124 -0.03801047 1.196254 0.07220542 -0.0380401 1.196207 0.07207733 -0.03806674 1.196165 0.07194745 -0.03809028 1.196128 0.07181525 -0.03811085 1.196095 0.07168167 -0.03812825 1.196067 0.07154697 -0.0381425 1.196044 0.07141089 -0.03815364 1.196027 0.07127451 -0.03816157 1.196014 0.07113742 -0.03816634 1.196006 0.07099997 -0.03816795 1.196004 0.07086288 -0.0381664 1.196006 0.07072544 -0.03816157 1.196014 0.06199997 -0.03897112 1.194667 0.07058858 -0.03815364 1.196027 0.07045298 -0.0381425 1.196044 0.07031798 -0.03812825 1.196067 0.0701847 -0.03811085 1.196095 0.0700528 -0.03809034 1.196128 0.06992262 -0.03806674 1.196165 0.06979483 -0.03804016 1.196207 0.06966871 -0.03801047 1.196254 0.06954514 -0.03797775 1.196306 0.06942498 -0.03794223 1.196361 0.06919324 -0.03786253 1.196486 0.06897521 -0.0377717 1.196627 0.06877261 -0.03767031 1.196783 0.06858694 -0.03755903 1.196952 0.06841963 -0.03743839 1.197134 0.06827199 -0.03730916 1.197327 0.06820607 -0.03724187 1.197426 0.06814509 -0.03717231 1.197528 0.0680896 -0.03710103 1.197633 0.06803995 -0.03702855 1.197738 0.06799572 -0.0369544 1.197845 0.06795734 -0.036879 1.197953 0.083 -0.03181976 1.203987 0.083 -0.02892541 1.206639 0.06199997 -0.02892541 1.206639 0.083 -0.02581089 1.209028 0.06199997 -0.02581089 1.209028 0.083 -0.02249997 1.211138 0.06199997 -0.02249997 1.211138 0.083 -0.04431635 1.179981 0.06199997 -0.04431635 1.179981 0.083 -0.04346662 1.183814 0.06199997 -0.04346662 1.183814 0.083 -0.04228615 1.187558 0.06199997 -0.04228615 1.187558 0.083 -0.04078382 1.191184 0.06199997 -0.04078382 1.191184 0.083 -0.04078382 1.153149 0.06199997 -0.04078382 1.153149 0.083 -0.04228615 1.156776 0.06199997 -0.04228615 1.156776 0.083 -0.04346662 1.16052 0.06199997 -0.04346662 1.16052 0.083 -0.04431635 1.164353 0.06199997 -0.04431635 1.164353 0.083 -0.03181976 1.140347 0.06199997 -0.02892541 1.137695 0.083 -0.02892541 1.137695 0.06199997 -0.02581089 1.135305 0.083 -0.02581089 1.135305 0.06199997 -0.02249997 1.133195 0.083 -0.02249997 1.133195 0.083 0.003921985 1.127338 0.06199997 0.003921985 1.127338 0.083 0 1.127167 0.06199997 0 1.127167 0.083 -0.003921985 1.127338 0.06199997 -0.003921985 1.127338 0.083 0.03181976 1.140347 0.083 0.02892541 1.137695 0.06199997 0.02892541 1.137695 0.083 0.02581089 1.135305 0.06199997 0.02581089 1.135305 0.083 0.02249997 1.133195 0.06199997 0.02249997 1.133195 0.083 0.04431635 1.164353 0.06199997 0.04431635 1.164353 0.083 0.04346662 1.16052 0.06199997 0.04346662 1.16052 0.083 0.04228615 1.156776 0.06199997 0.04228615 1.156776 0.083 0.04078382 1.153149 0.06199997 0.04078382 1.153149 0.083 0.04078382 1.191184 0.06199997 0.04078382 1.191184 0.083 0.04228615 1.187558 0.06199997 0.04228615 1.187558 0.083 0.04346662 1.183814 0.06199997 0.04346662 1.183814 0.083 0.04431635 1.179981 0.06199997 0.04431635 1.179981 0.083 0.03181976 1.203987 0.06199997 0.02892541 1.206639 0.083 0.02892541 1.206639 0.06199997 0.02581089 1.209028 0.083 0.02581089 1.209028 0.06199997 0.02249997 1.211138 0.083 0.02249997 1.211138 0.083 -0.003921985 1.216995 0.06199997 -0.003921985 1.216995 0.083 0 1.217167 0.06199997 0 1.217167 0.083 0.003921985 1.216995 0.06199997 0.003921985 1.216995 0.07413798 -0.03090322 1.150053 0.07412302 -0.03098243 1.150165 0.0741021 -0.03106093 1.150276 0.07407939 -0.03112775 1.150371 0.07404261 -0.03121477 1.150496 0.07400411 -0.03128999 1.150604 0.07396 -0.03136354 1.150711 0.07391023 -0.03143566 1.150817 0.07385486 -0.03150624 1.150922 0.07379418 -0.0315749 1.151024 0.07372796 -0.03164196 1.151124 0.07358032 -0.03176987 1.151318 0.07341301 -0.03188908 1.151501 0.07322734 -0.03199899 1.151671 0.07302474 -0.03209894 1.151828 0.07280677 -0.03218835 1.15197 0.07257497 -0.03226679 1.152095 0.07245457 -0.03230172 1.152152 0.07233124 -0.03233379 1.152204 0.07220578 -0.03236281 1.152251 0.07207733 -0.03238904 1.152293 0.07194685 -0.03241229 1.152331 0.07181525 -0.03243237 1.152364 0.07168161 -0.03244942 1.152392 0.07154697 -0.03246343 1.152415 0.07141125 -0.03247427 1.152433 0.07127451 -0.03248208 1.152446 0.07113778 -0.03248679 1.152454 0.07099997 -0.03248834 1.152456 0.07086223 -0.03248679 1.152454 0.07072544 -0.03248208 1.152446 0.0705887 -0.03247427 1.152433 0.07045298 -0.03246343 1.152415 0.07031834 -0.03244942 1.152392 0.0701847 -0.03243237 1.152364 0.0700531 -0.03241229 1.152331 0.06992262 -0.03238904 1.152293 0.06979423 -0.03236287 1.152251 0.06966871 -0.03233379 1.152204 0.06954538 -0.03230172 1.152152 0.06942498 -0.03226679 1.152095 0.06919324 -0.03218835 1.15197 0.06897521 -0.03209894 1.151828 0.06877261 -0.03199899 1.151671 0.06858694 -0.03188908 1.151501 0.06841963 -0.03176987 1.151318 0.06827199 -0.03164196 1.151124 0.06820577 -0.0315749 1.151024 0.06814509 -0.03150624 1.150922 0.06808978 -0.03143572 1.150817 0.06803995 -0.03136354 1.150711 0.06799584 -0.03128999 1.150604 0.06795734 -0.03121477 1.150496 0.06792056 -0.03112775 1.150371 0.06789785 -0.03106093 1.150276 0.06787687 -0.03098237 1.150165 0.06786197 -0.03090322 1.150053 0.06785297 -0.03082323 1.149942 0.06784999 -0.03074264 1.149831 0.06785297 -0.03066182 1.14972 0.06786197 -0.03058046 1.149609 0.06787699 -0.03049898 1.149499 0.06789785 -0.03041791 1.149391 0.06792467 -0.03033679 1.149283 0.06795734 -0.03025633 1.149176 0.06799572 -0.03017634 1.149071 0.06803995 -0.030097 1.148968 0.0680896 -0.0300188 1.148867 0.06814509 -0.02994126 1.148768 0.06820607 -0.02986496 1.14867 0.06827199 -0.02979046 1.148576 0.06841963 -0.02964586 1.148394 0.06858694 -0.02950882 1.148224 0.06877261 -0.02938055 1.148067 0.06897521 -0.02926224 1.147924 0.06919324 -0.02915495 1.147795 0.06930214 -0.02910804 1.147739 0.06942498 -0.02905982 1.147681 0.06954514 -0.02901721 1.147631 0.06966871 -0.02897769 1.147584 0.06979483 -0.02894169 1.147542 0.06992262 -0.02890932 1.147504 0.0700528 -0.02888053 1.14747 0.0701847 -0.0288555 1.147441 0.07031798 -0.02883416 1.147416 0.07045298 -0.02881664 1.147396 0.07058858 -0.02880293 1.14738 0.07072544 -0.02879315 1.147368 0.07086288 -0.02878725 1.147361 0.07099997 -0.02878528 1.147359 0.07113742 -0.02878725 1.147362 0.07127451 -0.02879315 1.147368 0.07141089 -0.02880293 1.14738 0.07154697 -0.02881664 1.147396 0.07168167 -0.0288341 1.147416 0.07181525 -0.0288555 1.147441 0.07194745 -0.02888059 1.14747 0.07207733 -0.02890932 1.147504 0.07220542 -0.02894175 1.147542 0.07233124 -0.02897769 1.147584 0.07245427 -0.02901703 1.147631 0.07257497 -0.02905982 1.147681 0.07269781 -0.02910804 1.147739 0.07280677 -0.02915495 1.147795 0.07302474 -0.02926224 1.147924 0.07322734 -0.02938055 1.148067 0.07341301 -0.02950882 1.148224 0.07358032 -0.02964586 1.148394 0.07372796 -0.02979046 1.148576 0.073794 -0.02986508 1.14867 0.07385486 -0.02994126 1.148768 0.07391005 -0.03001838 1.148867 0.07396 -0.030097 1.148968 0.07400429 -0.03017652 1.149072 0.07404261 -0.03025633 1.149176 0.07407534 -0.03033703 1.149283 0.0741021 -0.03041791 1.149391 0.07412302 -0.0304991 1.149499 0.07413798 -0.03058046 1.149609 0.07414698 -0.03066146 1.149719 0.07414996 -0.03074264 1.149831 0.07414698 -0.03082329 1.149942 0.07413798 0.03058046 1.149609 0.07412302 0.03049916 1.1495 0.0741021 0.03041791 1.149391 0.07407528 0.03033685 1.149283 0.07404261 0.03025633 1.149176 0.07400411 0.03017616 1.149071 0.07396 0.030097 1.148968 0.07391023 0.03001862 1.148867 0.07385486 0.02994126 1.148768 0.07379418 0.02986532 1.148671 0.07372796 0.02979046 1.148576 0.07358032 0.02964586 1.148394 0.07341301 0.02950882 1.148224 0.07322734 0.02938055 1.148067 0.07302474 0.02926224 1.147924 0.07280677 0.02915495 1.147795 0.07269781 0.02910804 1.147739 0.07257497 0.02905982 1.147681 0.07245457 0.02901709 1.147631 0.07233124 0.02897769 1.147584 0.07220578 0.02894181 1.147542 0.07207733 0.02890932 1.147504 0.07194685 0.02888047 1.14747 0.07181525 0.0288555 1.147441 0.07168161 0.0288341 1.147416 0.07154697 0.02881664 1.147396 0.07141125 0.02880293 1.14738 0.07127451 0.02879315 1.147368 0.07113778 0.02878725 1.147362 0.07099997 0.02878528 1.147359 0.07086223 0.02878725 1.147362 0.07072544 0.02879315 1.147368 0.0705887 0.02880293 1.14738 0.07045298 0.02881664 1.147396 0.07031834 0.0288341 1.147416 0.0701847 0.0288555 1.147441 0.0700531 0.02888047 1.14747 0.06992262 0.02890932 1.147504 0.06979423 0.02894181 1.147542 0.06966871 0.02897769 1.147584 0.06954538 0.02901709 1.147631 0.06942498 0.02905982 1.147681 0.06930214 0.02910804 1.147739 0.06919324 0.02915495 1.147795 0.06897521 0.02926224 1.147924 0.06877261 0.02938055 1.148067 0.06858694 0.02950882 1.148224 0.06841963 0.02964586 1.148394 0.06827199 0.02979046 1.148576 0.06820577 0.02986526 1.148671 0.06814509 0.02994126 1.148768 0.06808978 0.03001856 1.148867 0.06803995 0.030097 1.148968 0.06799584 0.03017616 1.149071 0.06795734 0.03025633 1.149176 0.06792461 0.03033703 1.149283 0.06789785 0.03041791 1.149391 0.06787687 0.03049927 1.1495 0.06786197 0.03058046 1.149609 0.06785297 0.03066164 1.14972 0.06784999 0.03074264 1.149831 0.06785297 0.03082299 1.149942 0.06786197 0.03090322 1.150053 0.06787699 0.03098267 1.150165 0.06789785 0.03106093 1.150276 0.06792056 0.03112775 1.150371 0.06795734 0.03121477 1.150496 0.06799572 0.03128981 1.150604 0.06803995 0.03136354 1.150711 0.0680896 0.03143548 1.150817 0.06814509 0.03150624 1.150922 0.06820607 0.0315752 1.151024 0.06827199 0.03164196 1.151124 0.06841963 0.03176987 1.151318 0.06858694 0.03188908 1.151501 0.06877261 0.03199899 1.151671 0.06897521 0.03209894 1.151828 0.06919324 0.03218835 1.15197 0.06942498 0.03226679 1.152095 0.06954514 0.03230166 1.152152 0.06966871 0.03233379 1.152204 0.06979483 0.03236299 1.152251 0.06992262 0.03238904 1.152293 0.0700528 0.03241223 1.152331 0.0701847 0.03243237 1.152364 0.07031798 0.03244936 1.152392 0.07045298 0.03246343 1.152415 0.07058858 0.03247427 1.152433 0.07072544 0.03248208 1.152446 0.07086288 0.03248679 1.152454 0.07099997 0.03248834 1.152456 0.07113742 0.03248679 1.152454 0.07127451 0.03248208 1.152446 0.07141089 0.03247433 1.152433 0.07154697 0.03246343 1.152415 0.07168167 0.03244942 1.152392 0.07181525 0.03243237 1.152364 0.07194745 0.03241217 1.152331 0.07207733 0.03238904 1.152293 0.07220542 0.03236293 1.152251 0.07233124 0.03233379 1.152204 0.07245427 0.03230178 1.152152 0.07257497 0.03226679 1.152095 0.07280677 0.03218835 1.15197 0.07302474 0.03209894 1.151828 0.07322734 0.03199899 1.151671 0.07341301 0.03188908 1.151501 0.07358032 0.03176987 1.151318 0.07372796 0.03164196 1.151124 0.073794 0.03157508 1.151024 0.07385486 0.03150624 1.150922 0.07391005 0.03143584 1.150817 0.07396 0.03136354 1.150711 0.07400429 0.03128963 1.150604 0.07404261 0.03121477 1.150496 0.07407939 0.03112775 1.150371 0.0741021 0.03106093 1.150276 0.07412302 0.03098255 1.150165 0.07413798 0.03090322 1.150053 0.07414698 0.0308234 1.149942 0.07414996 0.03074264 1.149831 0.07414698 0.03066152 1.14972 0.07322734 -0.009604036 1.1354 0.07413798 -0.01200342 1.136112 0.07412302 -0.01213288 1.136156 0.0741021 -0.01226162 1.136199 0.07407528 -0.01238924 1.136243 0.07404261 -0.0125153 1.136287 0.07400411 -0.01264005 1.13633 0.07396 -0.01276254 1.136374 0.07385718 -0.01299673 1.136458 0.07385486 -0.0130015 1.13646 0.07379418 -0.01311713 1.136502 0.07372796 -0.01323044 1.136544 0.07358032 -0.0134477 1.136626 0.07341301 -0.0136516 1.136703 0.07322734 -0.01384079 1.136777 0.07302474 -0.01401388 1.136845 0.07280677 -0.01416957 1.136907 0.07257497 -0.01430678 1.136963 0.07245457 -0.01436811 1.136988 0.07233124 -0.01442456 1.137011 0.07220578 -0.01447576 1.137032 0.07207733 -0.01452207 1.137051 0.07194685 -0.01456314 1.137068 0.07181525 -0.01459866 1.137083 0.07168161 -0.01462894 1.137095 0.07154697 -0.01465374 1.137106 0.07141125 -0.01467305 1.137114 0.07127451 -0.01468694 1.13712 0.07113778 -0.01469522 1.137123 0.07099997 -0.01469802 1.137124 0.07086223 -0.01469522 1.137123 0.07072544 -0.01468694 1.13712 0.0705887 -0.01467305 1.137114 0.07045298 -0.01465374 1.137106 0.07031834 -0.01462894 1.137095 0.0701847 -0.01459866 1.137083 0.0700531 -0.01456314 1.137068 0.06992262 -0.01452207 1.137051 0.06979423 -0.01447582 1.137032 0.06966871 -0.01442456 1.137011 0.06954538 -0.01436811 1.136988 0.06942498 -0.01430678 1.136963 0.06919324 -0.01416957 1.136907 0.06897521 -0.01401388 1.136845 0.06877261 -0.01384079 1.136777 0.06858694 -0.0136516 1.136703 0.06841963 -0.0134477 1.136626 0.06827199 -0.01323044 1.136544 0.06820577 -0.01311713 1.136502 0.06814509 -0.0130015 1.13646 0.06814277 -0.01299673 1.136458 0.06803995 -0.01276254 1.136374 0.06799584 -0.01264005 1.13633 0.06795734 -0.0125153 1.136287 0.06792461 -0.012389 1.136243 0.06789785 -0.01226162 1.136199 0.06787687 -0.01213276 1.136156 0.06786197 -0.01200342 1.136112 0.06785297 -0.01187324 1.136069 0.06784999 -0.01174259 1.136026 0.06785297 -0.01161217 1.135984 0.06786197 -0.01148122 1.135943 0.06787699 -0.01135057 1.135901 0.06789785 -0.01122117 1.135861 0.06792467 -0.01109212 1.135822 0.06795734 -0.01096451 1.135783 0.06799572 -0.01083821 1.135745 0.06803995 -0.01071327 1.135708 0.0680896 -0.01059055 1.135672 0.06814509 -0.01046931 1.135637 0.06820607 -0.01035034 1.135603 0.06827199 -0.01023459 1.135571 0.06841963 -0.01001101 1.135509 0.06855797 -0.00983411 1.135461 0.06858694 -0.009800255 1.135452 0.06877261 -0.009604036 1.1354 0.06897521 -0.009423971 1.135354 0.06919324 -0.009261488 1.135313 0.06942498 -0.009117841 1.135277 0.06954514 -0.009053647 1.135261 0.06966871 -0.008994281 1.135246 0.06979483 -0.008940219 1.135233 0.06992262 -0.008891761 1.135222 0.0700528 -0.008848667 1.135211 0.0701847 -0.008811175 1.135202 0.07031798 -0.008779346 1.135195 0.07045298 -0.00875312 1.135189 0.07058858 -0.008732736 1.135184 0.07072544 -0.008718073 1.13518 0.07086288 -0.008709311 1.135178 0.07099997 -0.00870639 1.135177 0.07113742 -0.008709311 1.135178 0.07127451 -0.008718073 1.13518 0.07141089 -0.008732676 1.135184 0.07154697 -0.00875312 1.135189 0.07168167 -0.008779287 1.135195 0.07181525 -0.008811175 1.135202 0.07194745 -0.008848786 1.135211 0.07207733 -0.008891761 1.135222 0.07220542 -0.008940339 1.135233 0.07233124 -0.008994281 1.135246 0.07245427 -0.009053409 1.135261 0.07257497 -0.009117841 1.135277 0.07280677 -0.009261488 1.135313 0.07302474 -0.009423971 1.135354 0.07358032 -0.01001101 1.135509 0.07344198 -0.00983411 1.135461 0.07341301 -0.009800255 1.135452 0.07372796 -0.01023459 1.135571 0.073794 -0.01035064 1.135604 0.07385486 -0.01046931 1.135637 0.07391005 -0.01058995 1.135672 0.07396 -0.01071327 1.135708 0.07400429 -0.01083844 1.135745 0.07404261 -0.01096451 1.135783 0.07407534 -0.01109242 1.135822 0.0741021 -0.01122117 1.135861 0.07412302 -0.01135081 1.135902 0.07413798 -0.01148122 1.135943 0.07414698 -0.01161152 1.135984 0.07414996 -0.01174259 1.136026 0.07414698 -0.01187342 1.136069 0.07413798 0.03799897 1.171892 0.07412302 0.03799772 1.171756 0.0741021 0.03799605 1.17162 0.07407528 0.03799384 1.171485 0.07404261 0.03799122 1.171351 0.07400411 0.03798818 1.171219 0.07396 0.03798472 1.171089 0.07391023 0.03798085 1.170961 0.07385486 0.03797662 1.170835 0.07379418 0.03797215 1.170712 0.07372796 0.03796732 1.170592 0.07358032 0.03795701 1.17036 0.07341301 0.03794598 1.170142 0.07322734 0.03793466 1.169939 0.07302474 0.03792327 1.169754 0.07280677 0.03791224 1.169586 0.07257497 0.03790193 1.169439 0.07245457 0.0378971 1.169373 0.07233124 0.03789258 1.169312 0.07220578 0.0378884 1.169257 0.07207733 0.03788453 1.169207 0.07194685 0.03788101 1.169162 0.07181525 0.03787797 1.169124 0.07168161 0.03787535 1.169091 0.07154697 0.03787314 1.169064 0.07141125 0.03787142 1.169044 0.07127451 0.03787016 1.169029 0.07113778 0.03786945 1.16902 0.07099997 0.03786921 1.169017 0.07086223 0.03786945 1.16902 0.07072544 0.03787016 1.169029 0.0705887 0.03787142 1.169044 0.07045298 0.03787314 1.169064 0.07031834 0.03787535 1.169091 0.0701847 0.03787797 1.169124 0.0700531 0.03788101 1.169162 0.06992262 0.03788453 1.169207 0.06979423 0.0378884 1.169257 0.06966871 0.03789258 1.169312 0.06954538 0.0378971 1.169373 0.06942498 0.03790193 1.169439 0.06919324 0.03791224 1.169586 0.06897521 0.03792327 1.169754 0.06877261 0.03793466 1.169939 0.06858694 0.03794598 1.170142 0.06841963 0.03795701 1.17036 0.06827199 0.03796732 1.170592 0.06820577 0.03797215 1.170712 0.06814509 0.03797662 1.170835 0.06808978 0.03798085 1.170961 0.06803995 0.03798472 1.171089 0.06799584 0.03798818 1.171219 0.06795734 0.03799122 1.171351 0.06792461 0.03799384 1.171485 0.06789785 0.03799605 1.17162 0.06787687 0.03799778 1.171756 0.06786197 0.03799897 1.171892 0.06785297 0.03799974 1.172029 0.06784999 0.03799998 1.172167 0.06785297 0.03799974 1.172304 0.06786197 0.03799897 1.172441 0.06787699 0.03799772 1.172578 0.06789785 0.03799605 1.172714 0.06792467 0.03799384 1.172849 0.06795734 0.03799122 1.172982 0.06799572 0.03798818 1.173114 0.06803995 0.03798472 1.173244 0.0680896 0.03798085 1.173372 0.06814509 0.03797662 1.173498 0.06820607 0.03797209 1.173622 0.06827199 0.03796732 1.173742 0.06841963 0.03795701 1.173973 0.06858694 0.03794598 1.174191 0.06877261 0.03793466 1.174394 0.06897521 0.03792327 1.17458 0.06919324 0.03791224 1.174747 0.06942498 0.03790193 1.174895 0.06954514 0.0378971 1.174961 0.06966871 0.03789258 1.175022 0.06979483 0.03788834 1.175077 0.06992262 0.03788453 1.175127 0.0700528 0.03788101 1.175171 0.0701847 0.03787797 1.175209 0.07031798 0.03787535 1.175242 0.07045298 0.03787314 1.175269 0.07058858 0.03787142 1.17529 0.07072544 0.03787016 1.175305 0.07086288 0.03786945 1.175314 0.07099997 0.03786921 1.175317 0.07113742 0.03786945 1.175314 0.07127451 0.03787016 1.175305 0.07141089 0.03787142 1.17529 0.07154697 0.03787314 1.175269 0.07168167 0.03787535 1.175242 0.07181525 0.03787797 1.175209 0.07194745 0.03788101 1.175171 0.07207733 0.03788453 1.175127 0.07220542 0.03788834 1.175077 0.07233124 0.03789258 1.175022 0.07245427 0.0378971 1.174961 0.07257497 0.03790193 1.174895 0.07280677 0.03791224 1.174747 0.07302474 0.03792327 1.17458 0.07322734 0.03793466 1.174394 0.07341301 0.03794598 1.174191 0.07358032 0.03795701 1.173973 0.07372796 0.03796732 1.173742 0.073794 0.03797215 1.173621 0.07385486 0.03797662 1.173498 0.07391005 0.03798085 1.173372 0.07396 0.03798472 1.173244 0.07400429 0.03798818 1.173114 0.07404261 0.03799122 1.172982 0.07407534 0.03799384 1.172848 0.0741021 0.03799605 1.172714 0.07412302 0.03799772 1.172578 0.07413798 0.03799897 1.172441 0.07414698 0.03799974 1.172304 0.07414996 0.03799998 1.172167 0.07414698 0.03799974 1.172029 0.06877261 0.009604036 1.1354 0.07413798 0.01148122 1.135943 0.07412302 0.01135098 1.135902 0.0741021 0.01122117 1.135861 0.07407528 0.01109224 1.135822 0.07404261 0.01096451 1.135783 0.07400411 0.01083785 1.135745 0.07396 0.01071327 1.135708 0.07391023 0.01059025 1.135672 0.07385486 0.01046931 1.135637 0.07379418 0.01035094 1.135604 0.07372796 0.01023459 1.135571 0.07358032 0.01001101 1.135509 0.07344198 0.00983411 1.135461 0.07341301 0.009800255 1.135452 0.07322734 0.009604036 1.1354 0.07302474 0.009423971 1.135354 0.07280677 0.009261488 1.135313 0.07257497 0.009117841 1.135277 0.07245457 0.009053528 1.135261 0.07233124 0.008994281 1.135246 0.07220578 0.008940458 1.135233 0.07207733 0.008891761 1.135222 0.07194685 0.008848607 1.135211 0.07181525 0.008811175 1.135202 0.07168161 0.008779227 1.135195 0.07154697 0.00875312 1.135189 0.07141125 0.008732736 1.135184 0.07127451 0.008718073 1.13518 0.07113778 0.008709311 1.135178 0.07099997 0.00870639 1.135177 0.07086223 0.008709311 1.135178 0.07072544 0.008718073 1.13518 0.0705887 0.008732736 1.135184 0.07045298 0.00875312 1.135189 0.07031834 0.008779227 1.135195 0.0701847 0.008811175 1.135202 0.0700531 0.008848607 1.135211 0.06992262 0.008891761 1.135222 0.06979423 0.008940458 1.135233 0.06966871 0.008994281 1.135246 0.06954538 0.009053528 1.135261 0.06942498 0.009117841 1.135277 0.06919324 0.009261488 1.135313 0.06897521 0.009423971 1.135354 0.06841963 0.01001101 1.135509 0.06855797 0.00983411 1.135461 0.06858694 0.009800255 1.135452 0.06827199 0.01023459 1.135571 0.06820577 0.01035088 1.135604 0.06814509 0.01046931 1.135637 0.06808978 0.01059025 1.135672 0.06803995 0.01071327 1.135708 0.06799584 0.01083785 1.135745 0.06795734 0.01096451 1.135783 0.06792461 0.01109248 1.135822 0.06789785 0.01122117 1.135861 0.06787687 0.0113511 1.135902 0.06786197 0.01148122 1.135943 0.06785297 0.01161181 1.135984 0.06784999 0.01174259 1.136026 0.06785297 0.01187294 1.136069 0.06786197 0.01200342 1.136112 0.06787699 0.0121333 1.136156 0.06789785 0.01226162 1.136199 0.06792467 0.0123893 1.136243 0.06795734 0.0125153 1.136287 0.06799572 0.01263976 1.13633 0.06803995 0.01276254 1.136374 0.06814277 0.01299673 1.136458 0.06814509 0.0130015 1.13646 0.06820607 0.01311767 1.136503 0.06827199 0.01323044 1.136544 0.06841963 0.0134477 1.136626 0.06858694 0.0136516 1.136703 0.06877261 0.01384079 1.136777 0.06897521 0.01401388 1.136845 0.06919324 0.01416957 1.136907 0.06942498 0.01430678 1.136963 0.06954514 0.01436799 1.136988 0.06966871 0.01442456 1.137011 0.06979483 0.01447606 1.137032 0.06992262 0.01452207 1.137051 0.0700528 0.01456308 1.137068 0.0701847 0.01459866 1.137083 0.07031798 0.01462888 1.137095 0.07045298 0.01465374 1.137106 0.07058858 0.01467305 1.137114 0.07072544 0.01468694 1.13712 0.07086288 0.01469528 1.137123 0.07099997 0.01469802 1.137124 0.07113742 0.01469528 1.137123 0.07127451 0.01468694 1.13712 0.07141089 0.01467311 1.137114 0.07154697 0.01465374 1.137106 0.07168167 0.01462894 1.137095 0.07181525 0.01459866 1.137083 0.07194745 0.01456296 1.137068 0.07207733 0.01452207 1.137051 0.07220542 0.01447594 1.137032 0.07233124 0.01442456 1.137011 0.07245427 0.01436829 1.136988 0.07257497 0.01430678 1.136963 0.07280677 0.01416957 1.136907 0.07302474 0.01401388 1.136845 0.07322734 0.01384079 1.136777 0.07341301 0.0136516 1.136703 0.07358032 0.0134477 1.136626 0.07372796 0.01323044 1.136544 0.073794 0.01311737 1.136502 0.07385486 0.0130015 1.13646 0.07385718 0.01299673 1.136458 0.07396 0.01276254 1.136374 0.07400429 0.01263952 1.13633 0.07404261 0.0125153 1.136287 0.07407534 0.012389 1.136243 0.0741021 0.01226162 1.136199 0.07412302 0.01213306 1.136156 0.07413798 0.01200342 1.136112 0.07414698 0.0118736 1.136069 0.07414996 0.01174259 1.136026 0.07414698 0.0116117 1.135984 0.05901139 0.003683328 1.214267 0.05901139 0.007338583 1.213786 0.05901139 0.01093804 1.212988 0.05901139 0.01445424 1.211879 0.05901139 0.01786047 1.210469 0.05901139 0.02113068 1.208766 0.05901139 0.02424013 1.206785 0.05901139 0.02716511 1.204541 0.05901139 0.02988332 1.20205 0.05901139 0.03237414 1.199332 0.05901139 0.03461855 1.196407 0.05901139 0.03659945 1.193297 0.05901139 0.03830188 1.190027 0.05901139 0.03971278 1.186621 0.05901139 0.04082143 1.183105 0.05901139 0.04161942 1.179505 0.05901139 0.0421006 1.17585 0.05901139 0.04226142 1.172167 0.05901139 0.0421006 1.168483 0.05901139 0.04161942 1.164828 0.05901139 0.04082143 1.161229 0.05901139 0.03971278 1.157712 0.05901139 0.03830188 1.154306 0.05901139 0.03659945 1.151036 0.05901139 0.03461855 1.147926 0.05901139 0.03237414 1.145002 0.05901139 0.02988332 1.142283 0.05901139 0.02716511 1.139793 0.05901139 0.02424013 1.137548 0.05901139 0.02113068 1.135567 0.05901139 0.01786047 1.133865 0.05901139 0.01445424 1.132454 0.05901139 0.01093804 1.131345 0.05901139 0.007338583 1.130547 0.05901139 0.003683328 1.130066 0.05901139 0 1.129905 0.05901139 -0.003683328 1.130066 0.05901139 -0.007338583 1.130547 0.05901139 -0.01093804 1.131345 0.05901139 -0.01445424 1.132454 0.05901139 -0.01786047 1.133865 0.05901139 -0.02113068 1.135567 0.05901139 -0.02424013 1.137548 0.05901139 -0.02716511 1.139793 0.05901139 -0.02988332 1.142283 0.05901139 -0.03237414 1.145002 0.05901139 -0.03461855 1.147926 0.05901139 -0.03659945 1.151036 0.05901139 -0.03830188 1.154306 0.05901139 -0.03971278 1.157712 0.05901139 -0.04082143 1.161229 0.05901139 -0.04161942 1.164828 0.05901139 -0.0421006 1.168483 0.05901139 -0.04226142 1.172167 0.05901139 -0.0421006 1.17585 0.05901139 -0.04161942 1.179505 0.05901139 -0.04082143 1.183105 0.05901139 -0.03971278 1.186621 0.05901139 -0.03830188 1.190027 0.05901139 -0.03659945 1.193297 0.05901139 -0.03461855 1.196407 0.05901139 -0.03237414 1.199332 0.05901139 -0.02988332 1.20205 0.05901139 -0.02716511 1.204541 0.05901139 -0.02424013 1.206785 0.05901139 -0.02113068 1.208766 0.05901139 -0.01786047 1.210469 0.05901139 -0.01445424 1.211879 0.05901139 -0.01093804 1.212988 0.05901139 -0.007338583 1.213786 0.05901139 -0.003683328 1.214267 0.05901139 0 1.214428 0.05904555 0.003705918 1.214526 0.05904555 0.007383644 1.214042 0.05904555 0.01100522 1.213239 0.05904555 0.01454299 1.212123 0.05904555 0.01797008 1.210704 0.05904555 0.02126044 1.208991 0.05904555 0.02438896 1.206998 0.05904555 0.02733188 1.20474 0.05904555 0.03006684 1.202234 0.05904555 0.03257292 1.199499 0.05904555 0.0348311 1.196556 0.05904555 0.03682416 1.193427 0.05904555 0.03853702 1.190137 0.05904555 0.03995656 1.18671 0.05904555 0.04107207 1.183172 0.05904555 0.04187494 1.17955 0.05904555 0.04235911 1.175873 0.05904555 0.04252094 1.172167 0.05904555 0.04235911 1.168461 0.05904555 0.04187494 1.164783 0.05904555 0.04107207 1.161161 0.05904555 0.03995656 1.157624 0.05904555 0.03853702 1.154196 0.05904555 0.03682416 1.150906 0.05904555 0.0348311 1.147778 0.05904555 0.03257292 1.144835 0.05904555 0.03006684 1.1421 0.05904555 0.02733188 1.139594 0.05904555 0.02438896 1.137336 0.05904555 0.02126044 1.135342 0.05904555 0.01797008 1.13363 0.05904555 0.01454299 1.13221 0.05904555 0.01100522 1.131095 0.05904555 0.007383644 1.130292 0.05904555 0.003705918 1.129807 0.05904555 0 1.129646 0.05904555 -0.003705918 1.129807 0.05904555 -0.007383644 1.130292 0.05904555 -0.01100522 1.131095 0.05904555 -0.01454299 1.13221 0.05904555 -0.01797008 1.13363 0.05904555 -0.02126044 1.135342 0.05904555 -0.02438896 1.137336 0.05904555 -0.02733188 1.139594 0.05904555 -0.03006684 1.1421 0.05904555 -0.03257292 1.144835 0.05904555 -0.0348311 1.147778 0.05904555 -0.03682416 1.150906 0.05904555 -0.03853702 1.154196 0.05904555 -0.03995656 1.157624 0.05904555 -0.04107207 1.161161 0.05904555 -0.04187494 1.164783 0.05904555 -0.04235911 1.168461 0.05904555 -0.04252094 1.172167 0.05904555 -0.04235911 1.175873 0.05904555 -0.04187494 1.17955 0.05904555 -0.04107207 1.183172 0.05904555 -0.03995656 1.18671 0.05904555 -0.03853702 1.190137 0.05904555 -0.03682416 1.193427 0.05904555 -0.0348311 1.196556 0.05904555 -0.03257292 1.199499 0.05904555 -0.03006684 1.202234 0.05904555 -0.02733188 1.20474 0.05904555 -0.02438896 1.206998 0.05904555 -0.02126044 1.208991 0.05904555 -0.01797008 1.210704 0.05904555 -0.01454299 1.212123 0.05904555 -0.01100522 1.213239 0.05904555 -0.007383644 1.214042 0.05904555 -0.003705918 1.214526 0.05904555 0 1.214688 0.05910217 0.00372821 1.21478 0.05910217 0.00742805 1.214293 0.05910217 0.01107132 1.213486 0.05910217 0.01463037 1.212363 0.05910217 0.01807808 1.210935 0.05910217 0.02138823 1.209212 0.05910217 0.02453553 1.207207 0.05910217 0.02749615 1.204935 0.05910217 0.0302475 1.202414 0.05910217 0.03276866 1.199663 0.05910217 0.03504037 1.196702 0.05910217 0.03704547 1.193555 0.05910217 0.03876858 1.190245 0.05910217 0.04019671 1.186797 0.05910217 0.04131883 1.183238 0.05910217 0.04212653 1.179595 0.05910217 0.04261368 1.175895 0.05910217 0.0427764 1.172167 0.05910217 0.04261368 1.168438 0.05910217 0.04212653 1.164739 0.05910217 0.04131883 1.161095 0.05910217 0.04019671 1.157536 0.05910217 0.03876858 1.154088 0.05910217 0.03704547 1.150778 0.05910217 0.03504037 1.147631 0.05910217 0.03276866 1.14467 0.05910217 0.0302475 1.141919 0.05910217 0.02749615 1.139398 0.05910217 0.02453553 1.137126 0.05910217 0.02138823 1.135121 0.05910217 0.01807808 1.133398 0.05910217 0.01463037 1.13197 0.05910217 0.01107132 1.130848 0.05910217 0.00742805 1.13004 0.05910217 0.00372821 1.129553 0.05910217 0 1.12939 0.05910217 -0.00372821 1.129553 0.05910217 -0.00742805 1.13004 0.05910217 -0.01107132 1.130848 0.05910217 -0.01463037 1.13197 0.05910217 -0.01807808 1.133398 0.05910217 -0.02138823 1.135121 0.05910217 -0.02453553 1.137126 0.05910217 -0.02749615 1.139398 0.05910217 -0.0302475 1.141919 0.05910217 -0.03276866 1.14467 0.05910217 -0.03504037 1.147631 0.05910217 -0.03704547 1.150778 0.05910217 -0.03876858 1.154088 0.05910217 -0.04019671 1.157536 0.05910217 -0.04131883 1.161095 0.05910217 -0.04212653 1.164739 0.05910217 -0.04261368 1.168438 0.05910217 -0.0427764 1.172167 0.05910217 -0.04261368 1.175895 0.05910217 -0.04212653 1.179595 0.05910217 -0.04131883 1.183238 0.05910217 -0.04019671 1.186797 0.05910217 -0.03876858 1.190245 0.05910217 -0.03704547 1.193555 0.05910217 -0.03504037 1.196702 0.05910217 -0.03276866 1.199663 0.05910217 -0.0302475 1.202414 0.05910217 -0.02749615 1.204935 0.05910217 -0.02453553 1.207207 0.05910217 -0.02138823 1.209212 0.05910217 -0.01807808 1.210935 0.05910217 -0.01463037 1.212363 0.05910217 -0.01107132 1.213486 0.05910217 -0.00742805 1.214293 0.05910217 -0.00372821 1.21478 0.05910217 0 1.214943 0.05918091 0.003749966 1.215029 0.05918091 0.007471382 1.214539 0.05918091 0.01113593 1.213727 0.05918091 0.01471573 1.212598 0.05918091 0.01818358 1.211161 0.05918091 0.02151298 1.209428 0.05918091 0.0246787 1.207412 0.05918091 0.02765661 1.205127 0.05918091 0.03042399 1.202591 0.05918091 0.03295987 1.199823 0.05918091 0.03524488 1.196845 0.05918091 0.03726166 1.19368 0.05918091 0.03899484 1.19035 0.05918091 0.04043126 1.186882 0.05918091 0.04155993 1.183303 0.05918091 0.04237234 1.179638 0.05918091 0.04286229 1.175917 0.05918091 0.04302603 1.172167 0.05918091 0.04286229 1.168417 0.05918091 0.04237234 1.164695 0.05918091 0.04155993 1.161031 0.05918091 0.04043126 1.157451 0.05918091 0.03899484 1.153983 0.05918091 0.03726166 1.150654 0.05918091 0.03524488 1.147488 0.05918091 0.03295987 1.14451 0.05918091 0.03042399 1.141743 0.05918091 0.02765661 1.139207 0.05918091 0.0246787 1.136922 0.05918091 0.02151298 1.134905 0.05918091 0.01818358 1.133172 0.05918091 0.01471573 1.131735 0.05918091 0.01113593 1.130607 0.05918091 0.007471382 1.129794 0.05918091 0.003749966 1.129304 0.05918091 0 1.129141 0.05918091 -0.003749966 1.129304 0.05918091 -0.007471382 1.129794 0.05918091 -0.01113593 1.130607 0.05918091 -0.01471573 1.131735 0.05918091 -0.01818358 1.133172 0.05918091 -0.02151298 1.134905 0.05918091 -0.0246787 1.136922 0.05918091 -0.02765661 1.139207 0.05918091 -0.03042399 1.141743 0.05918091 -0.03295987 1.14451 0.05918091 -0.03524488 1.147488 0.05918091 -0.03726166 1.150654 0.05918091 -0.03899484 1.153983 0.05918091 -0.04043126 1.157451 0.05918091 -0.04155993 1.161031 0.05918091 -0.04237234 1.164695 0.05918091 -0.04286229 1.168417 0.05918091 -0.04302603 1.172167 0.05918091 -0.04286229 1.175917 0.05918091 -0.04237234 1.179638 0.05918091 -0.04155993 1.183303 0.05918091 -0.04043126 1.186882 0.05918091 -0.03899484 1.19035 0.05918091 -0.03726166 1.19368 0.05918091 -0.03524488 1.196845 0.05918091 -0.03295987 1.199823 0.05918091 -0.03042399 1.202591 0.05918091 -0.02765661 1.205127 0.05918091 -0.0246787 1.207412 0.05918091 -0.02151298 1.209428 0.05918091 -0.01818358 1.211161 0.05918091 -0.01471573 1.212598 0.05918091 -0.01113593 1.213727 0.05918091 -0.007471382 1.214539 0.05918091 -0.003749966 1.215029 0.05918091 0 1.215193 0.05928105 0.003771007 1.21527 0.05928105 0.007513344 1.214777 0.05928105 0.01119852 1.21396 0.05928105 0.01479846 1.212825 0.05928105 0.01828575 1.211381 0.05928105 0.02163392 1.209638 0.05928105 0.0248174 1.20761 0.05928105 0.027812 1.205312 0.05928105 0.03059494 1.202762 0.05928105 0.03314507 1.199979 0.05928105 0.03544294 1.196984 0.05928105 0.03747105 1.193801 0.05928105 0.03921395 1.190452 0.05928105 0.04065847 1.186965 0.05928105 0.04179352 1.183365 0.05928105 0.04261046 1.17968 0.05928105 0.04310315 1.175938 0.05928105 0.04326784 1.172167 0.05928105 0.04310315 1.168396 0.05928105 0.04261046 1.164653 0.05928105 0.04179352 1.160968 0.05928105 0.04065847 1.157368 0.05928105 0.03921395 1.153881 0.05928105 0.03747105 1.150533 0.05928105 0.03544294 1.147349 0.05928105 0.03314507 1.144355 0.05928105 0.03059494 1.141572 0.05928105 0.027812 1.139021 0.05928105 0.0248174 1.136724 0.05928105 0.02163392 1.134696 0.05928105 0.01828575 1.132953 0.05928105 0.01479846 1.131508 0.05928105 0.01119852 1.130373 0.05928105 0.007513344 1.129556 0.05928105 0.003771007 1.129063 0.05928105 0 1.128899 0.05928105 -0.003771007 1.129063 0.05928105 -0.007513344 1.129556 0.05928105 -0.01119852 1.130373 0.05928105 -0.01479846 1.131508 0.05928105 -0.01828575 1.132953 0.05928105 -0.02163392 1.134696 0.05928105 -0.0248174 1.136724 0.05928105 -0.027812 1.139021 0.05928105 -0.03059494 1.141572 0.05928105 -0.03314507 1.144355 0.05928105 -0.03544294 1.147349 0.05928105 -0.03747105 1.150533 0.05928105 -0.03921395 1.153881 0.05928105 -0.04065847 1.157368 0.05928105 -0.04179352 1.160968 0.05928105 -0.04261046 1.164653 0.05928105 -0.04310315 1.168396 0.05928105 -0.04326784 1.172167 0.05928105 -0.04310315 1.175938 0.05928105 -0.04261046 1.17968 0.05928105 -0.04179352 1.183365 0.05928105 -0.04065847 1.186965 0.05928105 -0.03921395 1.190452 0.05928105 -0.03747105 1.193801 0.05928105 -0.03544294 1.196984 0.05928105 -0.03314507 1.199979 0.05928105 -0.03059494 1.202762 0.05928105 -0.027812 1.205312 0.05928105 -0.0248174 1.20761 0.05928105 -0.02163392 1.209638 0.05928105 -0.01828575 1.211381 0.05928105 -0.01479846 1.212825 0.05928105 -0.01119852 1.21396 0.05928105 -0.007513344 1.214777 0.05928105 -0.003771007 1.21527 0.05928105 0 1.215435 0.05940186 0.003791272 1.215501 0.05940186 0.007553637 1.215006 0.05940186 0.0112586 1.214184 0.05940186 0.01487785 1.213043 0.05940186 0.01838386 1.211591 0.05940186 0.02174997 1.209839 0.05940186 0.02495056 1.2078 0.05940186 0.02796125 1.20549 0.05940186 0.03075909 1.202926 0.05940186 0.03332293 1.200128 0.05940186 0.03563308 1.197117 0.05940186 0.0376721 1.193917 0.05940186 0.03942435 1.190551 0.05940186 0.04087662 1.187044 0.05940186 0.04201775 1.183425 0.05940186 0.0428391 1.17972 0.05940186 0.04333442 1.175958 0.05940186 0.04349994 1.172167 0.05940186 0.04333442 1.168375 0.05940186 0.0428391 1.164613 0.05940186 0.04201775 1.160908 0.05940186 0.04087662 1.157289 0.05940186 0.03942435 1.153783 0.05940186 0.0376721 1.150417 0.05940186 0.03563308 1.147216 0.05940186 0.03332293 1.144205 0.05940186 0.03075909 1.141407 0.05940186 0.02796125 1.138844 0.05940186 0.02495056 1.136533 0.05940186 0.02174997 1.134495 0.05940186 0.01838386 1.132742 0.05940186 0.01487785 1.13129 0.05940186 0.0112586 1.130149 0.05940186 0.007553637 1.129328 0.05940186 0.003791272 1.128832 0.05940186 0 1.128667 0.05940186 -0.003791272 1.128832 0.05940192 -0.007553637 1.129328 0.05940192 -0.0112586 1.130149 0.05940192 -0.01487785 1.13129 0.05940192 -0.01838386 1.132742 0.05940192 -0.02174997 1.134495 0.05940192 -0.02495056 1.136533 0.05940192 -0.02796125 1.138844 0.05940192 -0.03075909 1.141407 0.05940192 -0.03332293 1.144205 0.05940192 -0.03563308 1.147216 0.05940192 -0.0376721 1.150417 0.05940192 -0.03942435 1.153783 0.05940192 -0.04087662 1.157289 0.05940192 -0.04201775 1.160908 0.05940192 -0.0428391 1.164613 0.05940192 -0.04333442 1.168375 0.05940192 -0.04349994 1.172167 0.05940192 -0.04333442 1.175958 0.05940192 -0.0428391 1.17972 0.05940192 -0.04201775 1.183425 0.05940192 -0.04087662 1.187044 0.05940192 -0.03942435 1.190551 0.05940192 -0.0376721 1.193917 0.05940192 -0.03563308 1.197117 0.05940192 -0.03332293 1.200128 0.05940192 -0.03075909 1.202926 0.05940192 -0.02796125 1.20549 0.05940192 -0.02495056 1.2078 0.05940192 -0.02174997 1.209839 0.05940192 -0.01838386 1.211591 0.05940192 -0.01487785 1.213043 0.05940192 -0.0112586 1.214184 0.05940192 -0.007553637 1.215006 0.05940186 -0.003791272 1.215501 0.05940186 0 1.215667 0.05954253 0.003810465 1.215721 0.05954253 0.007592022 1.215223 0.05954253 0.0113157 1.214398 0.05954253 0.01495337 1.213251 0.05954253 0.01847714 1.211791 0.05954253 0.02186036 1.21003 0.05954253 0.02507716 1.207981 0.05954253 0.02810311 1.205659 0.05954253 0.0309152 1.203082 0.05954253 0.03349196 1.20027 0.05954253 0.03581392 1.197244 0.05954253 0.03786325 1.194027 0.05954253 0.03962439 1.190644 0.05954253 0.04108405 1.18712 0.05954253 0.04223096 1.183482 0.05954253 0.04305648 1.179759 0.05954253 0.0435543 1.175977 0.05954253 0.04372072 1.172167 0.05954253 0.0435543 1.168356 0.05954253 0.04305648 1.164575 0.05954253 0.04223096 1.160851 0.05954253 0.04108405 1.157213 0.05954253 0.03962439 1.153689 0.05954253 0.03786325 1.150306 0.05954253 0.03581392 1.147089 0.05954253 0.03349196 1.144063 0.05954253 0.0309152 1.141251 0.05954253 0.02810311 1.138675 0.05954253 0.02507716 1.136353 0.05954253 0.02186036 1.134303 0.05954253 0.01847714 1.132542 0.05954253 0.01495337 1.131083 0.05954253 0.0113157 1.129936 0.05954253 0.007592022 1.12911 0.05954253 0.003810465 1.128612 0.05954253 0 1.128446 0.05954253 -0.003810465 1.128612 0.05954253 -0.007592022 1.12911 0.05954253 -0.0113157 1.129936 0.05954253 -0.01495337 1.131083 0.05954253 -0.01847714 1.132542 0.05954253 -0.02186036 1.134303 0.05954253 -0.02507716 1.136353 0.05954253 -0.02810311 1.138675 0.05954253 -0.0309152 1.141251 0.05954253 -0.03349196 1.144063 0.05954253 -0.03581392 1.147089 0.05954253 -0.03786325 1.150306 0.05954253 -0.03962439 1.153689 0.05954253 -0.04108405 1.157213 0.05954253 -0.04223096 1.160851 0.05954253 -0.04305648 1.164575 0.05954253 -0.0435543 1.168356 0.05954253 -0.04372072 1.172167 0.05954253 -0.0435543 1.175977 0.05954253 -0.04305648 1.179759 0.05954253 -0.04223096 1.183482 0.05954253 -0.04108405 1.18712 0.05954253 -0.03962439 1.190644 0.05954253 -0.03786325 1.194027 0.05954253 -0.03581392 1.197244 0.05954253 -0.03349196 1.20027 0.05954253 -0.0309152 1.203082 0.05954253 -0.02810311 1.205659 0.05954253 -0.02507716 1.207981 0.05954253 -0.02186036 1.21003 0.05954253 -0.01847714 1.211791 0.05954253 -0.01495337 1.213251 0.05954253 -0.0113157 1.214398 0.05954253 -0.007592022 1.215223 0.05954253 -0.003810465 1.215721 0.05954253 0 1.215887 0.05970185 0.003828585 1.215928 0.05970185 0.007628023 1.215428 0.05970185 0.01136946 1.214598 0.05970185 0.01502436 1.213446 0.05970185 0.01856487 1.211979 0.05970185 0.02196413 1.21021 0.05970185 0.02519625 1.208151 0.05970185 0.02823656 1.205818 0.05970185 0.031062 1.203229 0.05970185 0.03365105 1.200403 0.05970185 0.03598397 1.197363 0.05970185 0.03804308 1.194131 0.05970185 0.03981256 1.190732 0.05970185 0.04127913 1.187191 0.05970185 0.04243153 1.183536 0.05970185 0.04326099 1.179795 0.05970185 0.04376119 1.175995 0.05970185 0.04392832 1.172167 0.05970185 0.04376119 1.168338 0.05970185 0.04326099 1.164539 0.05970185 0.04243153 1.160797 0.05970185 0.04127913 1.157142 0.05970185 0.03981256 1.153602 0.05970185 0.03804308 1.150202 0.05970185 0.03598397 1.14697 0.05970185 0.03365105 1.14393 0.05970185 0.031062 1.141105 0.05970185 0.02823656 1.138516 0.05970185 0.02519625 1.136183 0.05970185 0.02196413 1.134124 0.05970185 0.01856487 1.132354 0.05970185 0.01502436 1.130887 0.05970185 0.01136946 1.129735 0.05970185 0.007628023 1.128906 0.05970185 0.003828585 1.128405 0.05970185 0 1.128238 0.05970185 -0.003828585 1.128405 0.05970185 -0.007628023 1.128906 0.05970185 -0.01136946 1.129735 0.05970185 -0.01502436 1.130887 0.05970185 -0.01856487 1.132354 0.05970185 -0.02196413 1.134124 0.05970185 -0.02519625 1.136183 0.05970185 -0.02823656 1.138516 0.05970185 -0.031062 1.141105 0.05970185 -0.03365105 1.14393 0.05970185 -0.03598397 1.14697 0.05970185 -0.03804308 1.150202 0.05970185 -0.03981256 1.153602 0.05970185 -0.04127913 1.157142 0.05970185 -0.04243153 1.160797 0.05970185 -0.04326099 1.164539 0.05970185 -0.04376119 1.168338 0.05970185 -0.04392832 1.172167 0.05970185 -0.04376119 1.175995 0.05970185 -0.04326099 1.179795 0.05970185 -0.04243153 1.183536 0.05970185 -0.04127913 1.187191 0.05970185 -0.03981256 1.190732 0.05970185 -0.03804308 1.194131 0.05970185 -0.03598397 1.197363 0.05970185 -0.03365105 1.200403 0.05970185 -0.031062 1.203229 0.05970185 -0.02823656 1.205818 0.05970185 -0.02519625 1.208151 0.05970185 -0.02196413 1.21021 0.05970185 -0.01856487 1.211979 0.05970185 -0.01502436 1.213446 0.05970185 -0.01136946 1.214598 0.05970185 -0.007628023 1.215428 0.05970185 -0.003828585 1.215928 0.05970185 0 1.216095 0.05987864 0.003845393 1.21612 0.05987864 0.007661581 1.215618 0.05987864 0.01141941 1.214785 0.05987864 0.01509034 1.213627 0.05987864 0.01864647 1.212154 0.05987864 0.02206063 1.210377 0.05987864 0.02530694 1.208309 0.05987864 0.0283606 1.205965 0.05987864 0.03119844 1.203365 0.05987864 0.03379887 1.200527 0.05987864 0.03614205 1.197474 0.05987864 0.03821015 1.194227 0.05987864 0.03998744 1.190813 0.05987864 0.04146045 1.187257 0.05987864 0.04261791 1.183586 0.05987864 0.04345101 1.179828 0.05987864 0.04395341 1.176012 0.05987864 0.04412132 1.172167 0.05987864 0.04395341 1.168321 0.05987864 0.04345101 1.164505 0.05987864 0.04261791 1.160747 0.05987864 0.04146045 1.157076 0.05987864 0.03998744 1.15352 0.05987864 0.03821015 1.150106 0.05987864 0.03614205 1.14686 0.05987864 0.03379887 1.143806 0.05987864 0.03119844 1.140968 0.05987864 0.0283606 1.138368 0.05987864 0.02530694 1.136025 0.05987864 0.02206063 1.133956 0.05987864 0.01864647 1.132179 0.05987864 0.01509034 1.130706 0.05987864 0.01141941 1.129549 0.05987864 0.007661581 1.128716 0.05987864 0.003845393 1.128213 0.05987864 0 1.128045 0.05987864 -0.003845393 1.128213 0.05987864 -0.007661581 1.128716 0.05987864 -0.01141941 1.129549 0.05987864 -0.01509034 1.130706 0.05987864 -0.01864647 1.132179 0.05987864 -0.02206063 1.133956 0.05987864 -0.02530694 1.136025 0.05987864 -0.0283606 1.138368 0.05987864 -0.03119844 1.140968 0.05987864 -0.03379887 1.143806 0.05987864 -0.03614205 1.14686 0.05987864 -0.03821015 1.150106 0.05987864 -0.03998744 1.15352 0.05987864 -0.04146045 1.157076 0.05987864 -0.04261791 1.160747 0.05987864 -0.04345101 1.164505 0.05987864 -0.04395341 1.168321 0.05987864 -0.04412132 1.172167 0.05987864 -0.04395341 1.176012 0.05987864 -0.04345101 1.179828 0.05987864 -0.04261791 1.183586 0.05987864 -0.04146045 1.187257 0.05987864 -0.03998744 1.190813 0.05987864 -0.03821015 1.194227 0.05987864 -0.03614205 1.197474 0.05987864 -0.03379887 1.200527 0.05987864 -0.03119844 1.203365 0.05987864 -0.0283606 1.205965 0.05987864 -0.02530694 1.208309 0.05987864 -0.02206063 1.210377 0.05987864 -0.01864647 1.212154 0.05987864 -0.01509034 1.213627 0.05987864 -0.01141941 1.214785 0.05987864 -0.007661581 1.215618 0.05987864 -0.003845393 1.21612 0.05987864 0 1.216288 0.06007158 0.003860831 1.216296 0.06007158 0.007692277 1.215792 0.06007158 0.01146519 1.214955 0.06007158 0.01515084 1.213793 0.06007158 0.01872116 1.212314 0.06007158 0.02214902 1.21053 0.06007158 0.02540832 1.208454 0.06007158 0.02847427 1.206101 0.06007158 0.03132349 1.20349 0.06007158 0.03393429 1.200641 0.06007158 0.03628689 1.197575 0.06007158 0.03836327 1.194316 0.06007158 0.04014772 1.190888 0.06007158 0.04162663 1.187317 0.06007158 0.04278868 1.183632 0.06007158 0.04362511 1.179859 0.06007158 0.04412955 1.176028 0.06007158 0.04429811 1.172167 0.06007158 0.04412955 1.168306 0.06007158 0.04362511 1.164474 0.06007158 0.04278868 1.160701 0.06007158 0.04162663 1.157016 0.06007158 0.04014772 1.153445 0.06007158 0.03836327 1.150018 0.06007158 0.03628689 1.146758 0.06007158 0.03393429 1.143692 0.06007158 0.03132349 1.140843 0.06007158 0.02847427 1.138232 0.06007158 0.02540832 1.13588 0.06007158 0.02214902 1.133803 0.06007158 0.01872116 1.132019 0.06007158 0.01515084 1.13054 0.06007158 0.01146519 1.129378 0.06007158 0.007692277 1.128541 0.06007158 0.003860831 1.128037 0.06007158 0 1.127869 0.06007158 -0.003860831 1.128037 0.06007158 -0.007692277 1.128541 0.06007158 -0.01146519 1.129378 0.06007158 -0.01515084 1.13054 0.06007158 -0.01872116 1.132019 0.06007158 -0.02214902 1.133803 0.06007158 -0.02540832 1.13588 0.06007158 -0.02847427 1.138232 0.06007158 -0.03132349 1.140843 0.06007158 -0.03393429 1.143692 0.06007158 -0.03628689 1.146758 0.06007158 -0.03836327 1.150018 0.06007158 -0.04014772 1.153445 0.06007158 -0.04162663 1.157016 0.06007158 -0.04278868 1.160701 0.06007158 -0.04362511 1.164474 0.06007158 -0.04412955 1.168306 0.06007158 -0.04429811 1.172167 0.06007158 -0.04412955 1.176028 0.06007158 -0.04362511 1.179859 0.06007158 -0.04278868 1.183632 0.06007158 -0.04162663 1.187317 0.06007158 -0.04014772 1.190888 0.06007158 -0.03836327 1.194316 0.06007158 -0.03628689 1.197575 0.06007158 -0.03393429 1.200641 0.06007158 -0.03132349 1.20349 0.06007158 -0.02847427 1.206101 0.06007158 -0.02540832 1.208454 0.06007158 -0.02214902 1.21053 0.06007158 -0.01872116 1.212314 0.06007158 -0.01515084 1.213793 0.06007158 -0.01146519 1.214955 0.06007158 -0.007692277 1.215792 0.06007158 -0.003860831 1.216296 0.06007158 0 1.216465 0.06027925 0.003874719 1.216455 0.06027925 0.007719933 1.215949 0.06027925 0.01150643 1.215109 0.06027925 0.01520532 1.213943 0.06027925 0.01878851 1.212459 0.06027925 0.02222871 1.210668 0.06027925 0.0254997 1.208584 0.06027925 0.02857667 1.206223 0.06027925 0.03143614 1.203603 0.06027925 0.03405636 1.200743 0.06027925 0.03641736 1.197666 0.06027925 0.03850126 1.194395 0.06027925 0.04029214 1.190955 0.06027925 0.04177629 1.187372 0.06027925 0.04294258 1.183673 0.06027925 0.04378199 1.179887 0.06027925 0.04428827 1.176041 0.06027925 0.04445743 1.172167 0.06027925 0.04428827 1.168292 0.06027925 0.04378199 1.164447 0.06027925 0.04294258 1.16066 0.06027925 0.04177629 1.156961 0.06027925 0.04029214 1.153378 0.06027925 0.03850126 1.149938 0.06027925 0.03641736 1.146667 0.06027925 0.03405636 1.14359 0.06027925 0.03143614 1.14073 0.06027925 0.02857667 1.13811 0.06027925 0.0254997 1.135749 0.06027925 0.02222871 1.133665 0.06027925 0.01878851 1.131875 0.06027925 0.01520532 1.13039 0.06027925 0.01150643 1.129224 0.06027925 0.007719933 1.128385 0.06027925 0.003874719 1.127878 0.06027925 0 1.127709 0.06027925 -0.003874719 1.127878 0.06027925 -0.007719933 1.128385 0.06027925 -0.01150643 1.129224 0.06027925 -0.01520532 1.13039 0.06027925 -0.01878851 1.131875 0.06027925 -0.02222871 1.133665 0.06027925 -0.0254997 1.135749 0.06027925 -0.02857667 1.13811 0.06027925 -0.03143614 1.14073 0.06027925 -0.03405636 1.14359 0.06027925 -0.03641736 1.146667 0.06027925 -0.03850126 1.149938 0.06027925 -0.04029214 1.153378 0.06027925 -0.04177629 1.156961 0.06027925 -0.04294258 1.16066 0.06027925 -0.04378199 1.164447 0.06027925 -0.04428827 1.168292 0.06027925 -0.04445743 1.172167 0.06027925 -0.04428827 1.176041 0.06027925 -0.04378199 1.179887 0.06027925 -0.04294258 1.183673 0.06027925 -0.04177629 1.187372 0.06027925 -0.04029214 1.190955 0.06027925 -0.03850126 1.194395 0.06027925 -0.03641736 1.197666 0.06027925 -0.03405636 1.200743 0.06027925 -0.03143614 1.203603 0.06027925 -0.02857667 1.206223 0.06027925 -0.0254997 1.208584 0.06027925 -0.02222871 1.210668 0.06027925 -0.01878851 1.212459 0.06027925 -0.01520532 1.213943 0.06027925 -0.01150643 1.215109 0.06027925 -0.007719933 1.215949 0.06027925 -0.003874719 1.216455 0.06027925 0 1.216624 0.06049996 0.003886938 1.216595 0.06049996 0.007744371 1.216087 0.06049996 0.01154279 1.215245 0.06049996 0.01525342 1.214075 0.06049996 0.01884794 1.212586 0.06049996 0.02229899 1.21079 0.06049996 0.0255804 1.208699 0.06049996 0.02866709 1.206331 0.06049996 0.03153556 1.203702 0.06049996 0.03416407 1.200834 0.06049996 0.03653258 1.197747 0.06049996 0.03862303 1.194466 0.06049996 0.04041957 1.191015 0.06049996 0.04190844 1.18742 0.06049996 0.04307842 1.183709 0.06049996 0.04392051 1.179911 0.06049996 0.04442834 1.176054 0.06049996 0.04459804 1.172167 0.06049996 0.04442834 1.16828 0.06049996 0.04392051 1.164422 0.06049996 0.04307842 1.160624 0.06049996 0.04190844 1.156913 0.06049996 0.04041957 1.153319 0.06049996 0.03862303 1.149868 0.06049996 0.03653258 1.146586 0.06049996 0.03416407 1.1435 0.06049996 0.03153556 1.140631 0.06049996 0.02866709 1.138002 0.06049996 0.0255804 1.135634 0.06049996 0.02229899 1.133544 0.06049996 0.01884794 1.131747 0.06049996 0.01525342 1.130258 0.06049996 0.01154279 1.129088 0.06049996 0.007744371 1.128246 0.06049996 0.003886938 1.127738 0.06049996 0 1.127569 0.06049996 -0.003886938 1.127738 0.06049996 -0.007744371 1.128246 0.06049996 -0.01154279 1.129088 0.06049996 -0.01525342 1.130258 0.06049996 -0.01884794 1.131747 0.06049996 -0.02229899 1.133544 0.06049996 -0.0255804 1.135634 0.06049996 -0.02866709 1.138002 0.06049996 -0.03153556 1.140631 0.06049996 -0.03416407 1.1435 0.06049996 -0.03653258 1.146586 0.06049996 -0.03862303 1.149868 0.06049996 -0.04041957 1.153319 0.06049996 -0.04190844 1.156913 0.06049996 -0.04307842 1.160624 0.06049996 -0.04392051 1.164422 0.06049996 -0.04442834 1.16828 0.06049996 -0.04459804 1.172167 0.06049996 -0.04442834 1.176054 0.06049996 -0.04392051 1.179911 0.06049996 -0.04307842 1.183709 0.06049996 -0.04190844 1.18742 0.06049996 -0.04041957 1.191015 0.06049996 -0.03862303 1.194466 0.06049996 -0.03653258 1.197747 0.06049996 -0.03416407 1.200834 0.06049996 -0.03153556 1.203702 0.06049996 -0.02866709 1.206331 0.06049996 -0.0255804 1.208699 0.06049996 -0.02229899 1.21079 0.06049996 -0.01884794 1.212586 0.06049996 -0.01525342 1.214075 0.06049996 -0.01154279 1.215245 0.06049996 -0.007744371 1.216087 0.06049996 -0.003886938 1.216595 0.06049996 0 1.216765 0.06073212 0.003897488 1.216715 0.06073212 0.007765352 1.216206 0.06073212 0.01157408 1.215362 0.06073212 0.01529473 1.214189 0.06073212 0.01889902 1.212696 0.06073212 0.02235943 1.210894 0.06073212 0.02564972 1.208798 0.06073212 0.02874475 1.206423 0.06073212 0.03162103 1.203788 0.06073212 0.03425663 1.200911 0.06073212 0.03663158 1.197816 0.06073212 0.0387277 1.194526 0.06073212 0.04052907 1.191066 0.06073212 0.04202198 1.187461 0.06073212 0.04319512 1.183741 0.06073212 0.04403954 1.179932 0.06073212 0.04454874 1.176064 0.06073212 0.04471892 1.172167 0.06073212 0.04454874 1.168269 0.06073212 0.04403954 1.164401 0.06073212 0.04319512 1.160593 0.06073212 0.04202198 1.156872 0.06073212 0.04052907 1.153268 0.06073212 0.0387277 1.149807 0.06073212 0.03663158 1.146517 0.06073212 0.03425663 1.143422 0.06073212 0.03162103 1.140546 0.06073212 0.02874475 1.13791 0.06073212 0.02564972 1.135535 0.06073212 0.02235943 1.133439 0.06073212 0.01889902 1.131638 0.06073212 0.01529473 1.130145 0.06073212 0.01157408 1.128971 0.06073212 0.007765352 1.128127 0.06073212 0.003897488 1.127618 0.06073212 0 1.127448 0.06073212 -0.003897488 1.127618 0.06073212 -0.007765352 1.128127 0.06073212 -0.01157408 1.128971 0.06073212 -0.01529473 1.130145 0.06073212 -0.01889902 1.131638 0.06073212 -0.02235943 1.133439 0.06073212 -0.02564972 1.135535 0.06073212 -0.02874475 1.13791 0.06073212 -0.03162103 1.140546 0.06073212 -0.03425663 1.143422 0.06073212 -0.03663158 1.146517 0.06073212 -0.0387277 1.149807 0.06073212 -0.04052907 1.153268 0.06073212 -0.04202198 1.156872 0.06073212 -0.04319512 1.160593 0.06073212 -0.04403954 1.164401 0.06073212 -0.04454874 1.168269 0.06073212 -0.04471892 1.172167 0.06073212 -0.04454874 1.176064 0.06073212 -0.04403954 1.179932 0.06073212 -0.04319512 1.183741 0.06073212 -0.04202198 1.187461 0.06073212 -0.04052907 1.191066 0.06073212 -0.0387277 1.194526 0.06073212 -0.03663158 1.197816 0.06073212 -0.03425663 1.200911 0.06073212 -0.03162103 1.203788 0.06073212 -0.02874475 1.206423 0.06073212 -0.02564972 1.208798 0.06073212 -0.02235943 1.210894 0.06073212 -0.01889902 1.212696 0.06073212 -0.01529473 1.214189 0.06073212 -0.01157408 1.215362 0.06073212 -0.007765352 1.216206 0.06073212 -0.003897488 1.216715 0.06073212 0 1.216886 0.06097394 0.00390619 1.216815 0.06097394 0.007782697 1.216305 0.06097394 0.01160001 1.215458 0.06097394 0.015329 1.214283 0.06097394 0.01894134 1.212787 0.06097394 0.02240949 1.210981 0.06097394 0.02570712 1.20888 0.06097394 0.02880913 1.2065 0.06097394 0.03169184 1.203858 0.06097394 0.0343334 1.200976 0.06097394 0.0367136 1.197874 0.06097394 0.03881442 1.194576 0.06097394 0.04061985 1.191108 0.06097394 0.0421161 1.187496 0.06097394 0.04329186 1.183767 0.06097394 0.04413813 1.179949 0.06097394 0.04464852 1.176073 0.06097394 0.04481905 1.172167 0.06097394 0.04464852 1.16826 0.06097394 0.04413813 1.164384 0.06097394 0.04329186 1.160567 0.06097394 0.0421161 1.156838 0.06097394 0.04061985 1.153225 0.06097394 0.03881442 1.149757 0.06097394 0.0367136 1.146459 0.06097394 0.0343334 1.143357 0.06097394 0.03169184 1.140475 0.06097394 0.02880913 1.137833 0.06097394 0.02570712 1.135453 0.06097394 0.02240949 1.133352 0.06097394 0.01894134 1.131547 0.06097394 0.015329 1.130051 0.06097394 0.01160001 1.128875 0.06097394 0.007782697 1.128028 0.06097394 0.00390619 1.127518 0.06097394 0 1.127348 0.06097394 -0.00390619 1.127518 0.06097394 -0.007782697 1.128028 0.06097394 -0.01160001 1.128875 0.06097394 -0.015329 1.130051 0.06097394 -0.01894134 1.131547 0.06097394 -0.02240949 1.133352 0.06097394 -0.02570712 1.135453 0.06097394 -0.02880913 1.137833 0.06097394 -0.03169184 1.140475 0.06097394 -0.0343334 1.143357 0.06097394 -0.0367136 1.146459 0.06097394 -0.03881442 1.149757 0.06097394 -0.04061985 1.153225 0.06097394 -0.0421161 1.156838 0.06097394 -0.04329186 1.160567 0.06097394 -0.04413813 1.164384 0.06097394 -0.04464852 1.16826 0.06097394 -0.04481905 1.172167 0.06097394 -0.04464852 1.176073 0.06097394 -0.04413813 1.179949 0.06097394 -0.04329186 1.183767 0.06097394 -0.0421161 1.187496 0.06097394 -0.04061985 1.191108 0.06097394 -0.03881442 1.194576 0.06097394 -0.0367136 1.197874 0.06097394 -0.0343334 1.200976 0.06097394 -0.03169184 1.203858 0.06097394 -0.02880913 1.2065 0.06097394 -0.02570712 1.20888 0.06097394 -0.02240949 1.210981 0.06097394 -0.01894134 1.212787 0.06097394 -0.015329 1.214283 0.06097394 -0.01160001 1.215458 0.06097394 -0.007782697 1.216305 0.06097394 -0.00390619 1.216815 0.06097394 0 1.216986 0.0612235 0.003913044 1.216894 0.0612235 0.007796406 1.216382 0.0612235 0.0116204 1.215535 0.0612235 0.01535594 1.214357 0.0612235 0.0189746 1.212858 0.0612235 0.02244883 1.211049 0.0612235 0.0257523 1.208945 0.0612235 0.02885973 1.20656 0.0612235 0.03174751 1.203914 0.0612235 0.03439366 1.201026 0.0612235 0.03677809 1.197919 0.0612235 0.03888261 1.194616 0.0612235 0.04069119 1.191141 0.0612235 0.04219007 1.187523 0.0612235 0.04336792 1.183787 0.0612235 0.04421567 1.179963 0.0612235 0.0447269 1.17608 0.0612235 0.04489773 1.172167 0.0612235 0.0447269 1.168254 0.0612235 0.04421567 1.16437 0.0612235 0.04336792 1.160546 0.0612235 0.04219007 1.156811 0.0612235 0.04069119 1.153192 0.0612235 0.03888261 1.149718 0.0612235 0.03677809 1.146414 0.0612235 0.03439366 1.143307 0.0612235 0.03174751 1.140419 0.0612235 0.02885973 1.137773 0.0612235 0.0257523 1.135389 0.0612235 0.02244883 1.133284 0.0612235 0.0189746 1.131475 0.0612235 0.01535594 1.129976 0.0612235 0.0116204 1.128799 0.0612235 0.007796406 1.127951 0.0612235 0.003913044 1.12744 0.0612235 0 1.127269 0.0612235 -0.003913044 1.12744 0.0612235 -0.007796406 1.127951 0.0612235 -0.0116204 1.128799 0.0612235 -0.01535594 1.129976 0.0612235 -0.0189746 1.131475 0.0612235 -0.02244883 1.133284 0.0612235 -0.0257523 1.135389 0.0612235 -0.02885973 1.137773 0.0612235 -0.03174751 1.140419 0.0612235 -0.03439366 1.143307 0.0612235 -0.03677809 1.146414 0.0612235 -0.03888261 1.149718 0.0612235 -0.04069119 1.153192 0.0612235 -0.04219007 1.156811 0.0612235 -0.04336792 1.160546 0.0612235 -0.04421567 1.16437 0.0612235 -0.0447269 1.168254 0.0612235 -0.04489773 1.172167 0.0612235 -0.0447269 1.17608 0.0612235 -0.04421567 1.179963 0.0612235 -0.04336792 1.183787 0.0612235 -0.04219007 1.187523 0.0612235 -0.04069119 1.191141 0.0612235 -0.03888261 1.194616 0.0612235 -0.03677809 1.197919 0.0612235 -0.03439366 1.201026 0.0612235 -0.03174751 1.203914 0.0612235 -0.02885973 1.20656 0.0612235 -0.0257523 1.208945 0.0612235 -0.02244883 1.211049 0.0612235 -0.0189746 1.212858 0.0612235 -0.01535594 1.214357 0.0612235 -0.0116204 1.215535 0.0612235 -0.007796406 1.216382 0.0612235 -0.003913044 1.216894 0.0612235 0 1.217064 0.06147903 0.003917992 1.21695 0.06147903 0.007806241 1.216438 0.06147903 0.01163506 1.215589 0.06147903 0.01537531 1.21441 0.06147903 0.01899856 1.212909 0.06147903 0.0224772 1.211098 0.06147903 0.02578479 1.208991 0.06147903 0.02889609 1.206604 0.06147903 0.03178757 1.203954 0.06147903 0.03443706 1.201063 0.06147903 0.03682446 1.197951 0.06147903 0.03893166 1.194644 0.06147903 0.04074251 1.191165 0.06147903 0.0422433 1.187542 0.06147903 0.04342263 1.183802 0.06147903 0.04427146 1.179973 0.06147903 0.04478335 1.176085 0.06147903 0.04495441 1.172167 0.06147903 0.04478335 1.168249 0.06147903 0.04427146 1.16436 0.06147903 0.04342263 1.160532 0.06147903 0.0422433 1.156791 0.06147903 0.04074251 1.153168 0.06147903 0.03893166 1.149689 0.06147903 0.03682446 1.146382 0.06147903 0.03443706 1.14327 0.06147903 0.03178757 1.140379 0.06147903 0.02889609 1.13773 0.06147903 0.02578479 1.135342 0.06147903 0.0224772 1.133235 0.06147903 0.01899856 1.131424 0.06147903 0.01537531 1.129923 0.06147903 0.01163506 1.128744 0.06147903 0.007806241 1.127895 0.06147903 0.003917992 1.127383 0.06147903 0 1.127212 0.06147903 -0.003917992 1.127383 0.06147903 -0.007806241 1.127895 0.06147903 -0.01163506 1.128744 0.06147903 -0.01537531 1.129923 0.06147903 -0.01899856 1.131424 0.06147903 -0.0224772 1.133235 0.06147903 -0.02578479 1.135342 0.06147903 -0.02889609 1.13773 0.06147903 -0.03178757 1.140379 0.06147903 -0.03443706 1.14327 0.06147903 -0.03682446 1.146382 0.06147903 -0.03893166 1.149689 0.06147903 -0.04074251 1.153168 0.06147903 -0.0422433 1.156791 0.06147903 -0.04342263 1.160532 0.06147903 -0.04427146 1.16436 0.06147903 -0.04478335 1.168249 0.06147903 -0.04495441 1.172167 0.06147903 -0.04478335 1.176085 0.06147903 -0.04427146 1.179973 0.06147903 -0.04342263 1.183802 0.06147903 -0.0422433 1.187542 0.06147903 -0.04074251 1.191165 0.06147903 -0.03893166 1.194644 0.06147903 -0.03682446 1.197951 0.06147903 -0.03443706 1.201063 0.06147903 -0.03178757 1.203954 0.06147903 -0.02889609 1.206604 0.06147903 -0.02578479 1.208991 0.06147903 -0.0224772 1.211098 0.06147903 -0.01899856 1.212909 0.06147903 -0.01537531 1.21441 0.06147903 -0.01163506 1.215589 0.06147903 -0.007806241 1.216438 0.06147903 -0.003917992 1.21695 0.06147903 0 1.217121 0.06173849 0.003920972 1.216984 0.06173849 0.007812142 1.216472 0.06173849 0.01164388 1.215622 0.06173849 0.01538699 1.214442 0.06173849 0.01901298 1.21294 0.06173849 0.02249425 1.211128 0.06173849 0.02580434 1.209019 0.06173849 0.02891808 1.20663 0.06173849 0.03181171 1.203978 0.06173849 0.03446322 1.201085 0.06173849 0.03685247 1.197971 0.06173849 0.03896123 1.194661 0.06173849 0.04077345 1.19118 0.06173849 0.04227542 1.187554 0.06173849 0.0434556 1.183811 0.06173849 0.04430508 1.179979 0.06173849 0.04481738 1.176088 0.06173849 0.04498857 1.172167 0.06173849 0.04481738 1.168246 0.06173849 0.04430508 1.164354 0.06173849 0.0434556 1.160523 0.06173849 0.04227542 1.15678 0.06173849 0.04077345 1.153154 0.06173849 0.03896123 1.149672 0.06173849 0.03685247 1.146362 0.06173849 0.03446322 1.143249 0.06173849 0.03181171 1.140355 0.06173849 0.02891808 1.137703 0.06173849 0.02580434 1.135314 0.06173849 0.02249425 1.133205 0.06173849 0.01901298 1.131393 0.06173849 0.01538699 1.129891 0.06173849 0.01164388 1.128711 0.06173849 0.007812142 1.127862 0.06173849 0.003920972 1.127349 0.06173849 0 1.127178 0.06173849 -0.003920972 1.127349 0.06173849 -0.007812142 1.127862 0.06173849 -0.01164388 1.128711 0.06173849 -0.01538699 1.129891 0.06173849 -0.01901298 1.131393 0.06173849 -0.02249425 1.133205 0.06173849 -0.02580434 1.135314 0.06173849 -0.02891808 1.137703 0.06173849 -0.03181171 1.140355 0.06173849 -0.03446322 1.143249 0.06173849 -0.03685247 1.146362 0.06173849 -0.03896123 1.149672 0.06173849 -0.04077345 1.153154 0.06173849 -0.04227542 1.15678 0.06173849 -0.0434556 1.160523 0.06173849 -0.04430508 1.164354 0.06173849 -0.04481738 1.168246 0.06173849 -0.04498857 1.172167 0.06173849 -0.04481738 1.176088 0.06173849 -0.04430508 1.179979 0.06173849 -0.0434556 1.183811 0.06173849 -0.04227542 1.187554 0.06173849 -0.04077345 1.19118 0.06173849 -0.03896123 1.194661 0.06173849 -0.03685247 1.197971 0.06173849 -0.03446322 1.201085 0.06173849 -0.03181171 1.203978 0.06173849 -0.02891808 1.20663 0.06173849 -0.02580434 1.209019 0.06173849 -0.02249425 1.211128 0.06173849 -0.01901298 1.21294 0.06173849 -0.01538699 1.214442 0.06173849 -0.01164388 1.215622 0.06173849 -0.007812142 1.216472 0.06173849 -0.003920972 1.216984 0.06173849 0 1.217155 0.083 0.03290891 1.153167 0.083 0.03443968 1.156107 0.083 0.0357083 1.15917 0.083 0.03670513 1.162332 0.083 0.03742265 1.165568 0.083 0.03785538 1.168855 0.083 0.03799998 1.172167 0.083 0.03785538 1.175479 0.083 0.03742265 1.178765 0.083 0.03670513 1.182002 0.083 0.0357083 1.185163 0.083 0.03443968 1.188226 0.083 0.03290891 1.191167 0.083 0.03112775 1.193963 0.083 0.02910965 1.196593 0.083 0.02687001 1.199037 0.083 0.02442592 1.201276 0.083 0.02179586 1.203294 0.083 0.01899999 1.205076 0.083 0.01605945 1.206606 0.083 0.01299673 1.207875 0.083 0.009835124 1.208872 0.083 0.006598591 1.209589 0.083 0.003311872 1.210022 0.083 0 1.210167 0.083 -0.003311872 1.210022 0.083 -0.006598591 1.209589 0.083 -0.009835124 1.208872 0.083 -0.01299673 1.207875 0.083 -0.01605945 1.206606 0.083 -0.01899999 1.205076 0.083 -0.02179586 1.203294 0.083 -0.02442592 1.201276 0.083 -0.02687001 1.199037 0.083 -0.02910965 1.196593 0.083 -0.03112775 1.193963 0.083 -0.03290891 1.191167 0.083 -0.03443968 1.188226 0.083 -0.0357083 1.185163 0.083 -0.03670513 1.182002 0.083 -0.03742265 1.178765 0.083 -0.03785538 1.175479 0.083 -0.03799998 1.172167 0.083 -0.03785538 1.168855 0.083 -0.03742265 1.165568 0.083 -0.03670513 1.162332 0.083 -0.0357083 1.15917 0.083 -0.03443968 1.156107 0.083 -0.03290891 1.153167 0.083 -0.03112775 1.150371 0.083 -0.02910965 1.147741 0.083 -0.02687001 1.145297 0.083 -0.02442592 1.143057 0.083 -0.02179586 1.141039 0.083 -0.01899999 1.139258 0.083 -0.01605945 1.137727 0.083 -0.01299673 1.136458 0.083 -0.009835124 1.135461 0.083 -0.006598591 1.134744 0.083 -0.003311872 1.134311 0.083 0 1.134167 0.083 0.003311872 1.134311 0.083 0.006598591 1.134744 0.083 0.009835124 1.135461 0.083 0.01299673 1.136458 0.083 0.01605945 1.137727 0.083 0.01899999 1.139258 0.083 0.02179586 1.141039 0.083 0.02442592 1.143057 0.083 0.02687001 1.145297 0.083 0.02910965 1.147741 0.083 0.03112775 1.150371 0.06859999 -0.01454252 1.190704 0.06859999 -0.01381802 1.19051 0.06859999 -0.01443582 1.191186 0.06859999 -0.0136972 1.191055 0.06859999 -0.01437145 1.191674 0.06859999 -0.01362431 1.191609 0.06859999 -0.01434999 1.192167 0.06859999 -0.01359999 1.192167 0.06859999 -0.01437145 1.192659 0.06859999 -0.01362431 1.192724 0.06859999 -0.01443582 1.193148 0.06859999 -0.0136972 1.193278 0.06859999 -0.01454252 1.193629 0.06859999 -0.01381802 1.193823 0.06859999 -0.01469069 1.194099 0.06859999 -0.01398593 1.194356 0.06859999 -0.01487934 1.194554 0.06859999 -0.01419961 1.194871 0.06859999 -0.01510691 1.194992 0.06859999 -0.0144574 1.195367 0.06859999 -0.01537173 1.195407 0.06859999 -0.01475739 1.195837 0.06859999 -0.01567184 1.195798 0.06859999 -0.01509732 1.19628 0.06859999 -0.0160048 1.196162 0.06859999 -0.01547449 1.196692 0.06859999 -0.01636821 1.196495 0.06859999 -0.01588612 1.197069 0.06859999 -0.01675927 1.196795 0.06859999 -0.0163291 1.197409 0.06859999 -0.01717495 1.19706 0.06859999 -0.01679998 1.197709 0.06859999 -0.01761215 1.197287 0.06859999 -0.01729524 1.197967 0.06859999 -0.01806753 1.197476 0.06859999 -0.01781105 1.198181 0.06859999 -0.01853764 1.197624 0.06859999 -0.0183435 1.198349 0.06859999 -0.01901888 1.197731 0.06859999 -0.01888865 1.198469 0.06859999 -0.01950752 1.197795 0.06859999 -0.0194422 1.198542 0.06859999 -0.01999998 1.197817 0.06859999 -0.01999998 1.198567 0.06859999 -0.02049243 1.197795 0.06859999 -0.02055776 1.198542 0.06859999 -0.02098107 1.197731 0.06859999 -0.0211113 1.198469 0.06859999 -0.02146232 1.197624 0.06859999 -0.02165639 1.198349 0.06859999 -0.02193236 1.197476 0.06859999 -0.0221889 1.198181 0.06859999 -0.02238774 1.197287 0.06859999 -0.02270472 1.197967 0.06859999 -0.022825 1.19706 0.06859999 -0.02319997 1.197709 0.06859999 -0.02324068 1.196795 0.06859999 -0.02367085 1.197409 0.06859999 -0.02363175 1.196495 0.06859999 -0.02411383 1.197069 0.06859999 -0.0239951 1.196162 0.06859999 -0.02452546 1.196692 0.06859999 -0.02432811 1.195798 0.06859999 -0.02490264 1.19628 0.06859999 -0.02462816 1.195407 0.06859999 -0.02524256 1.195837 0.06859999 -0.02489304 1.194992 0.06859999 -0.02554255 1.195367 0.06859999 -0.02512061 1.194554 0.06859999 -0.02580034 1.194871 0.06859999 -0.02530926 1.194099 0.06859999 -0.02601402 1.194356 0.06859999 -0.02545744 1.193629 0.06859999 -0.02618187 1.193823 0.06859999 -0.02556413 1.193148 0.06859999 -0.02630275 1.193278 0.06859999 -0.02562844 1.192659 0.06859999 -0.02637565 1.192724 0.06859999 -0.02564996 1.192167 0.06859999 -0.02639997 1.192167 0.06859999 -0.02562844 1.191674 0.06859999 -0.02637565 1.191609 0.06859999 -0.02556413 1.191186 0.06859999 -0.02630275 1.191055 0.06859999 -0.02545744 1.190704 0.06859999 -0.02618187 1.19051 0.06859999 -0.02530926 1.190234 0.06859999 -0.02601402 1.189978 0.06859999 -0.02512061 1.189779 0.06859999 -0.02580034 1.189462 0.06859999 -0.02489304 1.189342 0.06859999 -0.02554255 1.188967 0.06859999 -0.02462816 1.188926 0.06859999 -0.02524256 1.188496 0.06859999 -0.02432811 1.188535 0.06859999 -0.02490264 1.188053 0.06859999 -0.0239951 1.188171 0.06859999 -0.02452546 1.187641 0.06859999 -0.02363175 1.187839 0.06859999 -0.02411383 1.187264 0.06859999 -0.02324068 1.187538 0.06859999 -0.02367085 1.186924 0.06859999 -0.022825 1.187274 0.06859999 -0.02319997 1.186624 0.06859999 -0.02238774 1.187046 0.06859999 -0.02270472 1.186366 0.06859999 -0.02193236 1.186857 0.06859999 -0.0221889 1.186153 0.06859999 -0.02146232 1.186709 0.06859999 -0.02165639 1.185985 0.06859999 -0.02098107 1.186602 0.06859999 -0.0211113 1.185864 0.06859999 -0.02049243 1.186538 0.06859999 -0.02055776 1.185791 0.06859999 -0.01999998 1.186517 0.06859999 -0.01999998 1.185767 0.06859999 -0.01950752 1.186538 0.06859999 -0.0194422 1.185791 0.06859999 -0.01901888 1.186602 0.06859999 -0.01888865 1.185864 0.06859999 -0.01853764 1.186709 0.06859999 -0.0183435 1.185985 0.06859999 -0.01806753 1.186857 0.06859999 -0.01781105 1.186153 0.06859999 -0.01761215 1.187046 0.06859999 -0.01729524 1.186366 0.06859999 -0.01717495 1.187274 0.06859999 -0.01679998 1.186624 0.06859999 -0.01675927 1.187538 0.06859999 -0.0163291 1.186924 0.06859999 -0.01636821 1.187839 0.06859999 -0.01588612 1.187264 0.06859999 -0.0160048 1.188171 0.06859999 -0.01547449 1.187641 0.06859999 -0.01567184 1.188535 0.06859999 -0.01509732 1.188053 0.06859999 -0.01537173 1.188926 0.06859999 -0.01475739 1.188496 0.06859999 -0.01510691 1.189342 0.06859999 -0.0144574 1.188967 0.06859999 -0.01487934 1.189779 0.06859999 -0.01419961 1.189462 0.06859999 -0.01469069 1.190234 0.06859999 -0.01398593 1.189978 0.06803995 -0.01276254 1.207959 0.06814277 -0.01299673 1.207875 0.06841963 0.01001101 1.208824 0.06855797 0.00983411 1.208872 0.06897521 -0.03792327 1.169754 0.06919324 -0.03791224 1.169586 0.06841963 -0.03795701 1.17036 0.06858694 -0.03794598 1.170142 0.06877261 -0.03793466 1.169939 0.06784999 -0.03799998 1.172167 0.06785297 -0.03799974 1.17203 0.06786197 -0.03799897 1.171892 0.06787699 -0.03799772 1.171755 0.06789785 -0.03799605 1.17162 0.06792467 -0.03799384 1.171485 0.06795734 -0.03799122 1.171351 0.06799572 -0.03798818 1.171219 0.06803995 -0.03798472 1.171089 0.0680896 -0.03798085 1.170961 0.06814509 -0.03797662 1.170835 0.06820607 -0.03797209 1.170712 0.06827199 -0.03796732 1.170592 0.06942498 -0.03790193 1.169439 0.06954514 -0.0378971 1.169373 0.06966871 -0.03789258 1.169312 0.06979483 -0.03788834 1.169256 0.06992262 -0.03788453 1.169207 0.0700528 -0.03788101 1.169162 0.0701847 -0.03787797 1.169124 0.07031798 -0.03787535 1.169091 0.07045298 -0.03787314 1.169064 0.07058858 -0.03787142 1.169044 0.07072544 -0.03787016 1.169029 0.07086288 -0.03786945 1.16902 0.07099997 -0.03786921 1.169017 0.07113742 -0.03786945 1.16902 0.07127451 -0.03787016 1.169029 0.07141089 -0.03787142 1.169044 0.07154697 -0.03787314 1.169064 0.07168167 -0.03787535 1.169091 0.07181525 -0.03787797 1.169124 0.07194745 -0.03788101 1.169162 0.07207733 -0.03788453 1.169207 0.07220542 -0.03788834 1.169256 0.07233124 -0.03789258 1.169312 0.07245427 -0.0378971 1.169372 0.07257497 -0.03790193 1.169439 0.07280677 -0.03791224 1.169586 0.07302474 -0.03792327 1.169754 0.07322734 -0.03793466 1.169939 0.07341301 -0.03794598 1.170142 0.07358032 -0.03795701 1.17036 0.07372796 -0.03796732 1.170592 0.073794 -0.03797215 1.170712 0.07385486 -0.03797662 1.170835 0.07391005 -0.03798085 1.170961 0.07396 -0.03798472 1.171089 0.07400429 -0.03798818 1.17122 0.07404261 -0.03799122 1.171351 0.07407534 -0.03799384 1.171485 0.0741021 -0.03799605 1.17162 0.07412302 -0.03799772 1.171755 0.07413798 -0.03799897 1.171892 0.07302474 -0.03792327 1.17458 0.07280677 -0.03791224 1.174747 0.07322734 -0.03793466 1.174394 0.07372796 -0.03796732 1.173742 0.07358032 -0.03795701 1.173973 0.07341301 -0.03794598 1.174191 0.07414698 -0.03799974 1.172029 0.07414996 -0.03799998 1.172167 0.07414698 -0.03799974 1.172304 0.07407528 -0.03799384 1.172849 0.07404261 -0.03799122 1.172982 0.07413798 -0.03799897 1.172441 0.07412302 -0.03799772 1.172578 0.0741021 -0.03799605 1.172714 0.07400411 -0.03798818 1.173114 0.07396 -0.03798472 1.173244 0.07391023 -0.03798085 1.173372 0.07385486 -0.03797662 1.173498 0.07379418 -0.03797215 1.173621 0.06942498 -0.03790193 1.174895 0.06919324 -0.03791224 1.174747 0.07257497 -0.03790193 1.174895 0.07245457 -0.0378971 1.174961 0.07233124 -0.03789258 1.175022 0.07220578 -0.0378884 1.175077 0.07207733 -0.03788453 1.175127 0.07194685 -0.03788101 1.175171 0.07181525 -0.03787797 1.175209 0.07168161 -0.03787535 1.175242 0.07154697 -0.03787314 1.175269 0.07141125 -0.03787142 1.17529 0.07127451 -0.03787016 1.175305 0.07113778 -0.03786945 1.175314 0.07099997 -0.03786921 1.175317 0.07086223 -0.03786945 1.175314 0.07072544 -0.03787016 1.175305 0.0705887 -0.03787142 1.17529 0.07045298 -0.03787314 1.175269 0.07031834 -0.03787535 1.175242 0.0701847 -0.03787797 1.175209 0.0700531 -0.03788101 1.175171 0.06992262 -0.03788453 1.175127 0.06979423 -0.0378884 1.175077 0.06966871 -0.03789258 1.175022 0.06954538 -0.0378971 1.174961 0.06897521 -0.03792327 1.17458 0.06877261 -0.03793466 1.174394 0.06858694 -0.03794598 1.174191 0.06841963 -0.03795701 1.173973 0.06827199 -0.03796732 1.173742 0.06820577 -0.03797215 1.173621 0.06814509 -0.03797662 1.173498 0.06808978 -0.03798085 1.173372 0.06803995 -0.03798472 1.173244 0.06799584 -0.03798818 1.173114 0.06795734 -0.03799122 1.172982 0.06792461 -0.03799384 1.172848 0.06789785 -0.03799605 1.172714 0.06787687 -0.03799778 1.172578 0.06786197 -0.03799897 1.172441 0.06785297 -0.03799974 1.172304 0.07280677 0.02915495 1.196538 0.07302474 0.02926224 1.19641 0.07322734 0.02938055 1.196266 0.07341301 0.02950882 1.196109 0.07358032 0.02964586 1.195939 0.07372796 0.02979046 1.195757 0.073794 0.02986508 1.195663 0.07385486 0.02994126 1.195566 0.07391005 0.03001838 1.195467 0.07396 0.030097 1.195365 0.07400429 0.03017652 1.195262 0.07404261 0.03025633 1.195157 0.07407534 0.03033703 1.19505 0.0741021 0.03041791 1.194943 0.07412302 0.0304991 1.194834 0.07413798 0.03058046 1.194724 0.07414698 0.03066146 1.194614 0.07414996 0.03074264 1.194502 0.07414698 0.03082329 1.194391 0.07413798 0.03090322 1.19428 0.07412302 0.03098243 1.194169 0.07058858 0.02880293 1.196954 0.07072544 0.02879315 1.196965 0.06954514 0.02901721 1.196702 0.06966871 0.02897769 1.196749 0.07045298 0.02881664 1.196938 0.06979483 0.02894169 1.196791 0.06992262 0.02890932 1.196829 0.0700528 0.02888053 1.196863 0.0701847 0.0288555 1.196892 0.07031798 0.02883416 1.196917 0.07141089 0.02880293 1.196954 0.07154697 0.02881664 1.196938 0.07086288 0.02878725 1.196972 0.07099997 0.02878528 1.196974 0.07113742 0.02878725 1.196972 0.07127451 0.02879315 1.196965 0.07168167 0.0288341 1.196917 0.07181525 0.0288555 1.196892 0.07194745 0.02888059 1.196863 0.07207733 0.02890932 1.196829 0.07220542 0.02894175 1.196791 0.07233124 0.02897769 1.196749 0.07245427 0.02901703 1.196703 0.07257497 0.02905982 1.196652 0.07269781 0.02910804 1.196594 0.06841963 0.02964586 1.195939 0.06858694 0.02950882 1.196109 0.06877261 0.02938055 1.196266 0.06897521 0.02926224 1.19641 0.06789785 0.03106093 1.194058 0.06787687 0.03098237 1.194169 0.06786197 0.03090322 1.19428 0.06785297 0.03082323 1.194391 0.06784999 0.03074264 1.194502 0.06785297 0.03066182 1.194613 0.06786197 0.03058046 1.194724 0.06787699 0.03049898 1.194834 0.06789785 0.03041791 1.194943 0.06792467 0.03033679 1.195051 0.06795734 0.03025633 1.195157 0.06799572 0.03017634 1.195262 0.06803995 0.030097 1.195365 0.0680896 0.0300188 1.195466 0.06814509 0.02994126 1.195566 0.06820607 0.02986496 1.195663 0.06827199 0.02979046 1.195757 0.06919324 0.02915495 1.196538 0.06930214 0.02910804 1.196594 0.06942498 0.02905982 1.196652 0.07372796 0.03164196 1.193209 0.07358032 0.03176987 1.193016 0.07341301 0.03188908 1.192833 0.07322734 0.03199899 1.192662 0.0741021 0.03106093 1.194058 0.07407939 0.03112775 1.193963 0.07404261 0.03121477 1.193838 0.07400411 0.03128999 1.193729 0.07396 0.03136354 1.193622 0.07391023 0.03143566 1.193516 0.07385486 0.03150624 1.193412 0.07379418 0.0315749 1.19331 0.06942498 0.03226679 1.192238 0.06919324 0.03218835 1.192363 0.07302474 0.03209894 1.192505 0.07280677 0.03218835 1.192363 0.07257497 0.03226679 1.192238 0.07113778 0.03248679 1.19188 0.07099997 0.03248834 1.191877 0.07245457 0.03230172 1.192182 0.07233124 0.03233379 1.19213 0.07220578 0.03236281 1.192083 0.07127451 0.03248208 1.191887 0.07207733 0.03238904 1.19204 0.07194685 0.03241229 1.192002 0.07181525 0.03243237 1.191969 0.07168161 0.03244942 1.191941 0.07154697 0.03246343 1.191918 0.07141125 0.03247427 1.1919 0.07086223 0.03248679 1.19188 0.07072544 0.03248208 1.191887 0.0705887 0.03247427 1.1919 0.07045298 0.03246343 1.191918 0.07031834 0.03244942 1.191941 0.0701847 0.03243237 1.191969 0.0700531 0.03241229 1.192002 0.06992262 0.03238904 1.19204 0.06979423 0.03236287 1.192083 0.06966871 0.03233379 1.19213 0.06954538 0.03230172 1.192182 0.06897521 0.03209894 1.192505 0.06877261 0.03199899 1.192662 0.06858694 0.03188908 1.192833 0.06799584 0.03128999 1.193729 0.06795734 0.03121477 1.193838 0.06792056 0.03112775 1.193963 0.06841963 0.03176987 1.193016 0.06827199 0.03164196 1.193209 0.06820577 0.0315749 1.19331 0.06814509 0.03150624 1.193412 0.06808978 0.03143572 1.193516 0.06803995 0.03136354 1.193622 0.07358032 0.01001101 1.208824 0.07372796 0.01023459 1.208762 0.073794 0.01035064 1.20873 0.07385486 0.01046931 1.208696 0.07391005 0.01058995 1.208661 0.07396 0.01071327 1.208625 0.07400429 0.01083844 1.208588 0.07404261 0.01096451 1.20855 0.07407534 0.01109242 1.208512 0.0741021 0.01122117 1.208472 0.07412302 0.01135081 1.208432 0.07413798 0.01148122 1.208391 0.07414698 0.01161152 1.208349 0.07414996 0.01174259 1.208307 0.07414698 0.01187342 1.208264 0.07413798 0.01200342 1.208221 0.07412302 0.01213288 1.208178 0.0741021 0.01226162 1.208134 0.07407528 0.01238924 1.20809 0.07404261 0.0125153 1.208047 0.07400411 0.01264005 1.208003 0.06897521 0.009423971 1.208979 0.06919324 0.009261488 1.209021 0.06877261 0.009604036 1.208933 0.06858694 0.009800255 1.208881 0.07058858 0.008732736 1.20915 0.07072544 0.008718073 1.209153 0.06942498 0.009117841 1.209057 0.06954514 0.009053647 1.209072 0.06966871 0.008994281 1.209087 0.07045298 0.00875312 1.209145 0.06979483 0.008940219 1.2091 0.06992262 0.008891761 1.209112 0.0700528 0.008848667 1.209122 0.0701847 0.008811175 1.209131 0.07031798 0.008779346 1.209139 0.07086288 0.008709311 1.209155 0.07099997 0.00870639 1.209156 0.07113742 0.008709311 1.209155 0.07127451 0.008718073 1.209153 0.07141089 0.008732676 1.20915 0.07154697 0.00875312 1.209145 0.07168167 0.008779287 1.209139 0.07181525 0.008811175 1.209131 0.07194745 0.008848786 1.209122 0.07207733 0.008891761 1.209112 0.07220542 0.008940339 1.2091 0.07233124 0.008994281 1.209087 0.07245427 0.009053409 1.209072 0.07257497 0.009117841 1.209057 0.07280677 0.009261488 1.209021 0.07302474 0.009423971 1.208979 0.07322734 0.009604036 1.208933 0.07341301 0.009800255 1.208881 0.07344198 0.00983411 1.208872 0.06814277 0.01299673 1.207875 0.06803995 0.01276254 1.207959 0.06799584 0.01264005 1.208003 0.06795734 0.0125153 1.208047 0.06792461 0.012389 1.20809 0.06789785 0.01226162 1.208134 0.06787687 0.01213276 1.208178 0.06786197 0.01200342 1.208221 0.06785297 0.01187324 1.208264 0.06784999 0.01174259 1.208307 0.06785297 0.01161217 1.208349 0.06786197 0.01148122 1.208391 0.06787699 0.01135057 1.208432 0.06789785 0.01122117 1.208472 0.06792467 0.01109212 1.208512 0.06795734 0.01096451 1.20855 0.06799572 0.01083821 1.208588 0.06803995 0.01071327 1.208625 0.0680896 0.01059055 1.208661 0.06814509 0.01046931 1.208696 0.06820607 0.01035034 1.20873 0.06827199 0.01023459 1.208762 0.07341301 0.0136516 1.20763 0.07322734 0.01384079 1.207556 0.07379418 0.01311713 1.207831 0.07372796 0.01323044 1.207789 0.07358032 0.0134477 1.207708 0.07396 0.01276254 1.207959 0.07385718 0.01299673 1.207875 0.07385486 0.0130015 1.207873 0.07302474 0.01401388 1.207488 0.07280677 0.01416957 1.207426 0.07257497 0.01430678 1.20737 0.07245457 0.01436811 1.207346 0.07233124 0.01442456 1.207322 0.07220578 0.01447576 1.207301 0.07127451 0.01468694 1.207214 0.07113778 0.01469522 1.20721 0.07207733 0.01452207 1.207282 0.07194685 0.01456314 1.207265 0.07181525 0.01459866 1.207251 0.07168161 0.01462894 1.207238 0.07154697 0.01465374 1.207228 0.07141125 0.01467305 1.207219 0.07099997 0.01469802 1.207209 0.07086223 0.01469522 1.20721 0.07072544 0.01468694 1.207214 0.0705887 0.01467305 1.207219 0.07045298 0.01465374 1.207228 0.07031834 0.01462894 1.207238 0.0701847 0.01459866 1.207251 0.0700531 0.01456314 1.207265 0.06992262 0.01452207 1.207282 0.06979423 0.01447582 1.207301 0.06966871 0.01442456 1.207322 0.06954538 0.01436811 1.207346 0.06942498 0.01430678 1.20737 0.06919324 0.01416957 1.207426 0.06897521 0.01401388 1.207488 0.06877261 0.01384079 1.207556 0.06858694 0.0136516 1.20763 0.06841963 0.0134477 1.207708 0.06827199 0.01323044 1.207789 0.06820577 0.01311713 1.207831 0.06814509 0.0130015 1.207873 0.07396 -0.01276254 1.207959 0.07400429 -0.01263952 1.208003 0.07404261 -0.0125153 1.208047 0.07407534 -0.012389 1.20809 0.0741021 -0.01226162 1.208134 0.07412302 -0.01213306 1.208178 0.07413798 -0.01200342 1.208221 0.07413798 -0.01148122 1.208391 0.07412302 -0.01135098 1.208432 0.07414698 -0.0118736 1.208264 0.07414996 -0.01174259 1.208307 0.07414698 -0.0116117 1.208349 0.0741021 -0.01122117 1.208472 0.07407528 -0.01109224 1.208512 0.07404261 -0.01096451 1.20855 0.07400411 -0.01083785 1.208588 0.07396 -0.01071327 1.208625 0.07391023 -0.01059025 1.208661 0.07385486 -0.01046931 1.208696 0.07379418 -0.01035094 1.20873 0.07372796 -0.01023459 1.208762 0.06858694 -0.0136516 1.20763 0.06877261 -0.01384079 1.207556 0.06897521 -0.01401388 1.207488 0.06919324 -0.01416957 1.207426 0.06820607 -0.01311767 1.207831 0.06827199 -0.01323044 1.207789 0.06841963 -0.0134477 1.207708 0.06814509 -0.0130015 1.207873 0.07058858 -0.01467305 1.207219 0.07072544 -0.01468694 1.207214 0.06942498 -0.01430678 1.20737 0.06954514 -0.01436799 1.207346 0.06966871 -0.01442456 1.207322 0.07045298 -0.01465374 1.207228 0.06979483 -0.01447606 1.207301 0.06992262 -0.01452207 1.207282 0.0700528 -0.01456308 1.207265 0.0701847 -0.01459866 1.207251 0.07031798 -0.01462888 1.207238 0.07086288 -0.01469528 1.20721 0.07099997 -0.01469802 1.207209 0.07113742 -0.01469528 1.20721 0.07127451 -0.01468694 1.207214 0.07141089 -0.01467311 1.207219 0.07154697 -0.01465374 1.207228 0.07168167 -0.01462894 1.207238 0.07181525 -0.01459866 1.207251 0.07194745 -0.01456296 1.207265 0.07207733 -0.01452207 1.207282 0.07220542 -0.01447594 1.207301 0.07233124 -0.01442456 1.207322 0.07245427 -0.01436829 1.207345 0.07257497 -0.01430678 1.20737 0.07280677 -0.01416957 1.207426 0.07302474 -0.01401388 1.207488 0.07322734 -0.01384079 1.207556 0.07341301 -0.0136516 1.20763 0.07358032 -0.0134477 1.207708 0.07372796 -0.01323044 1.207789 0.073794 -0.01311737 1.207831 0.07385486 -0.0130015 1.207873 0.07385718 -0.01299673 1.207875 0.06785297 -0.01187294 1.208264 0.06786197 -0.01200342 1.208221 0.06841963 -0.01001101 1.208824 0.06827199 -0.01023459 1.208762 0.06820577 -0.01035088 1.20873 0.06814509 -0.01046931 1.208696 0.06808978 -0.01059025 1.208661 0.06803995 -0.01071327 1.208625 0.06799584 -0.01083785 1.208588 0.06784999 -0.01174259 1.208307 0.06795734 -0.01096451 1.20855 0.06792461 -0.01109248 1.208512 0.06789785 -0.01122117 1.208472 0.06787687 -0.0113511 1.208432 0.06786197 -0.01148122 1.208391 0.06785297 -0.01161181 1.208349 0.06787699 -0.0121333 1.208178 0.06789785 -0.01226162 1.208134 0.06792467 -0.0123893 1.20809 0.06795734 -0.0125153 1.208047 0.06799572 -0.01263976 1.208003 0.07358032 -0.01001101 1.208824 0.07344198 -0.00983411 1.208872 0.07341301 -0.009800255 1.208881 0.07322734 -0.009604036 1.208933 0.07302474 -0.009423971 1.208979 0.07280677 -0.009261488 1.209021 0.07257497 -0.009117841 1.209057 0.07245457 -0.009053528 1.209072 0.07233124 -0.008994281 1.209087 0.07220578 -0.008940458 1.2091 0.07127451 -0.008718073 1.209153 0.07113778 -0.008709311 1.209155 0.07207733 -0.008891761 1.209112 0.07194685 -0.008848607 1.209122 0.07181525 -0.008811175 1.209131 0.07168161 -0.008779227 1.209139 0.07154697 -0.00875312 1.209145 0.07141125 -0.008732736 1.20915 0.07099997 -0.00870639 1.209156 0.07086223 -0.008709311 1.209155 0.07072544 -0.008718073 1.209153 0.0705887 -0.008732736 1.20915 0.07045298 -0.00875312 1.209145 0.07031834 -0.008779227 1.209139 0.0701847 -0.008811175 1.209131 0.0700531 -0.008848607 1.209122 0.06992262 -0.008891761 1.209112 0.06979423 -0.008940458 1.2091 0.06966871 -0.008994281 1.209087 0.06954538 -0.009053528 1.209072 0.06942498 -0.009117841 1.209057 0.06919324 -0.009261488 1.209021 0.06897521 -0.009423971 1.208979 0.06877261 -0.009604036 1.208933 0.06858694 -0.009800255 1.208881 0.06855797 -0.00983411 1.208872 0.07322734 -0.02938055 1.196266 0.07302474 -0.02926224 1.19641 0.07372796 -0.02979046 1.195757 0.07358032 -0.02964586 1.195939 0.07341301 -0.02950882 1.196109 0.0741021 -0.03106093 1.194058 0.07412302 -0.03098255 1.194168 0.07413798 -0.03090322 1.19428 0.07414698 -0.0308234 1.194391 0.07414996 -0.03074264 1.194502 0.07414698 -0.03066152 1.194614 0.07413798 -0.03058046 1.194724 0.07412302 -0.03049916 1.194834 0.0741021 -0.03041791 1.194943 0.07407528 -0.03033685 1.195051 0.07404261 -0.03025633 1.195157 0.07400411 -0.03017616 1.195262 0.07396 -0.030097 1.195365 0.07391023 -0.03001862 1.195466 0.07385486 -0.02994126 1.195566 0.07379418 -0.02986532 1.195663 0.06897521 -0.03209894 1.192505 0.06919324 -0.03218835 1.192363 0.06841963 -0.03176987 1.193016 0.06858694 -0.03188908 1.192833 0.06877261 -0.03199899 1.192662 0.06795734 -0.03121477 1.193838 0.06799572 -0.03128981 1.193729 0.06803995 -0.03136354 1.193622 0.0680896 -0.03143548 1.193516 0.06814509 -0.03150624 1.193412 0.06820607 -0.0315752 1.193309 0.06827199 -0.03164196 1.193209 0.07257497 -0.03226679 1.192238 0.07280677 -0.03218835 1.192363 0.06942498 -0.03226679 1.192238 0.06954514 -0.03230166 1.192182 0.06966871 -0.03233379 1.19213 0.07045298 -0.03246343 1.191918 0.07058858 -0.03247427 1.1919 0.06979483 -0.03236299 1.192082 0.06992262 -0.03238904 1.19204 0.0700528 -0.03241223 1.192002 0.0701847 -0.03243237 1.191969 0.07031798 -0.03244936 1.191941 0.07072544 -0.03248208 1.191887 0.07086288 -0.03248679 1.19188 0.07099997 -0.03248834 1.191877 0.07127451 -0.03248208 1.191887 0.07141089 -0.03247433 1.1919 0.07113742 -0.03248679 1.19188 0.07154697 -0.03246343 1.191918 0.07168167 -0.03244942 1.191941 0.07181525 -0.03243237 1.191969 0.07194745 -0.03241217 1.192002 0.07207733 -0.03238904 1.19204 0.07220542 -0.03236293 1.192083 0.07233124 -0.03233379 1.19213 0.07245427 -0.03230178 1.192181 0.07302474 -0.03209894 1.192505 0.07322734 -0.03199899 1.192662 0.07341301 -0.03188908 1.192833 0.07358032 -0.03176987 1.193016 0.07372796 -0.03164196 1.193209 0.073794 -0.03157508 1.193309 0.07385486 -0.03150624 1.193412 0.07391005 -0.03143584 1.193516 0.07396 -0.03136354 1.193622 0.07400429 -0.03128963 1.193729 0.07404261 -0.03121477 1.193838 0.07407939 -0.03112775 1.193963 0.06919324 -0.02915495 1.196538 0.06897521 -0.02926224 1.19641 0.06877261 -0.02938055 1.196266 0.06858694 -0.02950882 1.196109 0.06841963 -0.02964586 1.195939 0.06827199 -0.02979046 1.195757 0.06820577 -0.02986526 1.195663 0.06814509 -0.02994126 1.195566 0.06808978 -0.03001856 1.195466 0.06803995 -0.030097 1.195365 0.06799584 -0.03017616 1.195262 0.06795734 -0.03025633 1.195157 0.06792461 -0.03033703 1.19505 0.06789785 -0.03041791 1.194943 0.06787687 -0.03049927 1.194834 0.06786197 -0.03058046 1.194724 0.06785297 -0.03066164 1.194614 0.06784999 -0.03074264 1.194502 0.06785297 -0.03082299 1.194391 0.06786197 -0.03090322 1.19428 0.06787699 -0.03098267 1.194168 0.06789785 -0.03106093 1.194058 0.06792056 -0.03112775 1.193963 0.07280677 -0.02915495 1.196538 0.07269781 -0.02910804 1.196594 0.07257497 -0.02905982 1.196652 0.07245457 -0.02901709 1.196702 0.07233124 -0.02897769 1.196749 0.07220578 -0.02894181 1.196791 0.07207733 -0.02890932 1.196829 0.07194685 -0.02888047 1.196863 0.07181525 -0.0288555 1.196892 0.07168161 -0.0288341 1.196917 0.07154697 -0.02881664 1.196938 0.07141125 -0.02880293 1.196954 0.07127451 -0.02879315 1.196965 0.07113778 -0.02878725 1.196972 0.07099997 -0.02878528 1.196974 0.07086223 -0.02878725 1.196972 0.07072544 -0.02879315 1.196965 0.0705887 -0.02880293 1.196954 0.07045298 -0.02881664 1.196938 0.07031834 -0.0288341 1.196917 0.0701847 -0.0288555 1.196892 0.0700531 -0.02888047 1.196863 0.06992262 -0.02890932 1.196829 0.06979423 -0.02894181 1.196791 0.06966871 -0.02897769 1.196749 0.06954538 -0.02901709 1.196702 0.06942498 -0.02905982 1.196652 0.06930214 -0.02910804 1.196594 0.07159996 0.01999998 1.186517 0.06859999 0.02049243 1.186538 0.07159996 0.02049243 1.186538 0.06859999 0.02098107 1.186602 0.07159996 0.02098107 1.186602 0.06859999 0.02146232 1.186709 0.07159996 0.02146232 1.186709 0.06859999 0.02193236 1.186857 0.07159996 0.02193236 1.186857 0.06859999 0.02238774 1.187046 0.07159996 0.02238774 1.187046 0.06859999 0.022825 1.187274 0.07159996 0.022825 1.187274 0.06859999 0.02324068 1.187538 0.07159996 0.02324068 1.187538 0.06859999 0.02363175 1.187839 0.07159996 0.02363175 1.187839 0.06859999 0.0239951 1.188171 0.07159996 0.0239951 1.188171 0.06859999 0.02432811 1.188535 0.07159996 0.02432811 1.188535 0.06859999 0.02462816 1.188926 0.07159996 0.02462816 1.188926 0.06859999 0.02489304 1.189342 0.07159996 0.02489304 1.189342 0.06859999 0.02512061 1.189779 0.07159996 0.02512061 1.189779 0.06859999 0.02530926 1.190234 0.07159996 0.02530926 1.190234 0.06859999 0.02545744 1.190704 0.07159996 0.02545744 1.190704 0.06859999 0.02556413 1.191186 0.07159996 0.02556413 1.191186 0.06859999 0.02562844 1.191674 0.07159996 0.02562844 1.191674 0.06859999 0.02564996 1.192167 0.07159996 0.02564996 1.192167 0.06859999 0.02562844 1.192659 0.07159996 0.02562844 1.192659 0.06859999 0.02556413 1.193148 0.07159996 0.02556413 1.193148 0.06859999 0.02545744 1.193629 0.07159996 0.02545744 1.193629 0.06859999 0.02530926 1.194099 0.07159996 0.02530926 1.194099 0.06859999 0.02512061 1.194554 0.07159996 0.02512061 1.194554 0.06859999 0.02489304 1.194992 0.07159996 0.02489304 1.194992 0.06859999 0.02462816 1.195407 0.07159996 0.02462816 1.195407 0.06859999 0.02432811 1.195798 0.07159996 0.02432811 1.195798 0.06859999 0.0239951 1.196162 0.07159996 0.0239951 1.196162 0.06859999 0.02363175 1.196495 0.07159996 0.02363175 1.196495 0.06859999 0.02324068 1.196795 0.07159996 0.02324068 1.196795 0.06859999 0.022825 1.19706 0.07159996 0.022825 1.19706 0.06859999 0.02238774 1.197287 0.07159996 0.02238774 1.197287 0.06859999 0.02193236 1.197476 0.07159996 0.02193236 1.197476 0.06859999 0.02146232 1.197624 0.07159996 0.02146232 1.197624 0.06859999 0.02098107 1.197731 0.07159996 0.02098107 1.197731 0.06859999 0.02049243 1.197795 0.07159996 0.02049243 1.197795 0.06859999 0.01999998 1.197817 0.07159996 0.01999998 1.197817 0.06859999 0.01950752 1.197795 0.07159996 0.01950752 1.197795 0.06859999 0.01901888 1.197731 0.07159996 0.01901888 1.197731 0.06859999 0.01853764 1.197624 0.07159996 0.01853764 1.197624 0.06859999 0.01806753 1.197476 0.07159996 0.01806753 1.197476 0.06859999 0.01761215 1.197287 0.07159996 0.01761215 1.197287 0.06859999 0.01717495 1.19706 0.07159996 0.01717495 1.19706 0.06859999 0.01675927 1.196795 0.07159996 0.01675927 1.196795 0.06859999 0.01636821 1.196495 0.07159996 0.01636821 1.196495 0.06859999 0.0160048 1.196162 0.07159996 0.0160048 1.196162 0.06859999 0.01567184 1.195798 0.07159996 0.01567184 1.195798 0.06859999 0.01537173 1.195407 0.07159996 0.01537173 1.195407 0.06859999 0.01510691 1.194992 0.07159996 0.01510691 1.194992 0.06859999 0.01487934 1.194554 0.07159996 0.01487934 1.194554 0.06859999 0.01469069 1.194099 0.07159996 0.01469069 1.194099 0.06859999 0.01454252 1.193629 0.07159996 0.01454252 1.193629 0.06859999 0.01443582 1.193148 0.07159996 0.01443582 1.193148 0.06859999 0.01437145 1.192659 0.07159996 0.01437145 1.192659 0.06859999 0.01434999 1.192167 0.07159996 0.01434999 1.192167 0.06859999 0.01437145 1.191674 0.07159996 0.01437145 1.191674 0.06859999 0.01443582 1.191186 0.07159996 0.01443582 1.191186 0.06859999 0.01454252 1.190704 0.07159996 0.01454252 1.190704 0.06859999 0.01469069 1.190234 0.07159996 0.01469069 1.190234 0.06859999 0.01487934 1.189779 0.07159996 0.01487934 1.189779 0.06859999 0.01510691 1.189342 0.07159996 0.01510691 1.189342 0.06859999 0.01537173 1.188926 0.07159996 0.01537173 1.188926 0.06859999 0.01567184 1.188535 0.07159996 0.01567184 1.188535 0.06859999 0.0160048 1.188171 0.07159996 0.0160048 1.188171 0.06859999 0.01636821 1.187839 0.07159996 0.01636821 1.187839 0.06859999 0.01675927 1.187538 0.07159996 0.01675927 1.187538 0.06859999 0.01717495 1.187274 0.07159996 0.01717495 1.187274 0.06859999 0.01761215 1.187046 0.07159996 0.01761215 1.187046 0.06859999 0.01806753 1.186857 0.07159996 0.01806753 1.186857 0.06859999 0.01853764 1.186709 0.07159996 0.01853764 1.186709 0.06859999 0.01901888 1.186602 0.07159996 0.01901888 1.186602 0.06859999 0.01950752 1.186538 0.07159996 0.01950752 1.186538 0.06859999 0.01999998 1.186517 0.07159996 -0.01999998 1.186517 0.07159996 -0.01950752 1.186538 0.07159996 -0.01901888 1.186602 0.07159996 -0.01853764 1.186709 0.07159996 -0.01806753 1.186857 0.07159996 -0.01761215 1.187046 0.07159996 -0.01717495 1.187274 0.07159996 -0.01675927 1.187538 0.07159996 -0.01636821 1.187839 0.07159996 -0.0160048 1.188171 0.07159996 -0.01567184 1.188535 0.07159996 -0.01537173 1.188926 0.07159996 -0.01510691 1.189342 0.07159996 -0.01487934 1.189779 0.07159996 -0.01469069 1.190234 0.07159996 -0.01454252 1.190704 0.07159996 -0.01443582 1.191186 0.07159996 -0.01437145 1.191674 0.07159996 -0.01434999 1.192167 0.07159996 -0.01437145 1.192659 0.07159996 -0.01443582 1.193148 0.07159996 -0.01454252 1.193629 0.07159996 -0.01469069 1.194099 0.07159996 -0.01487934 1.194554 0.07159996 -0.01510691 1.194992 0.07159996 -0.01537173 1.195407 0.07159996 -0.01567184 1.195798 0.07159996 -0.0160048 1.196162 0.07159996 -0.01636821 1.196495 0.07159996 -0.01675927 1.196795 0.07159996 -0.01717495 1.19706 0.07159996 -0.01761215 1.197287 0.07159996 -0.01806753 1.197476 0.07159996 -0.01853764 1.197624 0.07159996 -0.01901888 1.197731 0.07159996 -0.01950752 1.197795 0.07159996 -0.01999998 1.197817 0.07159996 -0.02049243 1.197795 0.07159996 -0.02098107 1.197731 0.07159996 -0.02146232 1.197624 0.07159996 -0.02193236 1.197476 0.07159996 -0.02238774 1.197287 0.07159996 -0.022825 1.19706 0.07159996 -0.02324068 1.196795 0.07159996 -0.02363175 1.196495 0.07159996 -0.0239951 1.196162 0.07159996 -0.02432811 1.195798 0.07159996 -0.02462816 1.195407 0.07159996 -0.02489304 1.194992 0.07159996 -0.02512061 1.194554 0.07159996 -0.02530926 1.194099 0.07159996 -0.02545744 1.193629 0.07159996 -0.02556413 1.193148 0.07159996 -0.02562844 1.192659 0.07159996 -0.02564996 1.192167 0.07159996 -0.02562844 1.191674 0.07159996 -0.02556413 1.191186 0.07159996 -0.02545744 1.190704 0.07159996 -0.02530926 1.190234 0.07159996 -0.02512061 1.189779 0.07159996 -0.02489304 1.189342 0.07159996 -0.02462816 1.188926 0.07159996 -0.02432811 1.188535 0.07159996 -0.0239951 1.188171 0.07159996 -0.02363175 1.187839 0.07159996 -0.02324068 1.187538 0.07159996 -0.022825 1.187274 0.07159996 -0.02238774 1.187046 0.07159996 -0.02193236 1.186857 0.07159996 -0.02146232 1.186709 0.07159996 -0.02098107 1.186602 0.07159996 -0.02049243 1.186538 0.07159996 0.01999998 1.146517 0.07159996 0.02049243 1.146538 0.07159996 0.02098107 1.146602 0.07159996 0.02146232 1.146709 0.07159996 0.02193236 1.146857 0.07159996 0.02238774 1.147046 0.07159996 0.022825 1.147274 0.07159996 0.02324068 1.147538 0.07159996 0.02363175 1.147838 0.07159996 0.0239951 1.148172 0.07159996 0.02432811 1.148535 0.07159996 0.02462816 1.148926 0.07159996 0.02489304 1.149342 0.07159996 0.02512061 1.149779 0.07159996 0.02530926 1.150234 0.07159996 0.02545744 1.150704 0.07159996 0.02556413 1.151185 0.07159996 0.02562844 1.151674 0.07159996 0.02564996 1.152167 0.07159996 0.02562844 1.152659 0.07159996 0.02556413 1.153148 0.07159996 0.02545744 1.153629 0.07159996 0.02530926 1.154099 0.07159996 0.02512061 1.154554 0.07159996 0.02489304 1.154992 0.07159996 0.02462816 1.155407 0.07159996 0.02432811 1.155798 0.07159996 0.0239951 1.156162 0.07159996 0.02363175 1.156495 0.07159996 0.02324068 1.156795 0.07159996 0.022825 1.15706 0.07159996 0.02238774 1.157287 0.07159996 0.02193236 1.157476 0.07159996 0.02146232 1.157624 0.07159996 0.02098107 1.157731 0.07159996 0.02049243 1.157795 0.07159996 0.01999998 1.157817 0.07159996 0.01950752 1.157795 0.07159996 0.01901888 1.157731 0.07159996 0.01853764 1.157624 0.07159996 0.01806753 1.157476 0.07159996 0.01761215 1.157287 0.07159996 0.01717495 1.15706 0.07159996 0.01675927 1.156795 0.07159996 0.01636821 1.156495 0.07159996 0.0160048 1.156162 0.07159996 0.01567184 1.155798 0.07159996 0.01537173 1.155407 0.07159996 0.01510691 1.154992 0.07159996 0.01487934 1.154554 0.07159996 0.01469069 1.154099 0.07159996 0.01454252 1.153629 0.07159996 0.01443582 1.153148 0.07159996 0.01437145 1.152659 0.07159996 0.01434999 1.152167 0.07159996 0.01437145 1.151674 0.07159996 0.01443582 1.151185 0.07159996 0.01454252 1.150704 0.07159996 0.01469069 1.150234 0.07159996 0.01487934 1.149779 0.07159996 0.01510691 1.149342 0.07159996 0.01537173 1.148926 0.07159996 0.01567184 1.148535 0.07159996 0.0160048 1.148172 0.07159996 0.01636821 1.147838 0.07159996 0.01675927 1.147538 0.07159996 0.01717495 1.147274 0.07159996 0.01761215 1.147046 0.07159996 0.01806753 1.146857 0.07159996 0.01853764 1.146709 0.07159996 0.01901888 1.146602 0.07159996 0.01950752 1.146538 0.07159996 -0.01999998 1.146517 0.06859999 -0.01950752 1.146538 0.07159996 -0.01950752 1.146538 0.06859999 -0.01901888 1.146602 0.07159996 -0.01901888 1.146602 0.06859999 -0.01853764 1.146709 0.07159996 -0.01853764 1.146709 0.06859999 -0.01806753 1.146857 0.07159996 -0.01806753 1.146857 0.06859999 -0.01761215 1.147046 0.07159996 -0.01761215 1.147046 0.06859999 -0.01717495 1.147274 0.07159996 -0.01717495 1.147274 0.06859999 -0.01675927 1.147538 0.07159996 -0.01675927 1.147538 0.06859999 -0.01636821 1.147838 0.07159996 -0.01636821 1.147838 0.06859999 -0.0160048 1.148172 0.07159996 -0.0160048 1.148172 0.06859999 -0.01567184 1.148535 0.07159996 -0.01567184 1.148535 0.06859999 -0.01537173 1.148926 0.07159996 -0.01537173 1.148926 0.06859999 -0.01510691 1.149342 0.07159996 -0.01510691 1.149342 0.06859999 -0.01487934 1.149779 0.07159996 -0.01487934 1.149779 0.06859999 -0.01469069 1.150234 0.07159996 -0.01469069 1.150234 0.06859999 -0.01454252 1.150704 0.07159996 -0.01454252 1.150704 0.06859999 -0.01443582 1.151185 0.07159996 -0.01443582 1.151185 0.06859999 -0.01437145 1.151674 0.07159996 -0.01437145 1.151674 0.06859999 -0.01434999 1.152167 0.07159996 -0.01434999 1.152167 0.06859999 -0.01437145 1.152659 0.07159996 -0.01437145 1.152659 0.06859999 -0.01443582 1.153148 0.07159996 -0.01443582 1.153148 0.06859999 -0.01454252 1.153629 0.07159996 -0.01454252 1.153629 0.06859999 -0.01469069 1.154099 0.07159996 -0.01469069 1.154099 0.06859999 -0.01487934 1.154554 0.07159996 -0.01487934 1.154554 0.06859999 -0.01510691 1.154992 0.07159996 -0.01510691 1.154992 0.06859999 -0.01537173 1.155407 0.07159996 -0.01537173 1.155407 0.06859999 -0.01567184 1.155798 0.07159996 -0.01567184 1.155798 0.06859999 -0.0160048 1.156162 0.07159996 -0.0160048 1.156162 0.06859999 -0.01636821 1.156495 0.07159996 -0.01636821 1.156495 0.06859999 -0.01675927 1.156795 0.07159996 -0.01675927 1.156795 0.06859999 -0.01717495 1.15706 0.07159996 -0.01717495 1.15706 0.06859999 -0.01761215 1.157287 0.07159996 -0.01761215 1.157287 0.06859999 -0.01806753 1.157476 0.07159996 -0.01806753 1.157476 0.06859999 -0.01853764 1.157624 0.07159996 -0.01853764 1.157624 0.06859999 -0.01901888 1.157731 0.07159996 -0.01901888 1.157731 0.06859999 -0.01950752 1.157795 0.07159996 -0.01950752 1.157795 0.06859999 -0.01999998 1.157817 0.07159996 -0.01999998 1.157817 0.06859999 -0.02049243 1.157795 0.07159996 -0.02049243 1.157795 0.06859999 -0.02098107 1.157731 0.07159996 -0.02098107 1.157731 0.06859999 -0.02146232 1.157624 0.07159996 -0.02146232 1.157624 0.06859999 -0.02193236 1.157476 0.07159996 -0.02193236 1.157476 0.06859999 -0.02238774 1.157287 0.07159996 -0.02238774 1.157287 0.06859999 -0.022825 1.15706 0.07159996 -0.022825 1.15706 0.06859999 -0.02324068 1.156795 0.07159996 -0.02324068 1.156795 0.06859999 -0.02363175 1.156495 0.07159996 -0.02363175 1.156495 0.06859999 -0.0239951 1.156162 0.07159996 -0.0239951 1.156162 0.06859999 -0.02432811 1.155798 0.07159996 -0.02432811 1.155798 0.06859999 -0.02462816 1.155407 0.07159996 -0.02462816 1.155407 0.06859999 -0.02489304 1.154992 0.07159996 -0.02489304 1.154992 0.06859999 -0.02512061 1.154554 0.07159996 -0.02512061 1.154554 0.06859999 -0.02530926 1.154099 0.07159996 -0.02530926 1.154099 0.06859999 -0.02545744 1.153629 0.07159996 -0.02545744 1.153629 0.06859999 -0.02556413 1.153148 0.07159996 -0.02556413 1.153148 0.06859999 -0.02562844 1.152659 0.07159996 -0.02562844 1.152659 0.06859999 -0.02564996 1.152167 0.07159996 -0.02564996 1.152167 0.06859999 -0.02562844 1.151674 0.07159996 -0.02562844 1.151674 0.06859999 -0.02556413 1.151185 0.07159996 -0.02556413 1.151185 0.06859999 -0.02545744 1.150704 0.07159996 -0.02545744 1.150704 0.06859999 -0.02530926 1.150234 0.07159996 -0.02530926 1.150234 0.06859999 -0.02512061 1.149779 0.07159996 -0.02512061 1.149779 0.06859999 -0.02489304 1.149342 0.07159996 -0.02489304 1.149342 0.06859999 -0.02462816 1.148926 0.07159996 -0.02462816 1.148926 0.06859999 -0.02432811 1.148535 0.07159996 -0.02432811 1.148535 0.06859999 -0.0239951 1.148172 0.07159996 -0.0239951 1.148172 0.06859999 -0.02363175 1.147838 0.07159996 -0.02363175 1.147838 0.06859999 -0.02324068 1.147538 0.07159996 -0.02324068 1.147538 0.06859999 -0.022825 1.147274 0.07159996 -0.022825 1.147274 0.06859999 -0.02238774 1.147046 0.07159996 -0.02238774 1.147046 0.06859999 -0.02193236 1.146857 0.07159996 -0.02193236 1.146857 0.06859999 -0.02146232 1.146709 0.07159996 -0.02146232 1.146709 0.06859999 -0.02098107 1.146602 0.07159996 -0.02098107 1.146602 0.06859999 -0.02049243 1.146538 0.07159996 -0.02049243 1.146538 0.06859999 -0.01999998 1.146517 0.06859999 0.01999998 1.185767 0.06859999 0.02055776 1.185791 0.06859999 0.0211113 1.185864 0.06859999 0.02165639 1.185985 0.06859999 0.0221889 1.186153 0.06859999 0.02270472 1.186366 0.06859999 0.02319997 1.186624 0.06859999 0.02367085 1.186924 0.06859999 0.02411383 1.187264 0.06859999 0.02452546 1.187641 0.06859999 0.02490264 1.188053 0.06859999 0.02524256 1.188496 0.06859999 0.02554255 1.188967 0.06859999 0.02580034 1.189462 0.06859999 0.02601402 1.189978 0.06859999 0.02618187 1.19051 0.06859999 0.02630275 1.191055 0.06859999 0.02637565 1.191609 0.06859999 0.02639997 1.192167 0.06859999 0.02637565 1.192724 0.06859999 0.02630275 1.193278 0.06859999 0.02618187 1.193823 0.06859999 0.02601402 1.194356 0.06859999 0.02580034 1.194871 0.06859999 0.02554255 1.195367 0.06859999 0.02524256 1.195837 0.06859999 0.02490264 1.19628 0.06859999 0.02452546 1.196692 0.06859999 0.02411383 1.197069 0.06859999 0.02367085 1.197409 0.06859999 0.02319997 1.197709 0.06859999 0.02270472 1.197967 0.06859999 0.0221889 1.198181 0.06859999 0.02165639 1.198349 0.06859999 0.0211113 1.198469 0.06859999 0.02055776 1.198542 0.06859999 0.01999998 1.198567 0.06859999 0.0194422 1.198542 0.06859999 0.01888865 1.198469 0.06859999 0.0183435 1.198349 0.06859999 0.01781105 1.198181 0.06859999 0.01729524 1.197967 0.06859999 0.01679998 1.197709 0.06859999 0.0163291 1.197409 0.06859999 0.01588612 1.197069 0.06859999 0.01547449 1.196692 0.06859999 0.01509732 1.19628 0.06859999 0.01475739 1.195837 0.06859999 0.0144574 1.195367 0.06859999 0.01419961 1.194871 0.06859999 0.01398593 1.194356 0.06859999 0.01381802 1.193823 0.06859999 0.0136972 1.193278 0.06859999 0.01362431 1.192724 0.06859999 0.01359999 1.192167 0.06859999 0.01362431 1.191609 0.06859999 0.0136972 1.191055 0.06859999 0.01381802 1.19051 0.06859999 0.01398593 1.189978 0.06859999 0.01419961 1.189462 0.06859999 0.0144574 1.188967 0.06859999 0.01475739 1.188496 0.06859999 0.01509732 1.188053 0.06859999 0.01547449 1.187641 0.06859999 0.01588612 1.187264 0.06859999 0.0163291 1.186924 0.06859999 0.01679998 1.186624 0.06859999 0.01729524 1.186366 0.06859999 0.01781105 1.186153 0.06859999 0.0183435 1.185985 0.06859999 0.01888865 1.185864 0.06859999 0.0194422 1.185791 0.06509995 -0.01999998 1.149267 0.06509995 -0.01974719 1.149278 0.06509995 -0.01949638 1.149311 0.06509995 -0.01924937 1.149365 0.06509995 -0.0190081 1.149442 0.06509995 -0.01877439 1.149538 0.06509995 -0.01854997 1.149655 0.06509995 -0.01833659 1.149791 0.06509995 -0.0181359 1.149945 0.06509995 -0.01794934 1.150116 0.06509995 -0.01777845 1.150303 0.06509995 -0.01762443 1.150503 0.06509995 -0.01748847 1.150717 0.06509995 -0.01737165 1.150941 0.06509995 -0.01727485 1.151175 0.06509995 -0.0171988 1.151416 0.06509995 -0.01714402 1.151663 0.06509995 -0.017111 1.151914 0.06509995 -0.01709997 1.152167 0.06509995 -0.017111 1.152419 0.06509995 -0.01714402 1.15267 0.06509995 -0.0171988 1.152917 0.06509995 -0.01727485 1.153159 0.06509995 -0.01737165 1.153392 0.06509995 -0.01748847 1.153617 0.06509995 -0.01762443 1.15383 0.06509995 -0.01777845 1.154031 0.06509995 -0.01794934 1.154217 0.06509995 -0.0181359 1.154388 0.06509995 -0.01833659 1.154542 0.06509995 -0.01854997 1.154678 0.06509995 -0.01877439 1.154795 0.06509995 -0.0190081 1.154892 0.06509995 -0.01924937 1.154968 0.06509995 -0.01949638 1.155023 0.06509995 -0.01974719 1.155056 0.06509995 -0.01999998 1.155067 0.06509995 -0.0202527 1.155056 0.06509995 -0.02050358 1.155023 0.06509995 -0.02075052 1.154968 0.06509995 -0.02099186 1.154892 0.06509995 -0.02122557 1.154795 0.06509995 -0.02144998 1.154678 0.06509995 -0.02166336 1.154542 0.06509995 -0.02186405 1.154388 0.06509995 -0.02205055 1.154217 0.06509995 -0.0222215 1.154031 0.06509995 -0.02237552 1.15383 0.06509995 -0.02251142 1.153617 0.06509995 -0.02262824 1.153392 0.06509995 -0.0227251 1.153159 0.06509995 -0.02280116 1.152917 0.06509995 -0.02285593 1.15267 0.06509995 -0.02288895 1.152419 0.06509995 -0.02289998 1.152167 0.06509995 -0.02288895 1.151914 0.06509995 -0.02285593 1.151663 0.06509995 -0.02280116 1.151416 0.06509995 -0.0227251 1.151175 0.06509995 -0.02262824 1.150941 0.06509995 -0.02251142 1.150717 0.06509995 -0.02237552 1.150503 0.06509995 -0.0222215 1.150303 0.06509995 -0.02205055 1.150116 0.06509995 -0.02186405 1.149945 0.06509995 -0.02166336 1.149791 0.06509995 -0.02144998 1.149655 0.06509995 -0.02122557 1.149538 0.06509995 -0.02099186 1.149442 0.06509995 -0.02075052 1.149365 0.06509995 -0.02050358 1.149311 0.06509995 -0.0202527 1.149278 0.06509995 0.01999998 1.149267 0.06509995 0.0202527 1.149278 0.06509995 0.02050358 1.149311 0.06509995 0.02075052 1.149365 0.06509995 0.02099186 1.149442 0.06509995 0.02122557 1.149538 0.06509995 0.02144998 1.149655 0.06509995 0.02166336 1.149791 0.06509995 0.02186405 1.149945 0.06509995 0.02205055 1.150116 0.06509995 0.0222215 1.150303 0.06509995 0.02237552 1.150503 0.06509995 0.02251142 1.150717 0.06509995 0.02262824 1.150941 0.06509995 0.0227251 1.151175 0.06509995 0.02280116 1.151416 0.06509995 0.02285593 1.151663 0.06509995 0.02288895 1.151914 0.06509995 0.02289998 1.152167 0.06509995 0.02288895 1.152419 0.06509995 0.02285593 1.15267 0.06509995 0.02280116 1.152917 0.06509995 0.0227251 1.153159 0.06509995 0.02262824 1.153392 0.06509995 0.02251142 1.153617 0.06509995 0.02237552 1.15383 0.06509995 0.0222215 1.154031 0.06509995 0.02205055 1.154217 0.06509995 0.02186405 1.154388 0.06509995 0.02166336 1.154542 0.06509995 0.02144998 1.154678 0.06509995 0.02122557 1.154795 0.06509995 0.02099186 1.154892 0.06509995 0.02075052 1.154968 0.06509995 0.02050358 1.155023 0.06509995 0.0202527 1.155056 0.06509995 0.01999998 1.155067 0.06509995 0.01974719 1.155056 0.06509995 0.01949638 1.155023 0.06509995 0.01924937 1.154968 0.06509995 0.0190081 1.154892 0.06509995 0.01877439 1.154795 0.06509995 0.01854997 1.154678 0.06509995 0.01833659 1.154542 0.06509995 0.0181359 1.154388 0.06509995 0.01794934 1.154217 0.06509995 0.01777845 1.154031 0.06509995 0.01762443 1.15383 0.06509995 0.01748847 1.153617 0.06509995 0.01737165 1.153392 0.06509995 0.01727485 1.153159 0.06509995 0.0171988 1.152917 0.06509995 0.01714402 1.15267 0.06509995 0.017111 1.152419 0.06509995 0.01709997 1.152167 0.06509995 0.017111 1.151914 0.06509995 0.01714402 1.151663 0.06509995 0.0171988 1.151416 0.06509995 0.01727485 1.151175 0.06509995 0.01737165 1.150941 0.06509995 0.01748847 1.150717 0.06509995 0.01762443 1.150503 0.06509995 0.01777845 1.150303 0.06509995 0.01794934 1.150116 0.06509995 0.0181359 1.149945 0.06509995 0.01833659 1.149791 0.06509995 0.01854997 1.149655 0.06509995 0.01877439 1.149538 0.06509995 0.0190081 1.149442 0.06509995 0.01924937 1.149365 0.06509995 0.01949638 1.149311 0.06509995 0.01974719 1.149278</float_array>
          <technique_common>
            <accessor source="#endeffector_visual_003-mesh-positions-array" count="6312" stride="3">
              <param name="X" type="float"/>
              <param name="Y" type="float"/>
              <param name="Z" type="float"/>
            </accessor>
          </technique_common>
        </source>
        <source id="endeffector_visual_003-mesh-normals">
          <float_array id="endeffector_visual_003-mesh-normals-array" count="38028">0 -0.04385393 0.9990379 0 -0.04385393 0.9990379 0 -0.1302952 0.9914752 0 -0.1302952 0.9914752 0 -0.2167159 0.9762347 0 -0.2167159 0.9762347 0 -0.3006303 0.9537407 0 -0.3006303 0.9537407 0 -0.3826231 0.9239045 0 -0.3826231 0.9239045 0 -0.4614903 0.8871453 0 -0.4614903 0.8871453 0 -0.5375788 0.8432135 0 -0.5375788 0.8432135 0 -0.6088303 0.7933005 0 -0.6088303 0.7933005 0 -0.6752539 0.7375854 0 -0.6752539 0.7375854 0 -0.7375594 0.6752822 0 -0.7375594 0.6752822 0 -0.7932955 0.6088368 0 -0.7932955 0.6088368 0 -0.8433919 0.5372989 0 -0.8433919 0.5372989 0 -0.8869263 0.461911 0 -0.8869263 0.461911 0 -0.9239149 0.3825982 0 -0.9239149 0.3825982 0 -0.9537422 0.3006258 0 -0.9537422 0.3006258 0 -0.9762928 0.216454 0 -0.9762928 0.216454 0 -0.9914451 0.1305243 0 -0.9914451 0.1305243 0 -0.9990485 0.04361301 0 -0.9990485 0.04361301 0 -0.9990473 -0.04364073 0 -0.9990473 -0.04364073 0 -0.9914451 -0.1305243 0 -0.9914451 -0.1305243 0 -0.9762928 -0.216454 0 -0.9762928 -0.216454 0 -0.9537422 -0.3006258 0 -0.9537422 -0.3006258 0 -0.9239149 -0.3825982 0 -0.9239149 -0.3825982 0 -0.8869263 -0.461911 0 -0.8869263 -0.461911 0 -0.8433919 -0.5372989 0 -0.8433919 -0.5372989 0 -0.793531 -0.6085299 0 -0.793531 -0.6085299 0 -0.7372695 -0.6755987 0 -0.7372695 -0.6755987 0 -0.6755996 -0.7372688 0 -0.6755996 -0.7372688 0 -0.6084301 -0.7936075 0 -0.6084301 -0.7936075 0 -0.5375788 -0.8432135 0 -0.5375788 -0.8432135 0 -0.4614903 -0.8871453 0 -0.4614903 -0.8871453 0 -0.3826231 -0.9239045 0 -0.3826231 -0.9239045 0 -0.3006303 -0.9537407 0 -0.3006303 -0.9537407 0 -0.2167159 -0.9762347 0 -0.2167159 -0.9762347 0 -0.1302952 -0.9914752 0 -0.1302952 -0.9914752 0 -0.04385393 -0.9990379 0 -0.04385393 -0.9990379 0 0.04385352 -0.999038 0 0.04385352 -0.999038 0 0.1302952 -0.9914752 0 0.1302952 -0.9914752 0 0.2167159 -0.9762347 0 0.2167159 -0.9762347 0 0.3006303 -0.9537407 0 0.3006303 -0.9537407 0 0.3826231 -0.9239045 0 0.3826231 -0.9239045 0 0.4614944 -0.8871431 0 0.4614944 -0.8871431 0 0.5375743 -0.8432164 0 0.5375743 -0.8432164 0 0.6084349 -0.7936038 0 0.6084349 -0.7936038 0 0.6755996 -0.7372688 0 0.6755996 -0.7372688 0 0.7372695 -0.6755987 0 0.7372695 -0.6755987 0 0.7935262 -0.6085361 0 0.7935262 -0.6085361 0 0.8433919 -0.5372989 0 0.8433919 -0.5372989 0 0.8869304 -0.4619032 0 0.8869304 -0.4619032 0 0.9239113 -0.3826067 0 0.9239113 -0.3826067 0 0.9537422 -0.3006258 0 0.9537422 -0.3006258 0 0.9762928 -0.216454 0 0.9762928 -0.216454 0 0.9914464 -0.1305146 0 0.9914464 -0.1305146 0 0.9990469 -0.04365062 0 0.9990469 -0.04365062 0 0.9990481 0.04362291 0 0.9990481 0.04362291 0 0.9914464 0.1305146 0 0.9914464 0.1305146 0 0.9762928 0.216454 0 0.9762928 0.216454 0 0.9537422 0.3006258 0 0.9537422 0.3006258 0 0.9239113 0.3826067 0 0.9239113 0.3826067 0 0.8869304 0.4619032 0 0.8869304 0.4619032 0 0.8433919 0.5372989 0 0.8433919 0.5372989 0 0.7932907 0.6088431 0 0.7932907 0.6088431 0 0.7375594 0.6752822 0 0.7375594 0.6752822 0 0.6752539 0.7375854 0 0.6752539 0.7375854 0 0.6088351 0.7932968 0 0.6088351 0.7932968 0 0.5375743 0.8432164 0 0.5375743 0.8432164 0 0.4614944 0.8871431 0 0.4614944 0.8871431 0 0.3826231 0.9239045 0 0.3826231 0.9239045 0 0.3006303 0.9537407 0 0.3006303 0.9537407 0 0.2167159 0.9762347 0 0.2167159 0.9762347 0 0.1302952 0.9914752 0 0.1302952 0.9914752 0 0.04385352 0.999038 0 0.04385352 0.999038 0 -0.04385352 0.999038 0 -0.04385352 0.999038 0 -0.1302952 0.9914752 0 -0.1302952 0.9914752 0 -0.2167159 0.9762347 0 -0.2167159 0.9762347 0 -0.3006303 0.9537407 0 -0.3006303 0.9537407 0 -0.3826231 0.9239045 0 -0.3826231 0.9239045 0 -0.4614944 0.8871431 0 -0.4614944 0.8871431 0 -0.5375743 0.8432164 0 -0.5375743 0.8432164 0 -0.6088351 0.7932968 0 -0.6088351 0.7932968 0 -0.6752539 0.7375854 0 -0.6752539 0.7375854 0 -0.7375594 0.6752822 0 -0.7375594 0.6752822 0 -0.7932907 0.6088431 0 -0.7932907 0.6088431 0 -0.8433919 0.5372989 0 -0.8433919 0.5372989 0 -0.8869304 0.4619032 0 -0.8869304 0.4619032 0 -0.9239113 0.3826067 0 -0.9239113 0.3826067 0 -0.9537422 0.3006258 0 -0.9537422 0.3006258 0 -0.9762928 0.216454 0 -0.9762928 0.216454 0 -0.9914464 0.1305146 0 -0.9914464 0.1305146 0 -0.9990481 0.04362291 0 -0.9990481 0.04362291 0 -0.9990469 -0.04365062 0 -0.9990469 -0.04365062 0 -0.9914464 -0.1305146 0 -0.9914464 -0.1305146 0 -0.9762928 -0.216454 0 -0.9762928 -0.216454 0 -0.9537422 -0.3006258 0 -0.9537422 -0.3006258 0 -0.9239113 -0.3826067 0 -0.9239113 -0.3826067 0 -0.8869304 -0.4619032 0 -0.8869304 -0.4619032 0 -0.8433919 -0.5372989 0 -0.8433919 -0.5372989 0 -0.7935262 -0.6085361 0 -0.7935262 -0.6085361 0 -0.7372695 -0.6755987 0 -0.7372695 -0.6755987 0 -0.6755996 -0.7372688 0 -0.6755996 -0.7372688 0 -0.6084349 -0.7936038 0 -0.6084349 -0.7936038 0 -0.5375743 -0.8432164 0 -0.5375743 -0.8432164 0 -0.4614944 -0.8871431 0 -0.4614944 -0.8871431 0 -0.3826231 -0.9239045 0 -0.3826231 -0.9239045 0 -0.3006303 -0.9537407 0 -0.3006303 -0.9537407 0 -0.2167159 -0.9762347 0 -0.2167159 -0.9762347 0 -0.1302952 -0.9914752 0 -0.1302952 -0.9914752 0 -0.04385352 -0.999038 0 -0.04385352 -0.999038 0 0.04385393 -0.9990379 0 0.04385393 -0.9990379 0 0.1302952 -0.9914752 0 0.1302952 -0.9914752 0 0.2167159 -0.9762347 0 0.2167159 -0.9762347 0 0.3006303 -0.9537407 0 0.3006303 -0.9537407 0 0.3826231 -0.9239045 0 0.3826231 -0.9239045 0 0.4614903 -0.8871453 0 0.4614903 -0.8871453 0 0.5375788 -0.8432135 0 0.5375788 -0.8432135 0 0.6084301 -0.7936075 0 0.6084301 -0.7936075 0 0.6755996 -0.7372688 0 0.6755996 -0.7372688 0 0.7372695 -0.6755987 0 0.7372695 -0.6755987 0 0.793531 -0.6085299 0 0.793531 -0.6085299 0 0.8433919 -0.5372989 0 0.8433919 -0.5372989 0 0.8869263 -0.461911 0 0.8869263 -0.461911 0 0.9239149 -0.3825982 0 0.9239149 -0.3825982 0 0.9537422 -0.3006258 0 0.9537422 -0.3006258 0 0.9762928 -0.216454 0 0.9762928 -0.216454 0 0.9914451 -0.1305243 0 0.9914451 -0.1305243 0 0.9990473 -0.04364073 0 0.9990473 -0.04364073 0 0.9990485 0.04361301 0 0.9990485 0.04361301 0 0.9914451 0.1305243 0 0.9914451 0.1305243 0 0.9762928 0.216454 0 0.9762928 0.216454 0 0.9537422 0.3006258 0 0.9537422 0.3006258 0 0.9239149 0.3825982 0 0.9239149 0.3825982 0 0.8869263 0.461911 0 0.8869263 0.461911 0 0.8433919 0.5372989 0 0.8433919 0.5372989 0 0.7932955 0.6088368 0 0.7932955 0.6088368 0 0.7375594 0.6752822 0 0.7375594 0.6752822 0 0.6752539 0.7375854 0 0.6752539 0.7375854 0 0.6088303 0.7933005 0 0.6088303 0.7933005 0 0.5375788 0.8432135 0 0.5375788 0.8432135 0 0.4614903 0.8871453 0 0.4614903 0.8871453 0 0.3826231 0.9239045 0 0.3826231 0.9239045 0 0.3006303 0.9537407 0 0.3006303 0.9537407 0 0.2167159 0.9762347 0 0.2167159 0.9762347 0 0.1302952 0.9914752 0 0.1302952 0.9914752 0 0.04385393 0.9990379 0 0.04385393 0.9990379 0 -0.04385352 0.999038 0 -0.04385352 0.999038 0 -0.1302952 0.9914752 0 -0.1302952 0.9914752 0 -0.2167159 0.9762347 0 -0.2167159 0.9762347 0 -0.3006303 0.9537407 0 -0.3006303 0.9537407 0 -0.3826231 0.9239045 0 -0.3826231 0.9239045 0 -0.4619944 0.8868828 0 -0.4619944 0.8868828 0 -0.5371222 0.8435044 0 -0.5371222 0.8435044 0 -0.6088351 0.7932968 0 -0.6088351 0.7932968 0 -0.6755996 0.7372688 0 -0.6755996 0.7372688 0 -0.7372695 0.6755987 0 -0.7372695 0.6755987 0 -0.7932907 0.6088431 0 -0.7932907 0.6088431 0 -0.8433919 0.5372989 0 -0.8433919 0.5372989 0 -0.8870659 0.4616428 0 -0.8870659 0.4616428 0 -0.9238182 0.3828314 0 -0.9238182 0.3828314 0 -0.9537422 0.3006258 0 -0.9537422 0.3006258 0 -0.9762928 0.216454 0 -0.9762928 0.216454 0 -0.9914464 0.1305146 0 -0.9914464 0.1305146 0 -0.9990481 0.04362291 0 -0.9990481 0.04362291 0 -0.9990481 -0.04362291 0 -0.9990481 -0.04362291 0 -0.9914464 -0.1305146 0 -0.9914464 -0.1305146 0 -0.9762928 -0.216454 0 -0.9762928 -0.216454 0 -0.9536846 -0.300808 0 -0.9536846 -0.300808 0 -0.9239113 -0.3826067 0 -0.9239113 -0.3826067 0 -0.8870659 -0.4616428 0 -0.8870659 -0.4616428 0 -0.8433919 -0.5372989 0 -0.8433919 -0.5372989 0 -0.7932907 -0.6088431 0 -0.7932907 -0.6088431 0 -0.7372695 -0.6755987 0 -0.7372695 -0.6755987 0 -0.6755996 -0.7372688 0 -0.6755996 -0.7372688 0 -0.6088351 -0.7932968 0 -0.6088351 -0.7932968 0 -0.5371222 -0.8435044 0 -0.5371222 -0.8435044 0 -0.4619944 -0.8868828 0 -0.4619944 -0.8868828 0 -0.3826231 -0.9239045 0 -0.3826231 -0.9239045 0 -0.3006303 -0.9537407 0 -0.3006303 -0.9537407 0 -0.2161101 -0.976369 0 -0.2161101 -0.976369 0 -0.1309199 -0.9913929 0 -0.1309199 -0.9913929 0 -0.04321914 -0.9990656 0 -0.04321914 -0.9990656 0 0.04321956 -0.9990656 0 0.04321956 -0.9990656 0 0.1309199 -0.9913929 0 0.1309199 -0.9913929 0 0.2161101 -0.976369 0 0.2161101 -0.976369 0 0.3006303 -0.9537407 0 0.3006303 -0.9537407 0 0.3826231 -0.9239045 0 0.3826231 -0.9239045 0 0.4619904 -0.886885 0 0.4619904 -0.886885 0 0.5371268 -0.8435016 0 0.5371268 -0.8435016 0 0.6088303 -0.7933005 0 0.6088303 -0.7933005 0 0.6755996 -0.7372688 0 0.6755996 -0.7372688 0 0.7372695 -0.6755987 0 0.7372695 -0.6755987 0 0.7932955 -0.6088368 0 0.7932955 -0.6088368 0 0.8433919 -0.5372989 0 0.8433919 -0.5372989 0 0.8870618 -0.4616506 0 0.8870618 -0.4616506 0 0.9239149 -0.3825982 0 0.9239149 -0.3825982 0 0.9536846 -0.300808 0 0.9536846 -0.300808 0 0.9762928 -0.216454 0 0.9762928 -0.216454 0 0.9914451 -0.1305243 0 0.9914451 -0.1305243 0 0.9990485 -0.04361301 0 0.9990485 -0.04361301 0 0.9990485 0.04361301 0 0.9990485 0.04361301 0 0.9914451 0.1305243 0 0.9914451 0.1305243 0 0.9762928 0.216454 0 0.9762928 0.216454 0 0.9537422 0.3006258 0 0.9537422 0.3006258 0 0.9238218 0.3828229 0 0.9238218 0.3828229 0 0.8870618 0.4616506 0 0.8870618 0.4616506 0 0.8433919 0.5372989 0 0.8433919 0.5372989 0 0.7932955 0.6088368 0 0.7932955 0.6088368 0 0.7372695 0.6755987 0 0.7372695 0.6755987 0 0.6755996 0.7372688 0 0.6755996 0.7372688 0 0.6088303 0.7933005 0 0.6088303 0.7933005 0 0.5371268 0.8435016 0 0.5371268 0.8435016 0 0.4619904 0.886885 0 0.4619904 0.886885 0 0.3826231 0.9239045 0 0.3826231 0.9239045 0 0.3006303 0.9537407 0 0.3006303 0.9537407 0 0.2167159 0.9762347 0 0.2167159 0.9762347 0 0.1302952 0.9914752 0 0.1302952 0.9914752 0 0.04385393 0.9990379 0 0.04385393 0.9990379 0 -0.04385393 0.9990379 0 -0.04385393 0.9990379 0 -0.1302952 0.9914752 0 -0.1302952 0.9914752 0 -0.2167159 0.9762347 0 -0.2167159 0.9762347 0 -0.3006303 0.9537407 0 -0.3006303 0.9537407 0 -0.3826231 0.9239045 0 -0.3826231 0.9239045 0 -0.4619904 0.886885 0 -0.4619904 0.886885 0 -0.5371268 0.8435016 0 -0.5371268 0.8435016 0 -0.6088303 0.7933005 0 -0.6088303 0.7933005 0 -0.6755996 0.7372688 0 -0.6755996 0.7372688 0 -0.7372695 0.6755987 0 -0.7372695 0.6755987 0 -0.7932955 0.6088368 0 -0.7932955 0.6088368 0 -0.8433919 0.5372989 0 -0.8433919 0.5372989 0 -0.8870618 0.4616506 0 -0.8870618 0.4616506 0 -0.9238218 0.3828229 0 -0.9238218 0.3828229 0 -0.9537422 0.3006258 0 -0.9537422 0.3006258 0 -0.9762928 0.216454 0 -0.9762928 0.216454 0 -0.9914451 0.1305243 0 -0.9914451 0.1305243 0 -0.9990485 0.04361301 0 -0.9990485 0.04361301 0 -0.9990485 -0.04361301 0 -0.9990485 -0.04361301 0 -0.9914451 -0.1305243 0 -0.9914451 -0.1305243 0 -0.9762928 -0.216454 0 -0.9762928 -0.216454 0 -0.9536846 -0.300808 0 -0.9536846 -0.300808 0 -0.9239149 -0.3825982 0 -0.9239149 -0.3825982 0 -0.8870618 -0.4616506 0 -0.8870618 -0.4616506 0 -0.8433919 -0.5372989 0 -0.8433919 -0.5372989 0 -0.7932955 -0.6088368 0 -0.7932955 -0.6088368 0 -0.7372695 -0.6755987 0 -0.7372695 -0.6755987 0 -0.6755996 -0.7372688 0 -0.6755996 -0.7372688 0 -0.6088303 -0.7933005 0 -0.6088303 -0.7933005 0 -0.5371268 -0.8435016 0 -0.5371268 -0.8435016 0 -0.4619904 -0.886885 0 -0.4619904 -0.886885 0 -0.3826231 -0.9239045 0 -0.3826231 -0.9239045 0 -0.3006303 -0.9537407 0 -0.3006303 -0.9537407 0 -0.2161101 -0.976369 0 -0.2161101 -0.976369 0 -0.1309199 -0.9913929 0 -0.1309199 -0.9913929 0 -0.04321956 -0.9990656 0 -0.04321956 -0.9990656 0 0.04321914 -0.9990656 0 0.04321914 -0.9990656 0 0.1309199 -0.9913929 0 0.1309199 -0.9913929 0 0.2161101 -0.976369 0 0.2161101 -0.976369 0 0.3006303 -0.9537407 0 0.3006303 -0.9537407 0 0.3826231 -0.9239045 0 0.3826231 -0.9239045 0 0.4619944 -0.8868828 0 0.4619944 -0.8868828 0 0.5371222 -0.8435044 0 0.5371222 -0.8435044 0 0.6088351 -0.7932968 0 0.6088351 -0.7932968 0 0.6755996 -0.7372688 0 0.6755996 -0.7372688 0 0.7372695 -0.6755987 0 0.7372695 -0.6755987 0 0.7932907 -0.6088431 0 0.7932907 -0.6088431 0 0.8433919 -0.5372989 0 0.8433919 -0.5372989 0 0.8870659 -0.4616428 0 0.8870659 -0.4616428 0 0.9239113 -0.3826067 0 0.9239113 -0.3826067 0 0.9536846 -0.300808 0 0.9536846 -0.300808 0 0.9762928 -0.216454 0 0.9762928 -0.216454 0 0.9914464 -0.1305146 0 0.9914464 -0.1305146 0 0.9990481 -0.04362291 0 0.9990481 -0.04362291 0 0.9990481 0.04362291 0 0.9990481 0.04362291 0 0.9914464 0.1305146 0 0.9914464 0.1305146 0 0.9762928 0.216454 0 0.9762928 0.216454 0 0.9537422 0.3006258 0 0.9537422 0.3006258 0 0.9238182 0.3828314 0 0.9238182 0.3828314 0 0.8870659 0.4616428 0 0.8870659 0.4616428 0 0.8433919 0.5372989 0 0.8433919 0.5372989 0 0.7932907 0.6088431 0 0.7932907 0.6088431 0 0.7372695 0.6755987 0 0.7372695 0.6755987 0 0.6755996 0.7372688 0 0.6755996 0.7372688 0 0.6088351 0.7932968 0 0.6088351 0.7932968 0 0.5371222 0.8435044 0 0.5371222 0.8435044 0 0.4619944 0.8868828 0 0.4619944 0.8868828 0 0.3826231 0.9239045 0 0.3826231 0.9239045 0 0.3006303 0.9537407 0 0.3006303 0.9537407 0 0.2167159 0.9762347 0 0.2167159 0.9762347 0 0.1302952 0.9914752 0 0.1302952 0.9914752 0 0.04385352 0.999038 0 0.04385352 0.999038 -1 0 0 -1 0 0 -1 0 0 -1 0 0 -1 0 0 -1 0 0 -1 0 0 -1 0 0 -1 0 0 -1 0 0 -1 0 0 -1 0 0 -1 0 0 -1 0 0 -1 0 0 -1 0 0 -1 0 0 -1 0 0 -1 0 0 -1 0 0 -1 0 0 -1 0 0 -1 0 0 -1 0 0 -1 0 0 -1 0 0 -1 0 0 -1 0 0 -1 0 0 -1 0 0 -1 0 0 -1 0 0 -1 0 0 -1 0 0 -1 0 0 -1 0 0 -1 0 0 -1 0 0 -1 0 0 -1 0 0 -1 0 0 -1 0 0 -1 0 0 -1 0 0 -1 0 0 -1 0 0 -1 0 0 -1 0 0 -1 0 0 -1 0 0 -1 0 0 -1 0 0 -1 0 0 -1 0 0 -1 0 0 -1 0 0 -1 0 0 -1 0 0 -1 0 0 -1 0 0 -1 0 0 -1 0 0 -1 0 0 -1 0 0 -1 0 0 -1 0 0 -1 0 0 -1 0 0 -1 0 0 -1 0 0 -1 0 0 -1 0 0 -1 0 0 -1 0 0 -1 0 0 -1 0 0 -1 0 0 -1 0 0 -1 0 0 -1 0 0 -1 0 0 -1 0 0 -1 0 0 -1 0 0 -1 0 0 -1 0 0 -1 0 0 -1 0 0 -1 0 0 -1 0 0 -1 0 0 -1 0 0 -1 0 0 -1 0 0 -1 0 0 -1 0 0 -1 0 0 -1 0 0 -1 0 0 -1 0 0 -1 0 0 -1 0 0 -1 0 0 -1 0 0 -1 0 0 -1 0 0 -1 0 0 -1 0 0 -1 0 0 -1 0 0 -1 0 0 -1 0 0 -1 0 0 -1 0 0 -1 0 0 -1 0 0 -1 0 0 -1 0 0 -1 0 0 -1 0 0 -1 0 0 -1 0 0 -1 0 0 -1 0 0 -1 0 0 -1 0 0 -1 0 0 -1 0 0 -1 0 0 -1 0 0 -1 0 0 -1 0 0 -1 0 0 -1 0 0 -1 0 0 -1 0 0 -1 0 0 -1 0 0 -1 0 0 -1 0 0 -1 0 0 -1 0 0 -1 0 0 -1 0 0 0 -0.04335063 0.9990599 0 -0.04335063 0.9990599 0 -0.1305219 0.9914454 0 -0.1305219 0.9914454 0 -0.2167356 0.9762303 0 -0.2167356 0.9762303 0 -0.300631 0.9537406 0 -0.300631 0.9537406 0 -0.3826232 0.9239045 0 -0.3826232 0.9239045 0 -0.4617667 0.8870014 0 -0.4617667 0.8870014 0 -0.5372037 0.8434525 0 -0.5372037 0.8434525 0 -0.6087796 0.7933394 0 -0.6087796 0.7933394 0 -0.6756486 0.7372238 0 -0.6756486 0.7372238 0 -0.7373424 0.6755193 0 -0.7373424 0.6755193 0 -0.79323 0.6089221 0 -0.79323 0.6089221 0 -0.8434073 0.5372747 0 -0.8434073 0.5372747 0 -0.8870638 0.4616468 0 -0.8870638 0.4616468 0 -0.9239016 0.3826302 0 -0.9239016 0.3826302 0 -0.9537159 0.3007088 0 -0.9537159 0.3007088 0 -0.9762969 0.2164362 0 -0.9762969 0.2164362 0 -0.9914437 0.1305348 0 -0.9914437 0.1305348 0 -0.9990482 0.04361999 0 -0.9990482 0.04361999 0 -0.9990482 -0.04361999 0 -0.9990482 -0.04361999 0 -0.9914437 -0.1305348 0 -0.9914437 -0.1305348 0 -0.9762969 -0.2164362 0 -0.9762969 -0.2164362 0 -0.9537159 -0.3007088 0 -0.9537159 -0.3007088 0 -0.9239016 -0.3826302 0 -0.9239016 -0.3826302 0 -0.8869634 -0.4618398 0 -0.8869634 -0.4618398 0 -0.8434073 -0.5372747 0 -0.8434073 -0.5372747 0 -0.7934046 -0.6086946 0 -0.7934046 -0.6086946 0 -0.7373424 -0.6755193 0 -0.7373424 -0.6755193 0 -0.6753925 -0.7374585 0 -0.6753925 -0.7374585 0 -0.6087796 -0.7933394 0 -0.6087796 -0.7933394 0 -0.5375388 -0.843239 0 -0.5375388 -0.843239 0 -0.4617667 -0.8870014 0 -0.4617667 -0.8870014 0 -0.3826232 -0.9239045 0 -0.3826232 -0.9239045 0 -0.300631 -0.9537406 0 -0.300631 -0.9537406 0 -0.2162864 -0.97633 0 -0.2162864 -0.97633 0 -0.1305219 -0.9914454 0 -0.1305219 -0.9914454 0 -0.04382091 -0.9990394 0 -0.04382091 -0.9990394 0 0.04382091 -0.9990394 0 0.04382091 -0.9990394 0 0.1305209 -0.9914456 0 0.1305209 -0.9914456 0 0.216288 -0.9763296 0 0.216288 -0.9763296 0 0.300631 -0.9537406 0 0.300631 -0.9537406 0 0.3826232 -0.9239045 0 0.3826232 -0.9239045 0 0.4617667 -0.8870014 0 0.4617667 -0.8870014 0 0.5375388 -0.843239 0 0.5375388 -0.843239 0 0.608776 -0.7933421 0 0.608776 -0.7933421 0 0.6753925 -0.7374585 0 0.6753925 -0.7374585 0 0.7373461 -0.6755153 0 0.7373461 -0.6755153 0 0.7934046 -0.6086946 0 0.7934046 -0.6086946 0 0.8434073 -0.5372747 0 0.8434073 -0.5372747 0 0.8869634 -0.4618398 0 0.8869634 -0.4618398 0 0.9238989 -0.3826366 0 0.9238989 -0.3826366 0 0.9537159 -0.3007088 0 0.9537159 -0.3007088 0 0.9762969 -0.2164362 0 0.9762969 -0.2164362 0 0.9914447 -0.1305276 0 0.9914447 -0.1305276 0 0.9990479 -0.04362732 0 0.9990479 -0.04362732 0 0.9990479 0.04362732 0 0.9990479 0.04362732 0 0.9914447 0.1305276 0 0.9914447 0.1305276 0 0.9762969 0.2164362 0 0.9762969 0.2164362 0 0.9537159 0.3007088 0 0.9537159 0.3007088 0 0.9238989 0.3826366 0 0.9238989 0.3826366 0 0.8870638 0.4616468 0 0.8870638 0.4616468 0 0.8434073 0.5372747 0 0.8434073 0.5372747 0 0.79323 0.6089221 0 0.79323 0.6089221 0 0.7373461 0.6755153 0 0.7373461 0.6755153 0 0.6756486 0.7372238 0 0.6756486 0.7372238 0 0.608776 0.7933421 0 0.608776 0.7933421 0 0.5372037 0.8434525 0 0.5372037 0.8434525 0 0.4617667 0.8870014 0 0.4617667 0.8870014 0 0.3826232 0.9239045 0 0.3826232 0.9239045 0 0.300631 0.9537406 0 0.300631 0.9537406 0 0.2167371 0.97623 0 0.2167371 0.97623 0 0.1305209 0.9914456 0 0.1305209 0.9914456 0 0.04335063 0.9990599 0 0.04335063 0.9990599 -1 0 0 -1 0 0 -1 0 0 -1 0 0 -1 0 0 -1 0 0 -1 0 0 -1 0 0 -1 0 0 -1 0 0 -1 0 0 -1 0 0 -1 0 0 -1 0 0 -1 0 0 -1 0 0 -1 0 0 -1 0 0 -1 0 0 -1 0 0 -1 0 0 -1 0 0 -1 0 0 -1 0 0 -1 0 0 -1 0 0 -1 0 0 -1 0 0 -1 0 0 -1 0 0 -1 0 0 -1 0 0 -1 0 0 -1 0 0 -1 0 0 -1 0 0 -1 0 0 -1 0 0 -1 0 0 -1 0 0 -1 0 0 -1 0 0 -1 0 0 -1 0 0 -1 0 0 -1 0 0 -1 0 0 -1 0 0 -1 0 0 -1 0 0 -1 0 0 -1 0 0 -1 0 0 -1 0 0 -1 0 0 -1 0 0 -1 0 0 -1 0 0 -1 0 0 -1 0 0 -1 0 0 -1 0 0 -1 0 0 -1 0 0 -1 0 0 -1 0 0 -1 0 0 -1 0 0 -1 0 0 -1 0 0 -1 0 0 -1 0 0 -1 0 0 -1 0 0 -1 0 0 -1 0 0 -1 0 0 -1 0 0 -1 0 0 -1 0 0 -1 0 0 -1 0 0 -1 0 0 -1 0 0 -1 0 0 -1 0 0 -1 0 0 -1 0 0 -1 0 0 -1 0 0 -1 0 0 -1 0 0 -1 0 0 -1 0 0 -1 0 0 -1 0 0 -1 0 0 -1 0 0 -1 0 0 -1 0 0 -1 0 0 -1 0 0 -1 0 0 -1 0 0 -1 0 0 -1 0 0 -1 0 0 -1 0 0 -1 0 0 -1 0 0 -1 0 0 -1 0 0 -1 0 0 -1 0 0 -1 0 0 -1 0 0 -1 0 0 -1 0 0 -1 0 0 -1 0 0 -1 0 0 -1 0 0 -1 0 0 -1 0 0 -1 0 0 -1 0 0 -1 0 0 -1 0 0 -1 0 0 -1 0 0 -1 0 0 -1 0 0 -1 0 0 -1 0 0 -1 0 0 -1 0 0 -1 0 0 -1 0 0 -1 0 0 -1 0 0 -1 0 0 -1 0 0 -1 0 0 -1 0 0 0 0.04376947 -0.9990417 0 0.1304568 -0.991454 0 0.1304568 -0.991454 0 0.2164974 -0.9762832 0 0.2164974 -0.9762832 0 0.3006309 -0.9537406 0 0.3006309 -0.9537406 0 0.3826224 -0.9239048 0 0.3826224 -0.9239048 0 0.4618079 -0.8869799 0 0.4618079 -0.8869799 0 0.5373775 -0.8433418 0 0.5373775 -0.8433418 0 0.6087352 -0.7933735 0 0.6087352 -0.7933735 0 0.675568 -0.7372978 0 0.675568 -0.7372978 0 0.7372663 -0.6756023 0 0.7372663 -0.6756023 0 0.7933731 -0.6087357 0 0.7933731 -0.6087357 0 0.8433852 -0.5373095 0 0.8433852 -0.5373095 0 0.8869929 -0.4617831 0 0.8869929 -0.4617831 0 0.923877 -0.3826896 0 0.923877 -0.3826896 0 0.9537205 -0.3006948 0 0.9537205 -0.3006948 0 0.9763001 -0.2164211 0 0.9763001 -0.2164211 0 0.991443 -0.1305399 0 0.991443 -0.1305399 0 0.9990486 -0.04361164 0 0.9990486 -0.04361164 0 0.9990481 0.04362094 0 0.9990481 0.04362094 0 0.991443 0.1305399 0 0.991443 0.1305399 0 0.9763001 0.2164211 0 0.9763001 0.2164211 0 0.9537205 0.3006948 0 0.9537205 0.3006948 0 0.923877 0.3826896 0 0.923877 0.3826896 0 0.8869929 0.4617831 0 0.8869929 0.4617831 0 0.8433852 0.5373095 0 0.8433852 0.5373095 0 0.7933731 0.6087357 0 0.7933731 0.6087357 0 0.7372663 0.6756023 0 0.7372663 0.6756023 0 0.675568 0.7372978 0 0.675568 0.7372978 0 0.6087352 0.7933735 0 0.6087352 0.7933735 0 0.5373775 0.8433418 0 0.5373775 0.8433418 0 0.4618079 0.8869799 0 0.4618079 0.8869799 0 0.3826224 0.9239048 0 0.3826224 0.9239048 0 0.3006309 0.9537406 0 0.3006309 0.9537406 0 0.2164974 0.9762832 0 0.2164974 0.9762832 0 0.1304568 0.991454 0 0.1304568 0.991454 0 0.04376947 0.9990417 0 0.04376947 0.9990417 0 -0.04376947 0.9990417 0 -0.04376947 0.9990417 0 -0.1304564 0.9914541 0 -0.1304564 0.9914541 0 -0.2164974 0.9762832 0 -0.2164974 0.9762832 0 -0.3006309 0.9537406 0 -0.3006309 0.9537406 0 -0.3826224 0.9239048 0 -0.3826224 0.9239048 0 -0.4618092 0.8869792 0 -0.4618092 0.8869792 0 -0.5373759 0.8433428 0 -0.5373759 0.8433428 0 -0.6087352 0.7933735 0 -0.6087352 0.7933735 0 -0.675568 0.7372978 0 -0.675568 0.7372978 0 -0.7372672 0.6756014 0 -0.7372672 0.6756014 0 -0.7933739 0.6087346 0 -0.7933739 0.6087346 0 -0.8433845 0.5373106 0 -0.8433845 0.5373106 0 -0.8869929 0.4617831 0 -0.8869929 0.4617831 0 -0.9238776 0.3826882 0 -0.9238776 0.3826882 0 -0.9537199 0.3006963 0 -0.9537199 0.3006963 0 -0.9763001 0.2164211 0 -0.9763001 0.2164211 0 -0.991443 0.1305399 0 -0.991443 0.1305399 0 -0.9990481 0.04362094 0 -0.9990481 0.04362094 0 -0.9990486 -0.04361164 0 -0.9990486 -0.04361164 0 -0.991443 -0.1305399 0 -0.991443 -0.1305399 0 -0.9763001 -0.2164211 0 -0.9763001 -0.2164211 0 -0.9537199 -0.3006963 0 -0.9537199 -0.3006963 0 -0.9238776 -0.3826882 0 -0.9238776 -0.3826882 0 -0.8869929 -0.4617831 0 -0.8869929 -0.4617831 0 -0.8433845 -0.5373106 0 -0.8433845 -0.5373106 0 -0.7933739 -0.6087346 0 -0.7933739 -0.6087346 0 -0.7372672 -0.6756014 0 -0.7372672 -0.6756014 0 -0.675568 -0.7372978 0 -0.675568 -0.7372978 0 -0.6087352 -0.7933735 0 -0.6087352 -0.7933735 0 -0.5373759 -0.8433428 0 -0.5373759 -0.8433428 0 -0.4618092 -0.8869792 0 -0.4618092 -0.8869792 0 -0.3826224 -0.9239048 0 -0.3826224 -0.9239048 0 -0.3006309 -0.9537406 0 -0.3006309 -0.9537406 0 -0.2164974 -0.9762832 0 -0.2164974 -0.9762832 0 -0.1304564 -0.9914541 0 -0.1304564 -0.9914541 0 -0.04376947 -0.9990417 0 -0.04376947 -0.9990417 0 0.04376947 -0.9990417 1 0 0 1 0 0 1 0 0 1 0 0 1 0 0 1 0 0 1 0 0 1 0 0 1 0 0 1 0 0 1 0 0 1 0 0 1 0 0 1 0 0 1 0 0 1 0 0 1 0 0 1 0 0 1 0 0 1 0 0 1 0 0 1 0 0 1 0 0 1 0 0 1 0 0 1 0 0 1 0 0 1 0 0 1 0 0 1 0 0 1 0 0 1 0 0 1 0 0 1 0 0 1 0 0 1 0 0 1 0 0 1 0 0 1 0 0 1 0 0 1 0 0 1 0 0 1 0 0 1 0 0 1 0 0 1 0 0 1 0 0 1 0 0 1 0 0 1 0 0 1 0 0 1 0 0 1 0 0 1 0 0 1 0 0 1 0 0 1 0 0 1 0 0 1 0 0 1 0 0 1 0 0 1 0 0 1 0 0 1 0 0 1 0 0 1 0 0 1 0 0 1 0 0 1 0 0 1 0 0 1 0 0 1 0 0 1 0 0 1 0 0 1 0 0 1 0 0 1 0 0 1 0 0 1 0 0 1 0 0 1 0 0 1 0 0 1 0 0 1 0 0 1 0 0 1 0 0 1 0 0 1 0 0 1 0 0 1 0 0 1 0 0 1 0 0 1 0 0 1 0 0 1 0 0 1 0 0 1 0 0 1 0 0 1 0 0 1 0 0 1 0 0 1 0 0 1 0 0 1 0 0 1 0 0 1 0 0 1 0 0 1 0 0 1 0 0 1 0 0 1 0 0 1 0 0 1 0 0 1 0 0 1 0 0 1 0 0 1 0 0 1 0 0 1 0 0 1 0 0 1 0 0 1 0 0 1 0 0 1 0 0 1 0 0 1 0 0 1 0 0 1 0 0 1 0 0 1 0 0 1 0 0 1 0 0 1 0 0 1 0 0 1 0 0 1 0 0 1 0 0 1 0 0 1 0 0 1 0 0 1 0 0 1 0 0 1 0 0 1 0 0 1 0 0 1 0 0 1 0 0 1 0 0 1 0 0 1 0 0 1 0 0 1 0 0 1 0 0 1 0 0 1 0 0 1 0 0 1 0 0 1 0 0 1 0 0 1 0 0 1 0 0 1 0 0 1 0 0 1 0 0 1 0 0 1 0 0 1 0 0 1 0 0 1 0 0 1 0 0 1 0 0 1 0 0 1 0 0 1 0 0 1 0 0 1 0 0 1 0 0 1 0 0 1 0 0 1 0 0 1 0 0 1 0 0 1 0 0 1 0 0 1 0 0 1 0 0 1 0 0 1 0 0 1 0 0 1 0 0 1 0 0 1 0 0 1 0 0 1 0 0 1 0 0 1 0 0 1 0 0 1 0 0 1 0 0 1 0 0 1 0 0 1 0 0 1 0 0 1 0 0 1 0 0 1 0 0 1 0 0 1 0 0 1 0 0 1 0 0 1 0 0 1 0 0 1 0 0 1 0 0 1 0 0 1 0 0 1 0 0 1 0 0 1 0 0 1 0 0 1 0 0 1 0 0 1 0 0 1 0 0 1 0 0 1 0 0 1 0 0 1 0 0 1 0 0 1 0 0 1 0 0 1 0 0 1 0 0 1 0 0 1 0 0 1 0 0 1 0 0 1 0 0 1 0 0 1 0 0 1 0 0 1 0 0 1 0 0 1 0 0 1 0 0 1 0 0 1 0 0 1 0 0 1 0 0 1 0 0 1 0 0 1 0 0 1 0 0 1 0 0 1 0 0 1 0 0 1 0 0 1 0 0 1 0 0 1 0 0 1 0 0 1 0 0 1 0 0 1 0 0 1 0 0 1 0 0 1 0 0 1 0 0 1 0 0 1 0 0 1 0 0 1 0 0 1 0 0 1 0 0 1 0 0 1 0 0 1 0 0 1 0 0 1 0 0 1 0 0 1 0 0 1 0 0 1 0 0 1 0 0 1 0 0 1 0 0 1 0 0 1 0 0 1 0 0 1 0 0 1 0 0 1 0 0 1 0 0 1 0 0 1 0 0 1 0 0 1 0 0 1 0 0 1 0 0 1 0 0 1 0 0 1 0 0 1 0 0 1 0 0 1 0 0 1 0 0 1 0 0 1 0 0 1 0 0 1 0 0 1 0 0 1 0 0 1 0 0 1 0 0 1 0 0 1 0 0 1 0 0 1 0 0 1 0 0 1 0 0 1 0 0 1 0 0 1 0 0 1 0 0 1 0 0 1 0 0 1 0 0 1 0 0 1 0 0 1 0 0 1 0 0 1 0 0 1 0 0 1 0 0 1 0 0 1 0 0 1 0 0 1 0 0 1 0 0 1 0 0 1 0 0 1 0 0 1 0 0 1 0 0 1 0 0 1 0 0 1 0 0 1 0 0 1 0 0 1 0 0 1 0 0 1 0 0 1 0 0 1 0 0 1 0 0 1 0 0 1 0 0 1 0 0 1 0 0 1 0 0 1 0 0 1 0 0 1 0 0 1 0 0 1 0 0 1 0 0 -1 0 0 -1 0 0 -1 0 0 -1 0 0 -1 0 0 -1 0 0 -1 0 0 -1 0 0 -1 0 0 -1 0 0 -1 0 0 -1 0 0 -1 0 0 -1 0 0 -1 0 0 -1 0 0 -1 0 0 -1 0 0 -1 0 0 -1 0 0 -1 0 0 -1 0 0 -1 0 0 -1 0 0 -1 0 0 -1 0 0 -1 0 0 -1 0 0 -1 0 0 -1 0 0 -1 0 0 -1 0 0 -1 0 0 -1 0 0 -1 0 0 -1 0 0 -1 0 0 -1 0 0 -1 0 0 -1 0 0 -1 0 0 -1 0 0 -1 0 0 -1 0 0 -1 0 0 -1 0 0 -1 0 0 -1 0 0 -1 0 0 -1 0 0 -1 0 0 -1 0 0 -1 0 0 -1 0 0 -1 0 0 -1 0 0 -1 0 0 -1 0 0 -1 0 0 -1 0 0 -1 0 0 -1 0 0 -1 0 0 -1 0 0 -1 0 0 -1 0 0 -1 0 0 -1 0 0 -1 0 0 -1 0 0 -1 0 0 -1 0 0 -1 0 0 -1 0 0 -1 0 0 -1 0 0 -1 0 0 -1 0 0 -1 0 0 -1 0 0 -1 0 0 -1 0 0 -1 0 0 -1 0 0 -1 0 0 -1 0 0 -1 0 0 -1 0 0 -1 0 0 -1 0 0 -1 0 0 -1 0 0 -1 0 0 -1 0 0 -1 0 0 -1 0 0 -1 0 0 -1 0 0 -1 0 0 -1 0 0 -1 0 0 -1 0 0 -1 0 0 -1 0 0 -1 0 0 -1 0 0 -1 0 0 -1 0 0 -1 0 0 -1 0 0 -1 0 0 -1 0 0 -1 0 0 -1 0 0 -1 0 0 -1 0 0 -1 0 0 -1 0 0 -1 0 0 -1 0 0 -1 0 0 -1 0 0 -1 0 0 -1 0 0 -1 0 0 -1 0 0 -1 0 0 -1 0 0 -1 0 0 -1 0 0 -1 0 0 -1 0 0 -1 0 0 -1 0 0 -1 0 0 -1 0 0 -1 0 0 -1 0 0 -1 0 0 -1 0 0 -1 0 0 -1 0 0 -1 0 0 -1 0 0 -1 0 0 -1 0 0 -1 0 0 -1 0 0 -1 0 0 -1 0 0 -1 0 0 -1 0 0 -1 0 0 -1 0 0 -1 0 0 -1 0 0 -1 0 0 -1 0 0 -1 0 0 -1 0 0 -1 0 0 -1 0 0 -1 0 0 -1 0 0 -1 0 0 -1 0 0 -1 0 0 -1 0 0 -1 0 0 -1 0 0 -1 0 0 -1 0 0 -1 0 0 -1 0 0 -1 0 0 -1 0 0 -1 0 0 -1 0 0 -1 0 0 -1 0 0 -1 0 0 -1 0 0 -1 0 0 -1 0 0 -1 0 0 -1 0 0 -1 0 0 -1 0 0 -1 0 0 -1 0 0 -1 0 0 -1 0 0 -1 0 0 -1 0 0 -1 0 0 -1 0 0 -1 0 0 -1 0 0 -1 0 0 -1 0 0 -1 0 0 -1 0 0 -1 0 0 -1 0 0 -1 0 0 -1 0 0 -1 0 0 -1 0 0 -1 0 0 -1 0 0 -1 0 0 -1 0 0 -1 0 0 -1 0 0 -1 0 0 -1 0 0 -1 0 0 -1 0 0 -1 0 0 -1 0 0 -1 0 0 -1 0 0 -1 0 0 -1 0 0 -1 0 0 -1 0 0 -1 0 0 -1 0 0 -1 0 0 -1 0 0 -1 0 0 -1 0 0 -1 0 0 -1 0 0 -1 0 0 -1 0 0 -1 0 0 -1 0 0 -1 0 0 -1 0 0 -1 0 0 -1 0 0 -1 0 0 -1 0 0 -1 0 0 -1 0 0 -1 0 0 -1 0 0 -1 0 0 -1 0 0 -1 0 0 -1 0 0 -1 0 0 -1 0 0 -1 0 0 -1 0 0 -1 0 0 -1 0 0 -1 0 0 -1 0 0 -1 0 0 -1 0 0 -1 0 0 -1 0 0 -1 0 0 -1 0 0 -1 0 0 -1 0 0 -1 0 0 -1 0 0 -1 0 0 -1 0 0 -1 0 0 -1 0 0 -1 0 0 -1 0 0 -1 0 0 -1 0 0 -1 0 0 -1 0 0 -1 0 0 -1 0 0 -1 0 0 -1 0 0 -1 0 0 -1 0 0 -1 0 0 -1 0 0 -1 0 0 -1 0 0 -1 0 0 -1 0 0 -1 0 0 -1 0 0 -1 0 0 -1 0 0 -1 0 0 -1 0 0 -1 0 0 -1 0 0 -1 0 0 -1 0 0 -1 0 0 -1 0 0 -1 0 0 -1 0 0 -1 0 0 -1 0 0 -1 0 0 -1 0 0 -1 0 0 -1 0 0 -1 0 0 -1 0 0 -1 0 0 -1 0 0 -1 0 0 -1 0 0 -1 0 0 -1 0 0 -1 0 0 -1 0 0 -1 0 0 -1 0 0 -1 0 0 -1 0 0 -1 0 0 -1 0 0 -1 0 0 -1 0 0 -1 0 0 -1 0 0 -1 0 0 -1 0 0 -1 0 0 -1 0 0 -1 0 0 -1 0 0 -1 0 0 -1 0 0 -1 0 0 -1 0 0 -1 0 0 -1 0 0 -1 0 0 -1 0 0 -1 0 0 -1 0 0 -1 0 0 -1 0 0 -1 0 0 -1 0 0 -1 0 0 -1 0 0 -1 0 0 -1 0 0 -1 0 0 -1 0 0 -1 0 0 -1 0 0 -1 0 0 -1 0 0 -1 0 0 -1 0 0 -1 0 0 -1 0 0 1 0 0 1 0 0 1 0 0 1 0 0 1 0 0 1 0 0 1 0 0 1 0 0 1 0 0 1 0 0 1 0 0 1 0 0 1 0 0 1 0 0 1 0 0 1 0 0 1 0 0 1 0 0 1 0 0 1 0 0 1 0 0 1 0 0 1 0 0 1 0 0 1 0 0 1 0 0 1 0 0 1 0 0 1 0 0 1 0 0 1 0 0 1 0 0 1 0 0 1 0 0 1 0 0 1 0 0 1 0 0 1 0 0 1 0 0 1 0 0 1 0 0 1 0 0 1 0 0 1 0 0 1 0 0 1 0 0 1 0 0 1 0 0 1 0 0 1 0 0 1 0 0 1 0 0 1 0 0 1 0 0 1 0 0 1 0 0 1 0 0 1 0 0 1 0 0 1 0 0 1 0 0 1 0 0 1 0 0 1 0 0 1 0 0 1 0 0 1 0 0 1 0 0 1 0 0 1 0 0 1 0 0 1 0 0 1 0 0 1 0 0 1 0 0 1 0 0 1 0 0 1 0 0 1 0 0 1 0 0 1 0 0 1 0 0 1 0 0 1 0 0 1 0 0 1 0 0 1 0 0 1 0 0 1 0 0 1 0 0 1 0 0 1 0 0 1 0 0 1 0 0 1 0 0 1 0 0 1 0 0 1 0 0 1 0 0 1 0 0 1 0 0 1 0 0 1 0 0 1 0 0 1 0 0 1 0 0 1 0 0 1 0 0 1 0 0 1 0 0 1 0 0 1 0 0 1 0 0 1 0 0 1 0 0 1 0 0 1 0 0 1 0 0 1 0 0 1 0 0 1 0 0 1 0 0 1 0 0 1 0 0 1 0 0 1 0 0 1 0 0 1 0 0 1 0 0 1 0 0 1 0 0 1 0 0 1 0 0 1 0 0 1 0 0 1 0 0 1 0 0 1 0 0 1 0 0 1 0 0 1 0 0 1 0 0 1 0 0 1 0 0 0 0.3392097 0.9407108 0 -0.3396504 -0.9405518 -0.007124006 -0.9990872 0.04212045 -0.005566239 -0.9988871 0.04683536 -0.00430721 -0.9986795 0.05119293 -7.10362e-5 -0.9999896 0.004569768 -2.15042e-4 -0.9999708 0.007644593 -4.30056e-4 -0.9999424 0.01071959 -0.003481507 -0.9990422 0.04361981 -0.01854401 -0.9996778 0.01732999 -0.01669716 -0.9996462 0.02070492 -0.0150035 -0.9996005 0.02395027 -0.01344758 -0.9995427 0.02708351 -0.01206094 -0.9994764 0.03002387 -0.0107668 -0.9994 0.03292065 -0.00959748 -0.9993169 0.03568935 -0.008549988 -0.999229 0.03831833 -0.003314614 -0.9984729 0.05514556 -0.002527177 -0.9982684 0.05877095 -0.001926243 -0.9980757 0.06197875 -0.001565396 -0.9979349 0.0642125 -0.001363217 -0.9978478 0.06555849 -0.00118786 -0.9977649 0.06681209 -0.001048624 -0.997693 0.0678789 -9.29305e-4 -0.9976262 0.06885695 -7.86673e-4 -0.9975396 0.07010191 -7.19942e-4 -0.997496 0.07071959 -6.08572e-4 -0.9974184 0.0718078 -5.47721e-4 -0.9973732 0.07243162 -4.26747e-4 -0.9972786 0.07372468 -3.49731e-4 -0.9972153 0.07457679 -1.30473e-4 -0.9970257 0.07706916 1.22253e-4 -0.9970548 0.07669222 3.05252e-4 -0.9972651 0.07390773 3.59055e-4 -0.997324 0.07310771 4.49718e-4 -0.9974189 0.07180011 4.91426e-4 -0.9974605 0.07122075 5.73776e-4 -0.997538 0.07012587 6.2667e-4 -0.9975848 0.06945681 7.20712e-4 -0.9976625 0.06833004 8.08466e-4 -0.9977298 0.06733888 9.21336e-4 -0.9978098 0.066141 0.001044511 -0.9978902 0.06491529 0.001192867 -0.9979789 0.06353521 0.001456439 -0.9981218 0.0612443 0.001892447 -0.9983179 0.0579462 0.002459049 -0.9985262 0.05421507 0.003166496 -0.9987366 0.05015003 0.004054248 -0.998948 0.04567801 0.00513947 -0.9991517 0.04085826 0.00612092 -0.9992969 0.03698986 0.006835699 -0.9993873 0.03432875 0.007626831 -0.9994734 0.03154128 0.008495569 -0.9995537 0.02863895 0.009422957 -0.9996253 0.02569591 0.0104348 -0.9996892 0.02263933 0.01154631 -0.9997444 0.01943743 0.01272511 -0.9997879 0.01619273 0.002307653 -0.9990455 0.04361999 2.82553e-4 -0.999943 0.01067882 1.42639e-4 -0.9999707 0.007657289 0.005143582 -0.9991525 -0.04083991 0.004049479 -0.9989471 -0.04569929 0.003170907 -0.998738 -0.05012464 4.70632e-5 -0.9999896 0.004572212 0 -0.9999988 0.001543521 0 -0.9999988 -0.001540839 4.73106e-5 -0.9999895 -0.004580199 1.42225e-4 -0.9999708 -0.007643938 0.00180912 -0.9990466 -0.04361867 0.01401257 -0.9998199 -0.01280015 0.01273149 -0.9997881 -0.01617604 0.01153773 -0.999744 -0.01946157 0.01044011 -0.9996895 -0.02262324 0.009428143 -0.9996258 -0.0256794 0.008483469 -0.9995528 -0.0286774 0.007636308 -0.9994744 -0.03150779 0.006827354 -0.9993862 -0.03435826 0.006118655 -0.9992966 -0.03699696 0.002453982 -0.9985247 -0.05424427 0.001897096 -0.9983199 -0.05791109 0.001451075 -0.9981193 -0.06128513 -2.9556e-4 -0.9971702 -0.07517611 0.001197397 -0.9979818 -0.06348925 0.001049637 -0.9978936 -0.06486415 9.16065e-4 -0.9978064 -0.06619346 8.1336e-4 -0.9977335 -0.06728357 7.1915e-4 -0.9976613 -0.06834769 6.28781e-4 -0.9975866 -0.06943005 5.6536e-4 -0.9975306 -0.07023233 5.0076e-4 -0.9974697 -0.07109111 4.4068e-4 -0.9974099 -0.07192564 3.69759e-4 -0.9973357 -0.07294857 2.72307e-4 -0.9972287 -0.07439756 1.22299e-4 -0.9970558 -0.0766797 -4.55446e-4 -0.9973019 -0.07340711 -5.23332e-4 -0.9973551 -0.07268166 -6.10787e-4 -0.99742 -0.07178509 -7.18247e-4 -0.9974949 -0.07073527 -7.95745e-4 -0.9975454 -0.07001793 -9.20705e-4 -0.9976213 -0.06892734 -0.001047372 -0.9976923 -0.06788939 -0.001188516 -0.9977653 -0.06680738 -0.001377105 -0.9978544 -0.06545895 -0.001564979 -0.9979354 -0.06420856 -0.001919031 -0.9980732 -0.06201732 -0.002533495 -0.9982703 -0.05873739 -0.00330764 -0.9984713 -0.05517333 -0.004313349 -0.9986807 -0.0511685 -0.005559504 -0.9988862 -0.0468558 -2.16042e-4 -0.9999706 -0.007665932 -0.007129907 -0.9990878 -0.04210257 -0.008544862 -0.9992286 -0.03833001 -0.009585082 -0.9993159 -0.03571873 -0.01077497 -0.9994006 -0.0329014 -0.01205575 -0.9994761 -0.03003495 -0.01344984 -0.9995428 -0.02707862 -0.01501476 -0.999601 -0.02392774 -0.01669317 -0.9996461 -0.02071183 -0.004149019 -0.9990397 -0.04361838 -7.16594e-4 -0.9999044 -0.01380622 -4.2863e-4 -0.9999427 -0.01070189 -7.04782e-5 -0.9999896 -0.004557907 0 -0.9999988 -0.001548886 0 -0.9999988 0.001544833 6.91858e-4 -0.7772356 -0.6292095 0.002264499 -0.7854841 -0.6188778 0.001551866 -0.7823614 -0.6228229 0.001071751 -0.7797869 -0.6260442 1.03063e-4 -0.8154 -0.578898 2.38223e-4 -0.8135403 -0.5815085 4.32084e-4 -0.8115803 -0.5842408 6.3391e-4 -0.8099656 -0.5864771 0.00950706 -0.8039244 -0.5946556 0.003810644 -0.7933551 -0.6087472 0.001240432 -0.8062608 -0.5915589 9.1517e-4 -0.8081026 -0.589041 0.008465409 -0.801912 -0.5973823 0.007425785 -0.7997823 -0.6002442 0.006666958 -0.7981302 -0.6024482 0.005969583 -0.7965124 -0.6045927 0.005150914 -0.7944821 -0.6072659 0.004463911 -0.7926533 -0.6096563 0.003896832 -0.7910283 -0.6117671 0.003356814 -0.7893576 -0.6139245 0.002968072 -0.7880539 -0.6155991 3.98334e-4 -0.7746966 -0.632333 2.26202e-4 -0.7727113 -0.6347577 1.63733e-4 -0.771707 -0.6359783 1.01403e-4 -0.770496 -0.6374449 5.88105e-5 -0.769478 -0.6386734 4.00469e-5 -0.7689135 -0.6393527 2.37337e-7 -0.7673619 -0.6412142 1.2508e-5 -0.7680042 -0.6404448 5.19245e-6 -0.7674618 -0.6410946 2.98523e-6 -0.7672111 -0.6413947 -2.84022e-7 -0.7665618 -0.6421706 -2.49593e-6 -0.765533 -0.6433967 0.003473103 -0.8451716 -0.5344836 -0.01222562 -0.8348022 -0.5504143 -0.01006114 -0.8374472 -0.5464257 -0.008222281 -0.8399173 -0.5426521 -0.01884931 -0.8278213 -0.560675 0 -0.8176209 -0.575757 0 -0.8197224 -0.5727611 -2.14334e-4 -0.8433895 -0.5373026 -0.02296727 -0.8239617 -0.5661798 -0.02110105 -0.8256776 -0.5637475 -0.01726579 -0.8293856 -0.5584097 -0.0156219 -0.8310747 -0.5559414 -0.01425504 -0.8325378 -0.5537848 -0.006619393 -0.8422917 -0.5389813 -0.00546658 -0.844179 -0.5360336 -0.00446242 -0.845996 -0.5331706 -0.003898978 -0.8471214 -0.5313851 -0.003387331 -0.8481919 -0.5296784 -0.003173172 -0.848661 -0.5289278 -0.002816081 -0.8494788 -0.5276152 -0.002540707 -0.8501366 -0.5265561 -0.002282917 -0.8507772 -0.5255215 -0.002005219 -0.8514934 -0.5243614 -0.001713395 -0.8522718 -0.5230964 -0.00148493 -0.8528999 -0.5220724 -0.001138567 -0.8538776 -0.5204727 -8.43899e-4 -0.8547283 -0.5190751 -5.22275e-4 -0.8556738 -0.5175154 5.03633e-4 -0.8552277 -0.518252 7.72942e-4 -0.8541665 -0.5199992 0.001007139 -0.8532564 -0.5214908 0.00128138 -0.8522098 -0.5231987 0.001469254 -0.8515086 -0.5243387 0.001652956 -0.8508406 -0.5254212 0.001861512 -0.8501043 -0.526611 0.002081632 -0.8493517 -0.5278232 0.002282083 -0.8486904 -0.5288851 0.002519309 -0.8479367 -0.5300915 0.002695798 -0.8473978 -0.5309517 0.003052234 -0.8463537 -0.5326125 0.00420171 -0.8433005 -0.5374259 0.005027949 -0.8413639 -0.5404458 0.006174623 -0.8389109 -0.5442337 0.007469594 -0.8363786 -0.5481011 0.008971035 -0.8336883 -0.5521623 0.01024436 -0.8315927 -0.5552913 0.01141726 -0.8297357 -0.5580397 0.01244109 -0.8281755 -0.5603309 0.0133903 -0.8267827 -0.562362 0.01480698 -0.8247774 -0.5652636 0.01628673 -0.822752 -0.5681672 1.42549e-4 -0.8433896 -0.5373026 0 -0.8197224 -0.5727611 0 -0.8176209 -0.575757 9.58717e-6 -0.7652103 -0.6437803 5.29273e-7 -0.7665407 -0.6421959 -1.68461e-5 -0.7679909 -0.6404609 -8.7493e-6 -0.7675516 -0.6409872 -1.36807e-5 -0.7677398 -0.6407617 -8.02052e-5 -0.7696187 -0.6385037 -4.2873e-5 -0.7688077 -0.63948 -1.44676e-4 -0.7705578 -0.6373701 -2.15691e-4 -0.7715442 -0.6361756 -3.10286e-4 -0.7726276 -0.6348594 -5.49176e-4 -0.7745724 -0.6324851 -9.59059e-4 -0.7770521 -0.6294355 -0.001494348 -0.7795442 -0.6263455 -0.002177357 -0.7820616 -0.6231973 -0.00319904 -0.7851136 -0.6193435 -0.004185438 -0.7875515 -0.6162346 -0.004822194 -0.7889913 -0.6143854 -0.005548357 -0.7905009 -0.6124358 -0.006462514 -0.7922545 -0.6101565 -0.007580518 -0.7942408 -0.6075558 -0.008511722 -0.7957788 -0.6055278 -0.009754121 -0.7976931 -0.6029847 -0.002482712 -0.8042671 -0.5942629 -0.006174921 -0.7933458 -0.60874 -0.01260012 -0.8016452 -0.5976673 -0.01087051 -0.7993034 -0.6008293 -0.001853346 -0.8063318 -0.5914606 -0.001405417 -0.8080103 -0.5891667 -9.58547e-4 -0.8099673 -0.5864742 -6.51887e-4 -0.8115891 -0.5842284 -3.60665e-4 -0.8135368 -0.5815134 -1.54517e-4 -0.8154138 -0.5788785 0.001817166 -0.7343634 -0.6787541 -0.001499772 -0.7395184 -0.6731347 0 -0.737268 -0.6756003 0 -0.7829106 -0.6221343 2.98616e-6 -0.767468 -0.6410872 2.03317e-4 -0.2680833 -0.9633957 4.79427e-4 -0.2726449 -0.9621146 9.56876e-5 -0.3362096 -0.9417871 2.58924e-4 -0.332381 -0.9431452 3.27565e-4 -0.3311944 -0.9435626 5.96907e-4 -0.3275239 -0.9448427 8.52337e-4 -0.3246608 -0.9458302 0.001068174 -0.3226099 -0.9465314 0.001449644 -0.3194693 -0.9475955 0.001894593 -0.3162398 -0.9486774 0.004924535 -0.301146 -0.9535653 0.002314388 -0.3135154 -0.9495804 0.0028705 -0.3102505 -0.9506505 0.00464785 -0.3007107 -0.953704 0.00663799 -0.3078307 -0.9514181 0.005601048 -0.3038911 -0.9526904 0.004384577 -0.298795 -0.9543073 0.00358051 -0.2950188 -0.9554848 0.003121554 -0.2926805 -0.9562052 0.002493143 -0.2891855 -0.9572699 0.002132415 -0.2869801 -0.9579342 0.001731514 -0.284264 -0.9587445 0.001364052 -0.2814787 -0.9595665 0.00104326 -0.2787302 -0.9603689 8.23634e-4 -0.276575 -0.9609919 -0.01544117 -0.3601278 -0.9327751 -0.0128476 -0.3647303 -0.9310246 -0.01078248 -0.3687217 -0.9294774 0 -0.3826743 -0.9238833 -0.01989424 -0.3530523 -0.935392 -0.01839578 -0.3553059 -0.9345691 0.00598073 -0.3737308 -0.927518 -0.009236574 -0.3719773 -0.9281959 -0.00750637 -0.375943 -0.9266124 -0.006920456 -0.3774009 -0.9260241 -0.005776584 -0.3803609 -0.9248201 -0.005722761 -0.3805056 -0.9247609 -0.005238592 -0.3818562 -0.9242069 -0.004258811 -0.3846864 -0.9230375 -0.004107236 -0.3851389 -0.9228494 -0.003870189 -0.3858693 -0.9225454 -0.003198504 -0.3879996 -0.9216541 -0.002490818 -0.3903035 -0.9206829 -0.002140939 -0.3914699 -0.9201884 -9.14315e-4 -0.3956453 -0.918403 -8.89725e-4 -0.3957305 -0.9183662 0.001057446 -0.4025827 -0.9153829 0.001957476 -0.3898018 -0.9208968 0.002204596 -0.3886891 -0.9213663 0.002800047 -0.3860611 -0.922469 0.003312706 -0.3838471 -0.9233908 0.003464579 -0.3832072 -0.923656 0.003576219 -0.3827493 -0.9238454 0.004352927 -0.379654 -0.9251183 0.004676401 -0.3784034 -0.925629 0.004710853 -0.3782744 -0.9256815 0.005561172 -0.3751974 -0.9269282 0.007255673 -0.3695883 -0.9291673 0.00835675 -0.3662713 -0.9304706 0.00982809 -0.3621677 -0.9320612 0.01165932 -0.3574396 -0.9338634 0.0137071 -0.3525393 -0.9356966 2.10882e-5 -0.3826743 -0.9238833 0 -0.3424039 -0.9395529 0 -0.3396504 -0.9405518 -7.34424e-5 -0.263812 -0.9645741 -2.92485e-4 -0.2680175 -0.963414 -6.91901e-4 -0.2725147 -0.9621514 -0.001151621 -0.2760658 -0.9611381 -0.001565456 -0.2788043 -0.9603467 -0.002053678 -0.2816146 -0.9595254 -0.002443194 -0.2835916 -0.9589421 -0.00306195 -0.286393 -0.9581073 -0.003729879 -0.2891148 -0.9572871 -0.00455451 -0.2921651 -0.9563571 -0.005348563 -0.2948507 -0.9555283 -0.006401062 -0.2981266 -0.9545049 -0.007479608 -0.3012351 -0.9535205 -0.008469164 -0.3038899 -0.9526695 -0.007202148 -0.3007062 -0.9536896 -0.00506103 -0.3077023 -0.9514693 -0.004252612 -0.3105672 -0.9505419 -0.003549158 -0.3132979 -0.9496483 -0.002774715 -0.3166232 -0.9485473 -0.002220749 -0.3192852 -0.9476562 -0.001613497 -0.3225987 -0.9465345 -0.001254379 -0.324863 -0.9457603 -7.93345e-4 -0.3282997 -0.9445732 -5.4752e-4 -0.3305328 -0.9437944 -3.20997e-4 -0.3331491 -0.9428741 -1.72356e-4 -0.3354853 -0.9420455 5.11639e-5 -0.2638317 -0.9645687 -1.58866e-6 -0.2599414 -0.9656244 6.96435e-6 -0.2164486 -0.976294 0.01193779 -0.2457537 -0.9692589 0.01051127 -0.2421877 -0.9701725 0.009105622 -0.2384306 -0.9711168 0.008441805 -0.2365391 -0.9715853 0.007233202 -0.2329864 -0.972453 0.00728923 -0.233156 -0.9724121 0.006339192 -0.2301965 -0.9731235 0.005868434 -0.2286894 -0.9734817 0.005209028 -0.2265236 -0.9739918 0.004749417 -0.224977 -0.9743525 0.00425744 -0.2232839 -0.9747442 0.003099083 -0.2192134 -0.9756721 0.003095149 -0.2191993 -0.9756752 0.001648604 -0.2139294 -0.9768477 -6.60386e-4 -0.2096557 -0.977775 -0.001714229 -0.2125697 -0.9771444 -0.003259181 -0.2167592 -0.9762197 -0.003498375 -0.2173943 -0.9760776 -0.004712998 -0.2205459 -0.9753652 -0.005481958 -0.2224915 -0.9749193 -0.006121754 -0.2240675 -0.9745544 -0.00676316 -0.2256031 -0.9741958 -0.007616579 -0.2275856 -0.9737283 -0.008584499 -0.2297637 -0.9732086 -0.008896291 -0.2304425 -0.9730453 -0.0100941 -0.2329623 -0.9724334 -0.01120811 -0.235224 -0.9718766 -0.01313686 -0.2388623 -0.9709646 -3.63461e-4 -0.2164486 -0.976294 2.05209e-6 -0.2591437 -0.9658387 2.27855e-6 -0.2599421 -0.9656242 5.11639e-5 0.2638317 -0.9645687 2.03317e-4 0.2680833 -0.9633956 4.79427e-4 0.2726449 -0.9621146 8.42888e-4 0.2767947 -0.9609287 0.001019001 0.2785222 -0.9604292 0.00138396 0.2816494 -0.9595164 0.00170803 0.2841048 -0.9587917 0.002062439 0.2865062 -0.9580762 0.002574801 0.2896398 -0.9571323 0.00307548 0.2924246 -0.9562836 0.00363332 0.2952671 -0.9554079 0.004309773 0.2984439 -0.9544175 0.003385066 0.3074921 -0.9515446 0.004758 0.3007106 -0.9537036 0.005702912 0.3043041 -0.9525579 0.005011677 0.3014999 -0.9534531 0.002794742 0.3106562 -0.9505183 0.002376139 0.3131141 -0.9497125 0.001832842 0.3166403 -0.9485439 0.001497924 0.3190717 -0.9477294 0.001092672 0.3224081 -0.9466001 8.34562e-4 0.3248601 -0.9457617 5.54293e-4 0.3280012 -0.9446771 3.56447e-4 0.3306949 -0.9437376 2.5592e-4 0.3324329 -0.9431269 -0.01120811 0.235224 -0.9718766 -0.009960949 0.2326919 -0.9724994 -0.009026348 0.2307257 -0.972977 -0.008363187 0.2292818 -0.9733242 -0.00784403 0.2281137 -0.9736029 -0.006679236 0.2254081 -0.9742415 -0.006207168 0.2242779 -0.9745054 -0.005394399 0.2222758 -0.9749689 -0.004802942 0.2207791 -0.9753121 -0.003471195 0.2173238 -0.9760934 -0.00328803 0.2168375 -0.9762021 -0.00175786 0.2126879 -0.9771186 -6.17461e-4 0.209535 -0.977801 6.9883e-4 0.2058327 -0.978587 0.00303632 0.2189856 -0.9757234 0.001670777 0.2140103 -0.97683 0.003152728 0.2194018 -0.9756295 0.004268109 0.2233215 -0.9747355 0.004739224 0.2249426 -0.9743605 0.005383074 0.2271091 -0.9738544 0.005699098 0.2281473 -0.97361 0.006620883 0.2310979 -0.972908 0.007014632 0.2323245 -0.972613 0.00747472 0.2337176 -0.9722758 0.008204877 0.2358638 -0.9717515 0.009105622 0.2384306 -0.9711168 0.01051127 0.2421877 -0.9701725 2.54152e-4 0.2164486 -0.9762941 -1.43075e-6 0.259143 -0.965839 -1.58866e-6 0.2599414 -0.9656244 -2.92485e-4 0.2680175 -0.963414 -6.91901e-4 0.2725147 -0.9621514 -1.70601e-4 0.3355277 -0.9420303 -3.25112e-4 0.3331016 -0.9428909 -5.45138e-4 0.3305603 -0.9437847 -7.97762e-4 0.3282668 -0.9445847 -0.001256048 0.3248505 -0.9457646 -0.001610159 0.3226171 -0.9465283 -0.002300262 0.3188508 -0.9478021 -0.002671718 0.3170651 -0.9484 -0.007297337 0.3007459 -0.9536764 -0.003542542 0.3133263 -0.9496389 -0.004262864 0.3105311 -0.9505536 -0.007031261 0.3007066 -0.9536908 -0.009960293 0.3076296 -0.9514541 -0.008450865 0.3038407 -0.9526853 -0.006561696 0.2986264 -0.9543476 -0.005323112 0.2947714 -0.955553 -0.004578113 0.2922522 -0.9563303 -0.003761351 0.2892313 -0.9572519 -0.003033995 0.2862665 -0.9581452 -0.002477288 0.2837461 -0.9588963 -0.002025127 0.2814505 -0.9595736 -0.001467287 0.2782388 -0.9605108 -0.001228988 0.2766631 -0.9609662 -7.34424e-5 0.263812 -0.9645741 2.27855e-6 0.2599421 -0.9656242 -9.98783e-6 0.2164486 -0.976294 -0.01506489 0.2422325 -0.9701012 -0.01313686 0.2388623 -0.9709646 0.007255673 0.3695883 -0.9291673 0.01165932 0.3574396 -0.9338634 0.00982809 0.3621677 -0.9320612 0.00835675 0.3662713 -0.9304706 9.68883e-5 0.3361665 -0.9418026 0 0.3396504 -0.9405518 0 0.3826743 -0.9238833 0.01470822 0.3503165 -0.9365159 0.0137071 0.3525393 -0.9356966 0.00598073 0.3737308 -0.927518 0.005416631 0.3757024 -0.9267245 0.004853725 0.3777397 -0.9258992 0.004812955 0.3778922 -0.9258371 0.004212915 0.3802122 -0.9248897 0.003710925 0.3822128 -0.9240669 0.003325164 0.3837944 -0.9234126 0.003300547 0.3838981 -0.9233696 0.00281322 0.3860028 -0.9224933 -8.24125e-4 0.3959618 -0.9182667 0.002274751 0.3883798 -0.9214965 0.001878142 0.3901652 -0.9207429 8.83222e-4 0.3947184 -0.9188018 -9.71203e-4 0.3954518 -0.9184862 -0.002180874 0.3913339 -0.9202462 -0.002454459 0.3904216 -0.9206329 -0.003316104 0.3876166 -0.9218147 -0.003760278 0.3862079 -0.9224041 -0.003796577 0.3860961 -0.9224508 -0.00456053 0.3838152 -0.9233986 -0.005327343 0.3815997 -0.9243123 -0.005632996 0.3807469 -0.9246622 -0.005936026 0.3799322 -0.9249953 -0.006761372 0.3777965 -0.9258641 -0.00750637 0.375943 -0.9266124 -0.009236574 0.3719773 -0.9281959 -0.01078248 0.3687217 -0.9294774 -0.0128476 0.3647303 -0.9310246 -0.01544117 0.3601279 -0.9327751 -0.01839578 0.3553059 -0.9345691 -3.11751e-5 0.3826743 -0.9238833 0 0.3424038 -0.9395529 0 0.3396504 -0.9405518 -2.17106e-6 0.7678282 -0.6406558 -8.42341e-6 0.7649419 -0.6440994 3.66157e-6 0.7673453 -0.641234 3.73608e-6 0.7673538 -0.641224 -2.34069e-7 0.7670592 -0.6415764 2.09079e-5 0.7681682 -0.6402481 4.23948e-5 0.769005 -0.6392428 5.54794e-5 0.7693982 -0.6387695 9.95706e-5 0.7704522 -0.6374978 1.66367e-4 0.7717494 -0.6359269 2.26202e-4 0.7727113 -0.6347577 3.98332e-4 0.7746966 -0.632333 6.91858e-4 0.7772356 -0.6292095 0.001071751 0.7797869 -0.6260442 9.04129e-4 0.8081759 -0.5889405 0.001551866 0.7823614 -0.6228229 0.002264499 0.7854841 -0.6188777 0.002952396 0.7879968 -0.6156723 0.003375887 0.7894166 -0.6138485 0.003872573 0.7909535 -0.6118642 0.004492878 0.7927305 -0.6095558 0.005138814 0.7944498 -0.6073081 0.005979239 0.7965349 -0.604563 0.006644248 0.7980776 -0.6025181 0.007449448 0.7998308 -0.6001793 0.008585631 0.8021574 -0.5970509 0.004084587 0.7933542 -0.6087465 0.001652061 0.8042195 -0.5943301 0.001255035 0.8061887 -0.5916572 6.43277e-4 0.8099037 -0.5865626 4.25783e-4 0.8116441 -0.5841521 2.15701e-4 0.8137674 -0.5811906 -0.00319904 0.7851137 -0.6193435 -0.002177357 0.7820616 -0.6231973 -0.001494348 0.7795442 -0.6263455 0 0.8176209 -0.575757 -1.60709e-4 0.8153252 -0.5790033 -3.46336e-4 0.8136323 -0.5813796 -6.72722e-4 0.8114494 -0.5844225 -9.27173e-4 0.8101044 -0.5862849 -0.01392197 0.8033353 -0.5953642 -0.005760788 0.7933477 -0.6087415 -0.001903057 0.8061691 -0.5916822 -0.001370072 0.8081654 -0.588954 -0.01268261 0.8017562 -0.5975166 -0.01096165 0.7994272 -0.600663 -0.009675741 0.7975726 -0.6031453 -0.008635222 0.7959695 -0.6052752 -0.007467925 0.7940412 -0.6078181 -0.00642085 0.7921802 -0.6102535 -0.005582928 0.7905726 -0.6123429 -0.004930973 0.7892178 -0.6140936 -0.00409317 0.787324 -0.6165259 -9.59059e-4 0.7770521 -0.6294355 -5.49179e-4 0.7745724 -0.6324851 -3.10286e-4 0.7726276 -0.6348595 -2.20862e-4 0.7716035 -0.6361038 -1.40681e-4 0.7704892 -0.637453 -7.19443e-5 0.7693081 -0.638878 -6.00172e-5 0.7690493 -0.6391896 -3.10696e-5 0.7682316 -0.640172 2.00621e-6 0.7669675 -0.6416859 -4.05995e-6 0.767297 -0.6412919 -5.38893e-6 0.767408 -0.6411591 1.1911e-5 0.7648686 -0.6441864 2.89351e-6 0.7679541 -0.6405048 0 0.7829106 -0.6221343 0 0.737268 -0.6756003 -0.001499772 0.7395184 -0.6731347 0.001817166 0.7343634 -0.6787541 0.008971035 0.8336884 -0.5521623 0.007469534 0.8363788 -0.5481011 0.006174623 0.8389109 -0.5442337 1.13478e-4 0.8151748 -0.5792151 0 0.8176209 -0.575757 0 0.8433896 -0.5373026 0.01676559 0.8221188 -0.5690691 0.01629018 0.8227474 -0.5681736 0.01481008 0.824773 -0.5652701 0.01344734 0.8267022 -0.5624791 0.01238542 0.8282605 -0.5602064 0.01128268 0.8299402 -0.5577382 0.01036661 0.8313909 -0.5555914 0.005027949 0.8413639 -0.5404458 0.00420171 0.8433005 -0.5374259 0.003473103 0.8451716 -0.5344836 0.003076136 0.8462868 -0.5327186 0.002671241 0.8474728 -0.5308322 0.002517342 0.8479427 -0.5300821 0.002283394 0.848686 -0.528892 0.002021551 0.8495498 -0.5275046 0.001924812 0.8498805 -0.5269719 0.001644194 0.8508715 -0.5253713 0.001478731 0.8514729 -0.5243964 0.001357614 0.8519254 -0.5236615 9.1905e-4 0.853599 -0.5209299 8.02745e-4 0.8540507 -0.5201891 4.64992e-4 0.8553819 -0.5179978 -9.08937e-4 0.8545407 -0.5193837 -0.001181066 0.8537547 -0.5206741 -0.001447081 0.8530038 -0.5219027 -0.00162357 0.8525189 -0.5226938 -0.00209093 0.8512727 -0.5247195 -0.002204477 0.8509798 -0.5251938 -0.002617597 0.8499529 -0.5268521 -0.002854526 0.849387 -0.527763 -0.003133296 0.8487483 -0.5287877 -0.003385007 0.848197 -0.5296701 -0.003902554 0.8471143 -0.5313964 -0.00446242 0.845996 -0.5331706 -0.00546658 0.844179 -0.5360336 -0.006619393 0.8422917 -0.5389813 -0.008222281 0.8399173 -0.5426521 -0.01006114 0.8374472 -0.5464257 -0.01222562 0.8348022 -0.5504143 -0.01428014 0.8325097 -0.5538264 -0.01558846 0.8311089 -0.5558911 -0.01710993 0.8295462 -0.5581759 -0.01902377 0.8276558 -0.5609135 -0.02094411 0.8258275 -0.5635337 -0.001132309 0.8433891 -0.5373022 -4.06153e-6 0.8201847 -0.5720988 0 0.8197224 -0.5727611 -0.007129907 0.9990878 -0.04210257 -0.005559504 0.9988862 -0.0468558 -0.004313349 0.9986807 -0.0511685 -7.10362e-5 0.9999896 -0.004569768 -2.14728e-4 0.9999708 -0.007637858 -4.30276e-4 0.9999424 -0.01071959 -0.003482282 0.9990421 -0.0436185 -0.01854401 0.9996778 -0.01732999 -0.01668828 0.999646 -0.02072119 -0.01500308 0.9996006 -0.02395015 -0.01345765 0.9995431 -0.02706211 -0.01206094 0.9994764 -0.03002387 -0.0107668 0.9994 -0.03292065 -0.00959748 0.9993169 -0.03568935 -0.00853765 0.9992279 -0.03834933 -0.00330764 0.9984713 -0.05517333 -0.002533495 0.9982703 -0.05873739 -0.001919031 0.9980732 -0.06201732 -0.001578986 0.9979408 -0.0641219 -0.001363217 0.9978478 -0.06555849 -0.00118786 0.9977649 -0.06681209 -0.001048624 0.997693 -0.0678789 -9.12703e-4 0.9976167 -0.06899291 -8.03775e-4 0.9975506 -0.0699436 -7.00671e-4 0.9974833 -0.07089799 -6.29402e-4 0.9974336 -0.07159423 -5.23098e-4 0.9973549 -0.07268404 -4.5568e-4 0.9973021 -0.07340455 -3.12096e-4 0.997184 -0.07499319 -1.30267e-4 0.9970265 -0.07705974 1.22062e-4 0.9970555 -0.0766834 2.72667e-4 0.997229 -0.07439219 3.83182e-4 0.9973502 -0.07274895 4.29669e-4 0.9973988 -0.07207858 5.08104e-4 0.997477 -0.07098907 5.58543e-4 0.9975244 -0.07031857 6.40037e-4 0.9975965 -0.06928765 7.0783e-4 0.9976526 -0.0684756 8.08466e-4 0.9977298 -0.06733888 9.21336e-4 0.9978098 -0.066141 0.001055121 0.997897 -0.06481009 0.001192271 0.9979789 -0.06353414 0.001451075 0.9981193 -0.06128513 0.001897096 0.9983199 -0.05791109 0.002453982 0.9985247 -0.05424427 0.003170907 0.998738 -0.05012464 0.004049479 0.9989471 -0.04569929 0.005143582 0.9991525 -0.04083991 0.006112396 0.9992958 -0.03702163 0.006835699 0.9993873 -0.03432875 0.007634341 0.9994741 -0.0315147 0.008488118 0.9995531 -0.02866268 0.009422957 0.9996253 -0.02569591 0.01044094 0.9996896 -0.02262073 0.01154053 0.9997442 -0.0194534 0.01272511 0.9997879 -0.01619273 0.002308189 0.9990456 -0.04361861 2.82697e-4 0.999943 -0.01067882 1.42432e-4 0.9999707 -0.007650613 0.00513947 0.9991517 0.04085826 0.004054248 0.998948 0.04567801 0.003166496 0.9987366 0.05015003 4.71868e-5 0.9999895 -0.004576206 0 0.9999988 -0.00154215 0 0.9999988 0.00154215 4.71868e-5 0.9999896 0.004576206 1.42225e-4 0.9999708 0.007643938 0.001809179 0.9990466 0.04361999 0.01400858 0.9998198 0.01281076 0.01273649 0.9997883 0.01616275 0.01153796 0.999744 0.01946163 0.01044034 0.9996895 0.0226233 0.009421467 0.9996253 0.02570056 0.008483469 0.9995528 0.0286774 0.007636308 0.9994744 0.03150779 0.006835579 0.9993872 0.03432917 0.006119072 0.9992966 0.03699719 0.002459049 0.9985262 0.05421507 0.001892447 0.9983179 0.0579462 0.001456439 0.9981218 0.0612443 -3.33183e-4 0.9972015 0.07475984 0.001187145 0.9979758 0.06358456 0.001049637 0.9978936 0.06486415 9.16065e-4 0.9978064 0.06619346 8.1336e-4 0.9977335 0.06728357 7.1915e-4 0.9976613 0.06834769 6.28781e-4 0.9975866 0.06943005 5.80576e-4 0.997544 0.07003986 4.8406e-4 0.9974532 0.07132309 4.4068e-4 0.9974099 0.07192564 3.69759e-4 0.9973357 0.07294857 3.04852e-4 0.9972646 0.07391369 1.22491e-4 0.9970551 0.07668852 -4.55446e-4 0.9973019 0.07340711 -5.23332e-4 0.9973551 0.07268166 -6.10787e-4 0.99742 0.07178509 -7.18247e-4 0.9974949 0.07073527 -7.95745e-4 0.9975454 0.07001793 -9.20705e-4 0.9976213 0.06892734 -0.001047372 0.9976923 0.06788939 -0.001188516 0.9977653 0.06680738 -0.001363217 0.9978478 0.06555843 -0.001565814 0.9979352 0.06420999 -0.001926243 0.9980757 0.06197875 -0.002527177 0.9982684 0.05877095 -0.003314614 0.9984729 0.05514556 -0.00430721 0.9986795 0.05119293 -0.005566239 0.9988871 0.04683536 -2.16357e-4 0.9999705 0.007672667 -0.007124006 0.9990872 0.04212045 -0.008545517 0.9992286 0.03833031 -0.009597122 0.9993168 0.03569024 -0.01077497 0.9994006 0.0329014 -0.01205575 0.9994761 0.03003495 -0.01344984 0.9995428 0.02707862 -0.0150054 0.9996006 0.02394658 -0.01670205 0.9996463 0.02069556 -0.004148304 0.9990397 0.04361969 -7.16309e-4 0.9999044 0.01380616 -4.28411e-4 0.9999427 0.01070183 -7.04782e-5 0.9999896 0.004557907 0 0.9999988 0.001548886 0 0.9999988 -0.001544833 6.91858e-4 0.7772356 0.6292095 0.002264499 0.7854841 0.6188778 0.001595318 0.7825524 0.6225827 0.001040101 0.7795745 0.6263086 1.16615e-4 0.8151071 0.5793104 2.30449e-4 0.8135398 0.5815092 4.24254e-4 0.81158 0.5842412 6.26026e-4 0.8099656 0.5864772 0.00950706 0.8039244 0.5946556 0.003804683 0.7933439 0.6087619 0.001232385 0.8062611 0.5915585 9.0722e-4 0.8081027 0.5890409 0.008465409 0.801912 0.5973823 0.007572114 0.8000828 0.5998419 0.006674468 0.7981291 0.6024496 0.005844891 0.7962037 0.6050004 0.005150914 0.7944821 0.6072659 0.004582524 0.7929695 0.6092442 0.003904163 0.7910264 0.6117696 0.003364145 0.7893553 0.6139274 0.002873897 0.7877109 0.6160385 4.2829e-4 0.7749563 0.6320147 2.33038e-4 0.7727045 0.634766 1.28378e-4 0.7710204 0.6368105 1.01403e-4 0.770496 0.6374449 5.88105e-5 0.769478 0.6386734 4.00469e-5 0.7689135 0.6393527 2.7332e-5 0.7684185 0.6399477 1.91382e-5 0.7679897 0.6404622 -7.70964e-6 0.7659946 0.6428471 2.98523e-6 0.7672111 0.6413947 -2.84022e-7 0.7665618 0.6421706 -2.49593e-6 0.765533 0.6433967 -0.01233291 0.8346829 0.5505928 -0.0099684 0.8375722 0.5462357 -0.008222281 0.8399173 0.5426521 -0.01910346 0.8275802 0.5610224 0 0.8176209 0.575757 0 0.8197224 0.5727611 -2.14416e-4 0.8433983 0.5372887 -0.02297675 0.8239632 0.5661774 -0.02084285 0.8259242 0.5633957 -0.01727455 0.8293877 0.5584065 -0.01563042 0.8310769 0.5559378 -0.0140407 0.8327778 0.5534294 0.003477811 0.8451756 0.5344774 -0.006709933 0.8421581 0.5391889 -0.005472958 0.8441834 0.5360265 -0.004468441 0.846001 0.5331625 -0.00373286 0.8474693 0.5308313 -0.003561258 0.8478284 0.5302588 -0.003000676 0.8490564 0.5282938 -0.002816081 0.8494788 0.5276152 -0.002540707 0.8501366 0.5265561 -0.002282917 0.8507772 0.5255215 -0.002005219 0.8514934 0.5243614 -0.001943647 0.8516578 0.5240946 -0.001488208 0.852911 0.5220542 -0.00114125 0.8538903 0.5204517 -8.45796e-4 0.8547432 0.5190504 -1.25493e-4 0.8568565 0.515555 1.20883e-4 0.8567503 0.5157314 7.74682e-4 0.8541802 0.5199766 0.001009523 0.8532677 0.5214723 0.001284241 0.8522194 0.5231829 0.001664578 0.8507983 0.5254899 0.001652956 0.8508406 0.5254212 0.001861512 0.8501043 0.526611 0.002081632 0.8493517 0.5278232 0.002282083 0.8486904 0.5288851 0.002381205 0.8483756 0.5293895 0.002833902 0.8469938 0.5315954 0.002921342 0.8467376 0.5320028 0.004206657 0.843304 0.5374205 0.005096912 0.8412168 0.5406739 0.006174623 0.8389109 0.5442337 0.007400512 0.8365142 0.5478953 0.009050071 0.8335587 0.5523567 0.01024436 0.8315927 0.5552913 0.01125454 0.829994 0.5576588 0.01244735 0.828177 0.5603286 0.01357209 0.826526 0.5627349 0.01480698 0.8247774 0.5652636 0.01609587 0.8230139 0.5677931 1.42604e-4 0.8433983 0.5372888 0 0.8197224 0.5727611 0 0.8176209 0.575757 -5.99644e-6 0.767497 0.6410526 5.29273e-7 0.7665407 0.6421959 5.70617e-7 0.7665371 0.6422 -4.01711e-5 0.7687501 0.6395494 -1.36807e-5 0.7677398 0.6407617 -4.74758e-5 0.7686952 0.6396153 -8.98386e-5 0.7696158 0.6385073 -1.44676e-4 0.7705578 0.6373701 -1.67083e-4 0.7708693 0.6369934 -3.19664e-4 0.7726183 0.6348708 -5.9049e-4 0.7748228 0.6321781 -9.59059e-4 0.7770521 0.6294355 -0.001450181 0.7793389 0.626601 -0.002238392 0.7822445 0.6229676 -0.00319904 0.7851136 0.6193435 -0.004051208 0.7872206 0.6166583 -0.004832625 0.7889882 0.6143894 -0.005709648 0.7908108 0.6120341 -0.006462514 0.7922545 0.6101565 -0.007410287 0.7939389 0.6079524 -0.00852257 0.7957767 0.6055302 -0.009765088 0.7976914 0.6029869 -0.002470433 0.8042679 0.5942618 -0.006166338 0.7933346 0.6087547 -0.01260012 0.8016452 0.5976673 -0.01108503 0.7995947 0.6004378 -0.001841187 0.8063323 0.59146 -0.001393377 0.8080104 0.5891665 -9.46632e-4 0.8099672 0.5864744 -6.40072e-4 0.8115886 0.5842291 -3.4895e-4 0.8135361 0.5815144 -1.74899e-4 0.8151218 0.5792896 0.001816213 0.7343789 0.6787373 -0.001498997 0.739531 0.6731209 0 0.7372819 0.6755852 0 0.7829106 0.6221343 3.6086e-6 0.7641902 0.6449911 2.14988e-4 0.2680747 0.9633981 5.18949e-4 0.2730965 0.9619865 8.35507e-5 0.3362046 0.941789 2.12027e-4 0.3331913 0.9428592 3.73945e-4 0.3303923 0.9438437 5.84632e-4 0.3275205 0.944844 7.70166e-4 0.325441 0.945562 0.001149833 0.3218336 0.9467956 0.001437187 0.3194676 0.9475961 0.001882016 0.3162385 0.9486779 0.005114793 0.3019184 0.9533201 0.002301692 0.3135146 0.9495806 0.002857744 0.3102502 0.9506506 0.004640102 0.3006832 0.9537128 0.00663799 0.3078307 0.9514181 0.005601048 0.3038911 0.9526904 0.004219353 0.2980195 0.9545505 0.00358051 0.2950188 0.9554848 0.003121554 0.2926805 0.9562052 0.002493143 0.2891855 0.9572699 0.002132415 0.2869801 0.9579342 0.001731514 0.284264 0.9587445 0.001364052 0.2814787 0.9595665 0.00104326 0.2787302 0.9603689 8.23634e-4 0.276575 0.9609919 0.00612837 0.3732516 0.9277099 -0.01544117 0.3601278 0.9327751 -0.01304209 0.3643856 0.9311569 -0.0107932 0.3687324 0.9294729 0 0.3827003 0.9238726 -0.01990735 0.3530593 0.9353891 -0.01819378 0.355636 0.9344475 -0.009061396 0.3723793 0.9280364 -0.007691442 0.3755191 0.9267827 -0.006559014 0.3783367 0.9256448 -0.006152212 0.3793894 0.9252166 -0.005345761 0.3815573 0.9243297 -0.005238592 0.3818562 0.9242069 -0.004667699 0.3835059 0.9235267 -0.004113912 0.3851599 0.9228407 -0.003423869 0.3872851 0.9219536 -0.003198504 0.3879996 0.9216541 -0.002490818 0.3903035 0.9206829 -0.002140939 0.3914699 0.9201884 -0.001558184 0.3934547 0.9193427 -1.57135e-4 0.3983113 0.9172503 1.92112e-4 0.3995404 0.9167156 0.001957476 0.3898018 0.9208968 0.002204596 0.3886891 0.9213663 0.002800047 0.3860611 0.922469 0.002929151 0.3855037 0.9227016 0.003470182 0.3832249 0.9236485 0.003918528 0.3813856 0.9244077 0.004352927 0.379654 0.9251183 0.004366993 0.3795996 0.9251405 0.005016326 0.3771697 0.9261307 0.005269527 0.3762534 0.9265019 0.007117867 0.3700364 0.92899 0.008365035 0.3662797 0.9304672 0.009977042 0.3617835 0.9322087 0.01165932 0.3574396 0.9338634 0.01355648 0.3529003 0.9355627 2.11019e-5 0.3827003 0.9238726 0 0.3424039 0.9395529 0 0.3392097 0.9407108 -6.29171e-5 0.2632744 0.964721 -3.09275e-4 0.2680051 0.9634175 -7.48943e-4 0.2729555 0.9620264 -0.001151621 0.2760658 0.9611381 -0.001565456 0.2788043 0.9603467 -0.001912832 0.2808039 0.9597632 -0.002618134 0.2843838 0.958707 -0.00306195 0.286393 0.9581073 -0.003729879 0.2891148 0.9572871 -0.00455451 0.2921651 0.9563571 -0.005348563 0.2948507 0.9555283 -0.006401062 0.2981266 0.9545049 -0.007479608 0.3012351 0.9535205 -0.008469164 0.3038899 0.9526695 -0.007191181 0.3006786 0.9536984 -0.005041539 0.3077027 0.9514692 -0.00445348 0.3097872 0.9507955 -0.003350198 0.3140697 0.9493939 -0.00275588 0.3166213 0.948548 -0.002202093 0.3192824 0.9476571 -0.00159502 0.3225952 0.9465357 -0.001236021 0.3248587 0.9457618 -8.79259e-4 0.3275188 0.9448443 -5.4752e-4 0.3305328 0.9437944 -3.20997e-4 0.3331491 0.9428741 -1.20223e-4 0.3363041 0.9417534 4.38319e-5 0.2632912 0.9647164 9.85692e-6 0.2607858 0.9653967 1.87081e-5 0.2164486 0.976294 0.01138681 0.2443767 0.9696136 0.01068907 0.2426323 0.9700594 0.009112834 0.2384196 0.9711195 0.008081555 0.2354804 0.9718455 0.007610917 0.234097 0.9721835 0.006907224 0.2319663 0.9726994 0.006339192 0.2301965 0.9731235 0.005868434 0.2286894 0.9734817 0.005209028 0.2265236 0.9739918 0.004749417 0.224977 0.9743525 0.00425744 0.2232839 0.9747442 0.003648459 0.2211444 0.9752342 0.002490043 0.2169955 0.9761695 0.001648604 0.2139294 0.9768477 -6.60386e-4 0.2096557 0.977775 -0.001714229 0.2125697 0.9771444 -0.003259181 0.2167592 0.9762197 -0.003498375 0.2173943 0.9760776 -0.004712998 0.2205459 0.9753652 -0.005481958 0.2224915 0.9749193 -0.006121754 0.2240675 0.9745544 -0.00676316 0.2256031 0.9741958 -0.007616579 0.2275856 0.9737283 -0.008128941 0.2287387 0.9734539 -0.009349703 0.2313966 0.9728146 -0.009653508 0.2320356 0.9726594 -0.01121705 0.2352103 0.9718797 -0.0133593 0.2392514 0.9708658 -3.63461e-4 0.2164486 0.976294 -1.51866e-5 0.2571413 0.9663738 -1.41374e-5 0.2607814 0.9653978 4.38315e-5 -0.2632912 0.9647164 2.14988e-4 -0.2680748 0.963398 5.1895e-4 -0.2730964 0.9619866 7.66552e-4 -0.2759236 0.9611793 0.001117765 -0.2793687 0.9601832 0.00138396 -0.2816494 0.9595164 0.00170803 -0.2841048 0.9587917 0.002062439 -0.2865062 0.9580762 0.002574801 -0.2896398 0.9571323 0.00307548 -0.2924246 0.9562836 0.00363332 -0.2952671 0.9554079 0.004309773 -0.2984439 0.9544175 0.003372192 -0.3074924 0.9515445 0.004750788 -0.300683 0.9537122 0.005702912 -0.3043041 0.9525579 0.005011677 -0.3014999 0.9534531 0.002927422 -0.3098768 0.9507722 0.002243578 -0.313892 0.949456 0.001820266 -0.316639 0.9485443 0.001485466 -0.3190699 0.9477301 0.001080274 -0.3224058 0.946601 8.22229e-4 -0.3248572 0.9457626 6.12466e-4 -0.3272086 0.9449519 3.56447e-4 -0.3306949 0.9437376 2.09148e-4 -0.3332411 0.9428416 -0.01121705 -0.2352103 0.9718797 -0.009969294 -0.2326771 0.972503 -0.009034276 -0.23071 0.9729806 -0.008370697 -0.2292652 0.973328 -0.007375597 -0.2270259 0.9738608 -0.006679236 -0.2254081 0.9742415 -0.006207168 -0.2242779 0.9745054 -0.005394399 -0.2222758 0.9749689 -0.004802942 -0.2207791 0.9753121 -0.003471195 -0.2173238 0.9760934 -0.00328803 -0.2168375 0.9762021 -0.00175786 -0.2126879 0.9771186 -6.17461e-4 -0.209535 0.977801 6.9883e-4 -0.2058327 0.978587 0.00303632 -0.2189856 0.9757234 0.001670777 -0.2140103 0.97683 0.003152728 -0.2194018 0.9756295 0.004268109 -0.2233215 0.9747355 0.004739224 -0.2249426 0.9743605 0.005383074 -0.2271091 0.9738544 0.005699098 -0.2281473 0.97361 0.006225168 -0.2298315 0.9732105 0.00702095 -0.2323107 0.9726163 0.007481276 -0.2337046 0.9722789 0.008211731 -0.2358516 0.9717544 0.009112834 -0.2384196 0.9711195 0.01068907 -0.2426323 0.9700594 2.54152e-4 -0.2164486 0.9762941 1.05883e-5 -0.2571465 0.9663724 9.85692e-6 -0.2607858 0.9653967 -3.09275e-4 -0.2680051 0.9634175 -7.4894e-4 -0.2729555 0.9620264 -1.18561e-4 -0.3363443 0.941739 -3.25112e-4 -0.3331016 0.9428909 -5.45138e-4 -0.3305603 0.9437847 -8.83949e-4 -0.3274838 0.9448564 -0.00123769 -0.3248463 0.945766 -0.001591682 -0.3226135 0.9465294 -0.002140641 -0.3196177 0.9475442 -0.002831101 -0.3162984 0.9486556 -0.007582068 -0.30151 0.9534328 -0.003523528 -0.3133251 0.9496394 -0.004243552 -0.3105308 0.9505538 -0.007019579 -0.300679 0.9536995 -0.009960293 -0.3076296 0.9514541 -0.008450865 -0.3038407 0.9526853 -0.00631684 -0.2978646 0.9545872 -0.005323112 -0.2947714 0.955553 -0.004578113 -0.2922522 0.9563303 -0.003761351 -0.2892313 0.9572519 -0.003033995 -0.2862665 0.9581452 -0.002477288 -0.2837461 0.9588963 -0.002025127 -0.2814505 0.9595736 -0.001610577 -0.2790641 0.9602711 -0.001118421 -0.2758097 0.9612116 -6.29178e-5 -0.2632744 0.964721 -1.41374e-5 -0.2607814 0.9653978 -2.68299e-5 -0.2164486 0.9762941 -0.01436895 -0.2410163 0.9704146 -0.0133593 -0.2392514 0.9708658 0.007117867 -0.3700364 0.92899 0.01165932 -0.3574396 0.9338634 0.009977042 -0.3617835 0.9322087 0.008365035 -0.3662797 0.9304672 8.47508e-5 -0.3361614 0.9418044 0 -0.3392097 0.9407108 0 -0.3827003 0.9238727 0.01471787 -0.3503217 0.9365139 0.01355648 -0.3529003 0.9355627 0.00612837 -0.3732516 0.9277099 0.005423784 -0.3757144 0.9267196 0.004860639 -0.3777526 0.9258938 0.004504203 -0.3790863 0.9253504 0.004212915 -0.3802122 0.9248897 0.003710925 -0.3822128 0.9240669 0.003687918 -0.382307 0.924028 0.002916932 -0.3855551 0.9226802 0.00281322 -0.3860028 0.9224933 -8.79691e-5 -0.3985548 0.9171445 0.002274751 -0.3883798 0.9214965 0.001878142 -0.3901652 0.9207429 0.001485466 -0.3919633 0.9199797 -0.001612365 -0.3932702 0.9194214 -0.002180874 -0.3913339 0.9202462 -0.002454459 -0.3904216 0.9206329 -0.003316104 -0.3876166 0.9218147 -0.003312945 -0.3876266 0.9218105 -0.004225492 -0.3848159 0.9229837 -0.00456053 -0.3838152 0.9233986 -0.004938602 -0.3827232 0.9238499 -0.005641043 -0.3807638 0.9246551 -0.006310939 -0.3789623 0.9253906 -0.006399273 -0.3787338 0.9254836 -0.007691442 -0.3755191 0.9267827 -0.009061396 -0.3723793 0.9280364 -0.0107932 -0.3687324 0.9294729 -0.01304209 -0.3643856 0.9311569 -0.01544117 -0.3601279 0.9327751 -0.01819378 -0.355636 0.9344475 -3.11953e-5 -0.3827003 0.9238725 0 -0.3424038 0.9395529 0 -0.3392097 0.9407108 -2.6343e-6 -0.7645522 0.6445617 3.16342e-6 -0.7672464 0.6413524 3.66157e-6 -0.7673453 0.641234 -9.16568e-6 -0.7658861 0.6429762 2.30779e-5 -0.7682818 0.6401117 2.09079e-5 -0.7681682 0.6402481 4.23948e-5 -0.769005 0.6392428 5.54794e-5 -0.7693982 0.6387695 9.95706e-5 -0.7704522 0.6374978 1.30913e-4 -0.7710613 0.636761 2.33038e-4 -0.7727045 0.634766 4.2829e-4 -0.7749563 0.6320147 6.91858e-4 -0.7772356 0.6292095 0.001040101 -0.7795745 0.6263086 8.96179e-4 -0.808176 0.5889403 0.001595318 -0.7825524 0.6225827 0.002264499 -0.7854841 0.6188777 0.002858459 -0.7876545 0.6161106 0.003383159 -0.7894144 0.6138513 0.003985345 -0.791277 0.6114448 0.004492878 -0.7927305 0.6095558 0.005138814 -0.7944498 0.6073081 0.005855143 -0.7962276 0.6049689 0.006651759 -0.7980764 0.6025195 0.007595479 -0.8001306 0.5997778 0.00843954 -0.801859 0.5974537 0.00408709 -0.793343 0.6087612 0.001581132 -0.8045323 0.5939068 0.001246988 -0.806189 0.5916568 6.3539e-4 -0.8099036 0.5865627 4.17956e-4 -0.8116438 0.5841525 2.36957e-4 -0.8134741 0.581601 -0.00319904 -0.7851137 0.6193435 -0.002238392 -0.7822445 0.6229676 -0.001450181 -0.7793389 0.626601 0 -0.8176209 0.575757 -1.81177e-4 -0.8150318 0.5794162 -3.34623e-4 -0.8136316 0.5813806 -6.16993e-4 -0.8117433 0.5840141 -9.83517e-4 -0.809806 0.5866969 -0.01416331 -0.8036264 0.5949656 -0.005751788 -0.7933365 0.6087562 -0.001890957 -0.8061695 0.5916817 -0.001358032 -0.8081656 0.5889537 -0.01246702 -0.8014653 0.5979114 -0.01096165 -0.7994272 0.600663 -0.009878277 -0.7978653 0.6027548 -0.008454799 -0.795672 0.6056687 -0.007467925 -0.7940412 0.6078181 -0.006591975 -0.7924849 0.6098558 -0.005593478 -0.7905697 0.6123465 -0.004788458 -0.7888962 0.6145079 -0.00409317 -0.787324 0.6165259 -9.59059e-4 -0.7770521 0.6294355 -5.9049e-4 -0.7748228 0.6321781 -3.19664e-4 -0.7726183 0.6348708 -1.7239e-4 -0.7709301 0.6369197 -1.40681e-4 -0.7704892 0.637453 -7.19443e-5 -0.7693081 0.638878 -6.00172e-5 -0.7690493 0.6391896 -3.10696e-5 -0.7682316 0.640172 -2.95213e-5 -0.7681726 0.6402429 1.33529e-5 -0.765841 0.64303 -5.38893e-6 -0.767408 0.6411591 -3.67506e-6 -0.767157 0.6414595 3.51581e-6 -0.7646801 0.6444101 0 -0.7829106 0.6221343 0 -0.7372819 0.6755852 -0.001498997 -0.7395309 0.6731209 0.001816213 -0.7343789 0.6787373 0.009050071 -0.8335587 0.5523567 0.007400512 -0.8365142 0.5478953 0.006174623 -0.8389109 0.5442337 1.13478e-4 -0.8151748 0.5792151 0 -0.8176209 0.575757 0 -0.8433984 0.5372888 0.01677238 -0.8221197 0.5690676 0.01609843 -0.8230105 0.5677979 0.01481008 -0.824773 0.5652701 0.01362878 -0.8264459 0.5628511 0.01239174 -0.828262 0.560204 0.01128882 -0.8299419 0.5577356 0.01020991 -0.8316496 0.5552069 0.005096912 -0.8412168 0.540674 0.004206657 -0.843304 0.5374205 0.003477811 -0.8451756 0.5344774 0.002945482 -0.8466699 0.5321103 0.002809643 -0.8470679 0.5314773 0.002379655 -0.8483803 0.5293819 0.002283394 -0.848686 0.528892 0.002176702 -0.8490383 0.5283269 0.001764416 -0.8504471 0.5260576 0.001644194 -0.8508715 0.5253713 0.001674056 -0.8507626 0.5255476 0.001142323 -0.8527481 0.5223212 0.001172125 -0.8526343 0.5225069 8.04484e-4 -0.8540645 0.5201665 8.15097e-5 -0.8569064 0.5154718 -9.1083e-4 -0.8545557 0.519359 -0.001183748 -0.8537675 0.5206531 -0.001450359 -0.853015 0.5218845 -0.00185281 -0.8519082 0.5236879 -0.00209093 -0.8512727 0.5247195 -0.002204477 -0.8509798 0.5251938 -0.002617597 -0.8499529 0.5268521 -0.002676546 -0.8498122 0.5270788 -0.003138601 -0.8487547 0.5287775 -0.003558516 -0.8478344 0.5302492 -0.003736019 -0.847463 0.5308413 -0.004468441 -0.846001 0.5331625 -0.005472958 -0.8441834 0.5360265 -0.006709933 -0.8421581 0.5391889 -0.008222281 -0.8399173 0.5426521 -0.009968459 -0.8375722 0.5462357 -0.01233291 -0.8346829 0.5505928 -0.01406478 -0.8327508 0.5534693 -0.01559692 -0.8311112 0.5558875 -0.01735216 -0.8293076 0.5585228 -0.01902377 -0.8276558 0.5609135 -0.02094411 -0.8258275 0.5635337 -0.001122117 -0.8433978 0.5372884 -6.66497e-6 -0.8204808 0.5716742 0 -0.8197224 0.5727611 0 -0.7829106 0.6221343 0 -0.7372819 0.6755852 0 -0.7372819 0.6755853 0 -0.6755866 0.7372807 0 -0.6755866 0.7372807 0 -0.6087529 0.7933599 0 -0.6087529 0.7933599 0 -0.5372974 0.8433927 0 -0.5372974 0.8433927 0 -0.4617463 0.8870121 0 -0.4617463 0.8870121 0 -0.3988572 0.917013 1.45329e-4 -0.3993759 0.9167873 0 -0.9969078 0.07858091 0 -0.991445 0.1305257 0 -0.991445 0.1305257 0 -0.9762961 0.2164391 0 -0.9762961 0.2164391 0 -0.9537161 0.3007085 0 -0.9537161 0.3007085 0 -0.9238803 0.3826816 0 -0.9238803 0.3826816 0 -0.8870071 0.4617558 0 -0.8870071 0.4617558 0 -0.8572297 0.5149344 -4.35313e-5 -0.8571003 0.5151497 0 -0.8572297 -0.5149344 0 -0.8870136 -0.4617433 0 -0.8870136 -0.4617433 0 -0.9238759 -0.3826923 0 -0.9238759 -0.3826923 0 -0.9537189 -0.3006998 0 -0.9537189 -0.3006998 0 -0.9762961 -0.2164391 0 -0.9762961 -0.2164391 0 -0.9914444 -0.1305296 0 -0.9914444 -0.1305296 0 -0.9969087 -0.07856887 -1.52375e-4 -0.9970463 -0.07680362 0 -0.7829106 -0.6221343 0 -0.737268 -0.6756004 0 -0.737268 -0.6756004 0 -0.6755866 -0.7372807 0 -0.6755866 -0.7372807 0 -0.608772 -0.7933452 0 -0.608772 -0.7933452 0 -0.5372974 -0.8433927 0 -0.5372974 -0.8433927 0 -0.4617463 -0.8870121 0 -0.4617463 -0.8870121 0 -0.3988123 -0.9170327 8.52583e-4 -0.3948584 -0.9187416 0 0.2078269 -0.9781656 0 0.1305134 -0.9914466 0 0.1305134 -0.9914466 0 0.0436359 -0.9990475 0 0.0436359 -0.9990475 0 -0.0436359 -0.9990475 0 -0.0436359 -0.9990475 0 -0.1305134 -0.9914466 0 -0.1305134 -0.9914466 0 -0.2078279 -0.9781655 7.24585e-4 -0.2057602 -0.9786021 0 0.7829106 -0.6221343 0 0.737268 -0.6756004 0 0.737268 -0.6756004 0 0.6755866 -0.7372807 0 0.6755866 -0.7372807 0 0.608772 -0.7933452 0 0.608772 -0.7933452 0 0.5372974 -0.8433927 0 0.5372974 -0.8433927 0 0.4617463 -0.8870121 0 0.4617463 -0.8870121 0 0.3988146 -0.9170316 0.001012861 0.402426 -0.915452 0 0.9969087 -0.07856887 0 0.9914444 -0.1305296 0 0.9914444 -0.1305296 0 0.9762961 -0.2164391 0 0.9762961 -0.2164391 0 0.9537189 -0.3006998 0 0.9537189 -0.3006998 0 0.9238759 -0.3826923 0 0.9238759 -0.3826923 0 0.8870136 -0.4617433 0 0.8870136 -0.4617433 0 0.8572297 -0.5149344 -4.41783e-4 0.8559141 -0.5171179 0 0.8572297 0.5149344 0 0.8870071 0.4617558 0 0.8870071 0.4617558 0 0.9238803 0.3826816 0 0.9238803 0.3826816 0 0.9537161 0.3007085 0 0.9537161 0.3007085 0 0.9762961 0.2164391 0 0.9762961 0.2164391 0 0.991445 0.1305257 0 0.991445 0.1305257 0 0.9969078 0.07858091 -1.5258e-4 0.9970455 0.07681298 0 0.7829106 0.6221343 0 0.7372819 0.6755852 0 0.7372819 0.6755853 0 0.6755866 0.7372807 0 0.6755866 0.7372807 0 0.6087529 0.7933599 0 0.6087529 0.7933599 0 0.5372974 0.8433927 0 0.5372974 0.8433927 0 0.4617463 0.8870121 0 0.4617463 0.8870121 0 0.398855 0.9170141 0.001456201 0.3920972 0.9199227 0 -0.2078269 0.9781656 0 -0.1305432 0.9914426 0 -0.1305432 0.9914426 0 -0.04360562 0.9990488 0 -0.04360562 0.9990488 0 0.04360562 0.9990488 0 0.04360562 0.9990488 0 0.1305432 0.9914426 0 0.1305432 0.9914426 0 0.2078279 0.9781655 7.24585e-4 0.2057602 0.9786021 0 0.04376947 -0.9990417 0 0.1304564 -0.9914541 0 0.1304564 -0.9914541 0 0.2164974 -0.9762832 0 0.2164974 -0.9762832 0 0.3006309 -0.9537406 0 0.3006309 -0.9537406 0 0.3826224 -0.9239048 0 0.3826224 -0.9239048 0 0.4618092 -0.8869792 0 0.4618092 -0.8869792 0 0.5373759 -0.8433428 0 0.5373759 -0.8433428 0 0.6087352 -0.7933735 0 0.6087352 -0.7933735 0 0.675568 -0.7372978 0 0.675568 -0.7372978 0 0.7372672 -0.6756014 0 0.7372672 -0.6756014 0 0.7933739 -0.6087346 0 0.7933739 -0.6087346 0 0.8433845 -0.5373106 0 0.8433845 -0.5373106 0 0.8869929 -0.4617831 0 0.8869929 -0.4617831 0 0.9238776 -0.3826882 0 0.9238776 -0.3826882 0 0.9537199 -0.3006963 0 0.9537199 -0.3006963 0 0.9763001 -0.2164211 0 0.9763001 -0.2164211 0 0.991443 -0.1305399 0 0.991443 -0.1305399 0 0.9990486 -0.04361164 0 0.9990486 -0.04361164 0 0.9990481 0.04362094 0 0.9990481 0.04362094 0 0.991443 0.1305399 0 0.991443 0.1305399 0 0.9763001 0.2164211 0 0.9763001 0.2164211 0 0.9537199 0.3006963 0 0.9537199 0.3006963 0 0.9238776 0.3826882 0 0.9238776 0.3826882 0 0.8869929 0.4617831 0 0.8869929 0.4617831 0 0.8433845 0.5373106 0 0.8433845 0.5373106 0 0.7933739 0.6087346 0 0.7933739 0.6087346 0 0.7372672 0.6756014 0 0.7372672 0.6756014 0 0.675568 0.7372978 0 0.675568 0.7372978 0 0.6087352 0.7933735 0 0.6087352 0.7933735 0 0.5373759 0.8433428 0 0.5373759 0.8433428 0 0.4618092 0.8869792 0 0.4618092 0.8869792 0 0.3826224 0.9239048 0 0.3826224 0.9239048 0 0.3006309 0.9537406 0 0.3006309 0.9537406 0 0.2164974 0.9762832 0 0.2164974 0.9762832 0 0.1304564 0.9914541 0 0.1304564 0.9914541 0 0.04376947 0.9990417 0 0.04376947 0.9990417 0 -0.04376947 0.9990417 0 -0.04376947 0.9990417 0 -0.1304568 0.991454 0 -0.1304568 0.991454 0 -0.2164974 0.9762832 0 -0.2164974 0.9762832 0 -0.3006309 0.9537406 0 -0.3006309 0.9537406 0 -0.3826224 0.9239048 0 -0.3826224 0.9239048 0 -0.4618079 0.8869799 0 -0.4618079 0.8869799 0 -0.5373775 0.8433418 0 -0.5373775 0.8433418 0 -0.6087352 0.7933735 0 -0.6087352 0.7933735 0 -0.675568 0.7372978 0 -0.675568 0.7372978 0 -0.7372663 0.6756023 0 -0.7372663 0.6756023 0 -0.7933731 0.6087357 0 -0.7933731 0.6087357 0 -0.8433852 0.5373095 0 -0.8433852 0.5373095 0 -0.8869929 0.4617831 0 -0.8869929 0.4617831 0 -0.923877 0.3826896 0 -0.923877 0.3826896 0 -0.9537205 0.3006948 0 -0.9537205 0.3006948 0 -0.9763001 0.2164211 0 -0.9763001 0.2164211 0 -0.991443 0.1305399 0 -0.991443 0.1305399 0 -0.9990481 0.04362094 0 -0.9990481 0.04362094 0 -0.9990486 -0.04361164 0 -0.9990486 -0.04361164 0 -0.991443 -0.1305399 0 -0.991443 -0.1305399 0 -0.9763001 -0.2164211 0 -0.9763001 -0.2164211 0 -0.9537205 -0.3006948 0 -0.9537205 -0.3006948 0 -0.923877 -0.3826896 0 -0.923877 -0.3826896 0 -0.8869929 -0.4617831 0 -0.8869929 -0.4617831 0 -0.8433852 -0.5373095 0 -0.8433852 -0.5373095 0 -0.7933731 -0.6087357 0 -0.7933731 -0.6087357 0 -0.7372663 -0.6756023 0 -0.7372663 -0.6756023 0 -0.675568 -0.7372978 0 -0.675568 -0.7372978 0 -0.6087352 -0.7933735 0 -0.6087352 -0.7933735 0 -0.5373775 -0.8433418 0 -0.5373775 -0.8433418 0 -0.4618079 -0.8869799 0 -0.4618079 -0.8869799 0 -0.3826224 -0.9239048 0 -0.3826224 -0.9239048 0 -0.3006309 -0.9537406 0 -0.3006309 -0.9537406 0 -0.2164974 -0.9762832 0 -0.2164974 -0.9762832 0 -0.1304568 -0.991454 0 -0.1304568 -0.991454 0 -0.04376947 -0.9990417 0 -0.04376947 -0.9990417 0 0.04376947 -0.9990417 -0.9940593 0.06397479 -0.08805274 -0.9883664 0.0893976 -0.1230438 -0.9883611 0.08941739 -0.1230722 -0.9813519 0.112984 -0.1555088 -0.9773445 0.1246788 -0.1710348 -0.9720619 0.1378956 -0.1899486 -0.9672487 0.1491962 -0.2053545 -0.9600037 0.1645705 -0.2265158 -0.9600406 0.1644982 -0.2264119 -0.9469071 0.1889774 -0.2601047 -0.9469304 0.1889382 -0.2600482 -0.9320929 0.2129087 -0.2930405 -0.9320074 0.2130343 -0.2932213 -0.9152787 0.2367699 -0.325891 -0.9153645 0.2366588 -0.3257309 -0.8968117 0.2600445 -0.3579184 -0.8968658 0.2599821 -0.3578283 -0.8768305 0.2826102 -0.3889726 -0.8767361 0.2827084 -0.3891144 -0.843411 0.3157989 -0.4346595 -0.8434187 0.3157922 -0.4346494 -0.7932924 0.3578685 -0.4925622 -0.7932342 0.35791 -0.4926257 -0.7372415 0.3971224 -0.5465975 -0.7372829 0.3970978 -0.5465595 -0.6757439 0.4332774 -0.5963565 -0.6756027 0.4333473 -0.5964656 -0.6087336 0.4663267 -0.6418589 -0.6088508 0.4662785 -0.6417827 -0.5372921 0.4957332 -0.6823239 -0.5373003 0.4957304 -0.6823195 -0.4808104 0.515382 -0.7093678 -0.4809715 0.5153331 -0.7092942 -0.442483 0.5271127 -0.7255074 -0.4422028 0.527189 -0.7256229 -0.4026973 0.5380147 -0.7405235 -0.4031351 0.537909 -0.7403622 -0.3624338 0.5478245 -0.7540093 -0.3624541 0.5478202 -0.7540027 -0.3213319 0.5566164 -0.7661096 -0.3208922 0.5566967 -0.7662357 -0.2798062 0.5643031 -0.776705 -0.2802343 0.5642367 -0.7765988 -0.2377495 0.5709344 -0.7858174 -0.237724 0.5709376 -0.7858228 -0.1951658 0.576485 -0.7934578 -0.1947168 0.5765302 -0.7935353 -0.1519797 0.5809527 -0.7996225 -0.1522126 0.580928 -0.7995963 -0.1090438 0.5842719 -0.8041989 -0.1090115 0.5842745 -0.8042014 -0.06577515 0.5865045 -0.8072708 -0.06548786 0.5865201 -0.8072827 -0.02138584 0.5876474 -0.8088344 -0.02151179 0.5876439 -0.8088337 0.02138805 0.5876455 -0.8088359 0.02151525 0.5876458 -0.8088321 0.06576496 0.5865095 -0.807268 0.06547367 0.5865162 -0.8072868 0.1083794 0.5843151 -0.8042573 0.1090407 0.5842831 -0.8041911 0.1526333 0.5809007 -0.7995358 0.1521799 0.5809346 -0.7995976 0.1947315 0.5765285 -0.793533 0.195187 0.5764826 -0.7934544 0.2377005 0.5709412 -0.7858273 0.237717 0.5709391 -0.7858238 0.2801768 0.5642465 -0.7766124 0.279748 0.5643129 -0.7767187 0.3209428 0.5566865 -0.7662217 0.3213857 0.5566057 -0.7660949 0.3624958 0.5478106 -0.7539896 0.3624975 0.5478103 -0.753989 0.4031074 0.5379166 -0.7403716 0.4026439 0.5380285 -0.7405425 0.4422414 0.5271777 -0.7256075 0.4425433 0.5270956 -0.7254831 0.4809275 0.5153476 -0.7093133 0.4807434 0.5154036 -0.7093976 0.537292 0.4957334 -0.6823237 0.5372998 0.4957302 -0.6823198 0.6087204 0.4663373 -0.6418637 0.608838 0.4662796 -0.641794 0.6757441 0.4332711 -0.5963607 0.6756025 0.4333535 -0.5964613 0.7372415 0.3971244 -0.5465961 0.7372831 0.3970957 -0.5465607 0.7933055 0.3578554 -0.4925504 0.7932475 0.3579028 -0.4926095 0.8433987 0.3158106 -0.4346747 0.8434066 0.315803 -0.4346652 0.8767672 0.2826749 -0.3890683 0.8767187 0.2827253 -0.389141 0.8968567 0.2599887 -0.3578465 0.8969219 0.2599133 -0.3577378 0.9153741 0.236646 -0.3257133 0.9152832 0.2367637 -0.3258829 0.931979 0.2130769 -0.2932803 0.9320689 0.2129451 -0.2930906 0.9469553 0.1888952 -0.259989 0.9468576 0.1890594 -0.2602253 0.9600177 0.1645411 -0.2264778 0.9600369 0.1645033 -0.2264235 0.9720615 0.137967 -0.1898987 0.9672506 0.1488354 -0.2056072 0.9813497 0.1135494 -0.1551113 0.9773457 0.1244048 -0.1712281 0.9883695 0.08938533 -0.123028 0.9883745 0.08936691 -0.1230016 0.9940643 0.06394809 -0.08801603 0.9940639 0.06395012 -0.08801895 0.9978589 0.03844416 -0.05291336 0.9978575 0.03845554 -0.05292963 0.9997615 0.01283723 -0.01766902 0.9997615 0.01283556 -0.01766657 0.9997638 -0.01277631 0.01758503 0.9997637 -0.0127781 0.0175876 0.9978591 -0.03844141 0.05291026 0.9978604 -0.03843009 0.05289405 0.9940487 -0.06403219 0.0881319 0.9940479 -0.06403636 0.08813744 0.988364 -0.08940726 0.1230571 0.9883693 -0.08938634 0.1230295 0.9807542 -0.1147629 0.1579571 0.9807732 -0.1147058 0.1578818 0.9713441 -0.1397017 0.1922864 0.9713435 -0.1397031 0.1922882 0.9600493 -0.1644787 0.2263894 0.9600703 -0.164435 0.2263318 0.9469805 -0.1888468 0.2599328 0.9468813 -0.1890231 0.2601652 0.9320123 -0.2130306 0.2932082 0.9320079 -0.2130376 0.2932174 0.9152918 -0.2367567 0.3258635 0.9153171 -0.2367219 0.3258179 0.8968576 -0.2599898 0.3578431 0.8969256 -0.2599064 0.3577334 0.8767998 -0.2826382 0.3890214 0.8767454 -0.2826983 0.3891004 0.8433923 -0.3158162 0.4346832 0.8433858 -0.3158227 0.4346913 0.7932551 -0.3578971 0.4926015 0.7933157 -0.3578473 0.4925397 0.7373208 -0.3970713 0.5465276 0.737276 -0.3971022 0.5465655 0.6756563 -0.4333245 0.5964213 0.6756053 -0.4333542 0.5964577 0.6086498 -0.4663735 0.6419045 0.6087558 -0.4663214 0.6418417 0.556339 -0.4884207 0.672259 0.5372816 -0.4953932 0.6825791 0.5196704 -0.5021818 0.691199 0.4813358 -0.5152127 0.7091345 0.4811683 -0.5152698 0.7092067 0.4424442 -0.5271241 0.7255228 0.44218 -0.5272054 0.7256248 0.4021678 -0.5381616 0.7407045 0.4028914 -0.537962 0.7404562 0.362896 -0.5477085 0.7538713 0.3622641 -0.5478637 0.7540624 0.32113 -0.5566568 0.7661648 0.3215577 -0.5565643 0.7660527 0.2797507 -0.5643129 0.7767178 0.2793369 -0.5643905 0.7768103 0.2380934 -0.5708851 0.7857492 0.2381151 -0.5708816 0.7857451 0.1950142 -0.5765029 0.7934821 0.1948142 -0.5765295 0.793512 0.1527228 -0.5808961 0.799522 0.1518108 -0.5809641 0.7996463 0.108455 -0.5843096 0.804251 0.1091778 -0.5842747 0.8041787 0.06576818 -0.5865157 0.8072631 0.08826267 -0.5858523 0.8055971 0.0217359 -0.5870425 0.8092643 0.04149329 -0.5872738 0.808324 -0.02242553 -0.5876322 0.8088173 -0.04149329 -0.5869715 0.8085436 -0.06519019 -0.5865702 0.8072705 -0.088261 -0.5854945 0.8058575 -0.1086634 -0.5843078 0.8042243 -0.108687 -0.5843059 0.8042224 -0.152355 -0.580926 0.7995705 -0.1521384 -0.5809491 0.7995949 -0.1950393 -0.5765032 0.7934758 -0.1952447 -0.5764759 0.7934451 -0.2378042 -0.5709263 0.7858068 -0.2377801 -0.5709302 0.7858113 -0.2796297 -0.5643404 0.7767414 -0.2800496 -0.5642616 0.7766474 -0.3213862 -0.5565984 0.7660999 -0.3209499 -0.5566927 0.7662144 -0.3624262 -0.5478267 0.7540114 -0.3624351 -0.5478245 0.7540087 -0.4028094 -0.5379936 0.7404779 -0.4026857 -0.5380278 0.7405203 -0.4420384 -0.5272464 0.7256813 -0.4423221 -0.5271592 0.7255718 -0.4811278 -0.5152825 0.7092249 -0.4812757 -0.5152321 0.7091612 -0.5196934 -0.5021737 0.6911876 -0.5372816 -0.4953936 0.6825787 -0.5563127 -0.488431 0.6722733 -0.6086627 -0.4663633 0.6418994 -0.6087689 -0.4663197 0.6418305 -0.6756564 -0.4333266 0.5964196 -0.6756045 -0.4333524 0.5964598 -0.7373208 -0.3970735 0.546526 -0.7372757 -0.3971003 0.5465674 -0.7932419 -0.357904 0.4926177 -0.793303 -0.3578603 0.4925509 -0.8434047 -0.3158053 0.4346674 -0.8433979 -0.315811 0.4346761 -0.8768019 -0.2826378 0.3890171 -0.8768522 -0.2825823 0.3889441 -0.8968977 -0.2599396 0.3577789 -0.896833 -0.2600192 0.3578835 -0.9151973 -0.236882 0.3260383 -0.915287 -0.2367585 0.3258757 -0.9320464 -0.212975 0.2931399 -0.9319579 -0.2131129 0.2933215 -0.9469035 -0.1889848 0.2601125 -0.9469274 -0.1889422 0.2600563 -0.9600785 -0.1644217 0.2263067 -0.9601144 -0.1643475 0.2262088 -0.9713444 -0.139701 0.1922854 -0.9713442 -0.1397017 0.1922863 -0.9807919 -0.1146504 0.1578055 -0.9807736 -0.1147058 0.1578785 -0.9883572 -0.08943277 0.1230934 -0.9883524 -0.08945161 0.1231182 -0.9940566 -0.06398916 0.08807253 -0.9940572 -0.06398642 0.08806896 -0.9978542 -0.03848481 0.05296927 -0.9978556 -0.03847306 0.05295377 -0.9997603 -0.01286816 0.01771157 -0.9997603 -0.01286995 0.0177139 -0.9997608 0.01285529 -0.01769375 -0.9997608 0.01285362 -0.01769155 -0.9978577 0.0384534 -0.05292671 -0.9978564 0.03846514 -0.05294221 -0.9940588 0.06397771 -0.08805692 -0.9940606 0.06396692 0.08804446 -0.9883706 0.0893799 0.123023 -0.9883594 0.08942407 0.1230814 -0.9807708 0.1147142 0.1578901 -0.9807696 0.1147177 0.1578948 -0.9713253 0.1397489 0.1923468 -0.9713574 0.1396699 0.1922425 -0.9600883 0.1643999 0.226281 -0.9600546 0.1644698 0.2263732 -0.9468934 0.1890009 0.2601373 -0.9468668 0.1890483 0.2601998 -0.9320062 0.2130398 0.2932209 -0.932005 0.2130417 0.2932234 -0.9152773 0.2367761 0.3258906 -0.9152989 0.2367463 0.3258515 -0.8968848 0.2599575 0.3577986 -0.8969332 0.2598979 0.3577203 -0.8768498 0.2825854 0.3889473 -0.8768172 0.2826215 0.3889946 -0.8434047 0.3158049 0.4346677 -0.843398 0.3158113 0.4346756 -0.7932419 0.3579071 0.4926153 -0.7933027 0.3578574 0.4925535 -0.7373208 0.3970713 0.5465276 -0.737276 0.3971022 0.5465655 -0.6756563 0.4333245 0.5964213 -0.6756053 0.4333542 0.5964577 -0.6086629 0.4663676 0.6418963 -0.6087689 0.4663155 0.6418336 -0.5563127 0.488431 0.6722733 -0.5372816 0.4953936 0.6825788 -0.5196934 0.5021737 0.6911876 -0.4813771 0.5151993 0.7091161 -0.4812225 0.5152521 0.7091827 -0.4423206 0.5271597 0.7255722 -0.442043 0.5272452 0.7256795 -0.4026766 0.5380302 0.7405236 -0.4027819 0.5380011 0.7404874 -0.3625524 0.5477979 0.7539716 -0.362562 0.5477956 0.7539686 -0.3213281 0.5566173 0.7661106 -0.321134 0.5566593 0.7661615 -0.2794653 0.5643723 0.7767774 -0.2796924 0.5643297 0.7767266 -0.237735 0.5709367 0.7858202 -0.2377505 0.5709342 0.7858173 -0.1952764 0.5764723 0.7934399 -0.195078 0.5764987 0.7934695 -0.1526233 0.5809051 0.7995344 -0.151719 0.5809725 0.7996575 -0.1085078 0.5843064 0.8042464 -0.1092247 0.5842717 0.8041744 -0.06530761 0.5865336 0.8072876 -0.08826273 0.5858578 0.8055931 -0.02241414 0.5870543 0.8092372 -0.04149448 0.5872738 0.808324 0.02241796 0.5876324 0.8088175 0.04149216 0.5869707 0.8085442 0.06529682 0.586566 0.8072649 0.088261 0.5854945 0.8058575 0.1085291 0.5843164 0.8042361 0.1092383 0.5842595 0.8041815 0.152598 0.5808931 0.799548 0.1517023 0.5809885 0.7996492 0.1950873 0.5764976 0.7934679 0.195313 0.5764675 0.7934343 0.2377361 0.5709357 0.7858206 0.2376876 0.5709435 0.7858296 0.2796403 0.5643386 0.7767388 0.2794072 0.5643823 0.776791 0.3211778 0.5566507 0.7661493 0.3213818 0.5566066 0.7660958 0.3625891 0.5477894 0.7539601 0.3626162 0.5477827 0.753952 0.4027686 0.5380038 0.7404926 0.4026232 0.538044 0.7405425 0.4420831 0.5272335 0.7256634 0.4423682 0.5271459 0.7255535 0.4811772 0.5152665 0.709203 0.4813224 0.515217 0.7091405 0.5196704 0.5021818 0.691199 0.5372816 0.4953932 0.6825791 0.556339 0.4884207 0.672259 0.6086496 0.4663693 0.6419076 0.6087559 0.4663257 0.6418386 0.6756564 0.4333266 0.5964196 0.6756045 0.4333524 0.5964598 0.7373208 0.3970735 0.546526 0.7372757 0.3971003 0.5465674 0.793255 0.3578939 0.4926038 0.7933161 0.3578503 0.4925371 0.8433923 0.3158167 0.4346829 0.8433857 0.3158224 0.4346917 0.8768479 0.2825885 0.3889492 0.8767343 0.282714 0.389114 0.8969242 0.2599132 0.3577321 0.8969978 0.2598227 0.357613 0.915193 0.2368876 0.3260459 0.9152816 0.2367658 0.3258855 0.9320698 0.2129396 0.2930911 0.9319822 0.2130762 0.293271 0.9468925 0.189004 0.2601388 0.9469166 0.1889609 0.260082 0.9600311 0.1645175 0.2264385 0.9600667 0.1644434 0.226341 0.971348 0.1396923 0.1922733 0.9713379 0.1397173 0.1923063 0.9807894 0.1146585 0.1578151 0.9807798 0.1146876 0.1578535 0.988368 0.08939135 0.1230363 0.9883791 0.08934783 0.1229789 0.9940654 0.06394082 0.08800852 0.9940578 0.06398308 0.08806437 0.9978568 0.0384621 0.05293804 0.997858 0.03845083 0.05292314 0.9997616 0.01283329 0.01766359 0.9997615 0.01283496 0.0176658 0.9997639 -0.0127713 -0.01757812 0.999764 -0.01276952 -0.0175758 0.997858 -0.03845041 -0.0529226 0.9978568 -0.03846234 -0.05293834 0.9940544 -0.06400138 -0.08808946 0.9940545 -0.06400036 -0.08808803 0.9883601 -0.0894218 -0.1230773 0.9883555 -0.08943891 -0.1231018 0.9813519 -0.112984 -0.1555088 0.9773445 -0.1246788 -0.1710348 0.9720619 -0.1378956 -0.1899486 0.9672487 -0.1491962 -0.2053545 0.9600244 -0.1645287 -0.2264583 0.9600615 -0.164456 -0.226354 0.946915 -0.1889637 -0.2600858 0.9469382 -0.1889248 -0.2600299 0.9320152 -0.2130261 -0.2932021 0.9320198 -0.2130195 -0.2931925 0.9153964 -0.236617 -0.3256714 0.9153709 -0.2366501 -0.3257189 0.8968939 -0.2599466 -0.3577836 0.8968291 -0.2600215 -0.3578916 0.876651 -0.2827978 -0.3892408 0.8766998 -0.2827472 -0.3891677 0.8433988 -0.3158102 -0.4346751 0.8434065 -0.3158036 -0.434665 0.7933054 -0.3578584 -0.4925483 0.7932473 -0.3579 -0.4926118 0.7372415 -0.3971224 -0.5465975 0.7372829 -0.3970978 -0.5465595 0.6757439 -0.4332774 -0.5963565 0.6756027 -0.4333473 -0.5964656 0.6087206 -0.4663326 -0.6418671 0.6088378 -0.4662844 -0.6417908 0.5372921 -0.4957332 -0.6823239 0.5373003 -0.4957304 -0.6823195 0.4808046 -0.5153839 -0.7093704 0.480966 -0.5153347 -0.7092966 0.4425678 -0.527088 -0.7254736 0.4422881 -0.5271642 -0.7255888 0.402682 -0.5380187 -0.740529 0.4031245 -0.5379118 -0.7403658 0.3622632 -0.5478635 -0.754063 0.3622788 -0.5478602 -0.7540579 0.3211625 -0.5566502 -0.7661561 0.3213638 -0.5566134 -0.7660984 0.2800614 -0.5642703 -0.7766369 0.2798272 -0.5643064 -0.7766948 0.237475 -0.5709739 -0.7858718 0.2374613 -0.5709757 -0.7858746 0.1955473 -0.5764405 -0.7933962 0.1950896 -0.5764867 -0.7934754 0.1520786 -0.5809438 -0.7996102 0.1523047 -0.5809197 -0.7995846 0.1089906 -0.5842754 -0.8042035 0.1089648 -0.5842775 -0.8042055 0.06551223 -0.5865147 -0.8072847 0.06522953 -0.5865301 -0.8072965 0.02142733 -0.587647 -0.8088337 0.02155309 -0.5876434 -0.808833 -0.0214082 -0.5876452 -0.8088355 -0.02153587 -0.5876456 -0.8088318 -0.06564033 -0.5865144 -0.8072746 -0.06534957 -0.586521 -0.8072934 -0.1085358 -0.5843051 -0.8042435 -0.1091834 -0.5842737 -0.8041786 -0.1523678 -0.5809246 -0.799569 -0.1519305 -0.5809572 -0.7996286 -0.1946837 -0.5765341 -0.7935407 -0.1951189 -0.5764902 -0.7934656 -0.2377669 -0.5709313 -0.7858145 -0.2378096 -0.5709258 -0.7858055 -0.2800685 -0.5642651 -0.7766379 -0.2796702 -0.5643268 -0.7767367 -0.3212438 -0.5566271 -0.7661387 -0.3216558 -0.5565518 -0.7660206 -0.3623868 -0.5478356 -0.7540239 -0.3623715 -0.5478388 -0.7540289 -0.4030967 -0.5379191 -0.7403757 -0.402653 -0.5380262 -0.7405393 -0.4422686 -0.5271698 -0.7255966 -0.4425362 -0.527097 -0.7254864 -0.4808108 -0.5153846 -0.7093657 -0.4806613 -0.5154301 -0.7094339 -0.537292 -0.4957334 -0.6823237 -0.5372998 -0.4957302 -0.6823198 -0.6087335 -0.4663314 -0.6418555 -0.6088511 -0.4662737 -0.6417859 -0.6757441 -0.4332711 -0.5963607 -0.6756025 -0.4333535 -0.5964613 -0.7372415 -0.3971244 -0.5465961 -0.7372831 -0.3970957 -0.5465607 -0.7932924 -0.3578653 -0.4925643 -0.7932344 -0.3579128 -0.4926233 -0.8434111 -0.3157994 -0.4346591 -0.8434189 -0.3157917 -0.4346495 -0.8767411 -0.2827029 -0.3891068 -0.8766926 -0.2827532 -0.3891794 -0.8968139 -0.2600396 -0.3579165 -0.8968787 -0.2599647 -0.3578085 -0.9153872 -0.2366283 -0.325689 -0.9152989 -0.2367428 -0.3258539 -0.9319483 -0.2131232 -0.2933439 -0.9320361 -0.2129947 -0.2931588 -0.946956 -0.1888937 -0.2599871 -0.9469311 -0.1889357 -0.2600474 -0.9600727 -0.1644333 -0.2263228 -0.9600369 -0.1645036 -0.2264237 -0.9720615 -0.137967 -0.1898987 -0.9672506 -0.1488354 -0.2056072 -0.9813497 -0.1135494 -0.1551113 -0.9773457 -0.1244048 -0.1712281 -0.9883591 -0.08942544 -0.1230833 -0.9883481 -0.08946597 -0.1231415 -0.9940553 -0.06399488 -0.0880829 -0.9940631 -0.06395459 -0.08802509 -0.9978564 -0.03846609 -0.05294352 -0.9978551 -0.03847718 -0.05295944 -0.9997602 -0.01287233 -0.0177173 -0.9997603 -0.01287072 -0.01771497 -0.999761 0.01285135 0.01768833 -0.999761 0.01285302 0.01769071 -0.9978558 0.0384714 0.05295145 -0.9978569 0.03846037 0.05293565 -0.9940528 0.06400966 0.08810091 -0.7372944 -0.6425073 0.2087613 -0.9940583 0.1035217 -0.03363555 -0.9883583 0.1446987 -0.04701453 -0.9883506 0.1447448 -0.04703056 -0.9807922 0.1855088 -0.06027561 -0.9807973 0.1854842 -0.06026709 -0.9713246 0.226121 -0.07347095 -0.9713199 0.2261388 -0.07347714 -0.9600402 0.2661644 -0.08648222 -0.9600486 0.2661375 -0.08647292 -0.9469354 0.3056924 -0.09932506 -0.9469217 0.3057308 -0.09933841 -0.9242256 0.3631579 -0.1179977 -0.9319925 0.3444881 -0.1127741 -0.9062163 0.402254 -0.130245 -0.9153405 0.382972 -0.1244357 -0.8874018 0.4384338 -0.1424564 -0.8968725 0.4208909 -0.1359068 -0.8663431 0.4748749 -0.1547368 -0.8767333 0.4574354 -0.1486319 -0.843384 0.5110126 -0.1660405 -0.8434298 0.5109453 -0.1660151 -0.79333 0.5789958 -0.1881259 -0.7932949 0.5790385 -0.1881422 -0.7372978 0.642503 -0.2087632 -0.7372906 0.6425102 -0.208766 -0.675615 0.7011702 -0.2278259 -0.6756033 0.7011802 -0.2278298 -0.608697 0.7545701 -0.2451774 -0.6088084 0.7544904 -0.2451458 -0.5373652 0.8020741 -0.2606065 -0.5372781 0.8021257 -0.2606275 -0.4808533 0.833887 -0.2709474 -0.4810772 0.8337717 -0.2709047 -0.4424811 0.8528876 -0.2771158 -0.4421151 0.8530569 -0.2771791 -0.4027075 0.8705282 -0.282856 -0.4028689 0.8704617 -0.2828307 -0.3623707 0.8864169 -0.2880149 -0.3624164 0.8864003 -0.2880085 -0.3215548 0.900547 -0.292605 -0.321471 0.9005736 -0.2926155 -0.2797827 0.9130741 -0.2966772 -0.2798267 0.9130622 -0.2966724 -0.2375284 0.9238377 -0.3001735 -0.2377062 0.9237974 -0.3001567 -0.195032 0.9327942 -0.3030799 -0.1948515 0.9328272 -0.3030943 -0.1521848 0.9399785 -0.305418 -0.1522213 0.9399729 -0.3054169 -0.1089606 0.9453937 -0.3071782 -0.1088442 0.9454065 -0.30718 -0.0654121 0.94902 -0.3083541 -0.06566315 0.9490029 -0.3083537 -0.02192819 0.9508267 -0.3089463 -0.02173799 0.9508318 -0.308944 0.0219236 0.9508278 -0.3089427 0.02172863 0.9508308 -0.3089477 0.06540888 0.9490187 -0.3083589 0.06566172 0.9490045 -0.308349 0.1089638 0.945394 -0.3071759 0.1088354 0.9454067 -0.3071827 0.1521772 0.9399794 -0.3054192 0.1522265 0.9399724 -0.305416 0.1948453 0.9328284 -0.3030948 0.1950343 0.9327939 -0.3030796 0.2377051 0.9237978 -0.3001565 0.2375145 0.923841 -0.3001747 0.2798129 0.913066 -0.2966736 0.2797666 0.9130786 -0.2966787 0.3214787 0.9005709 -0.2926148 0.321568 0.9005427 -0.2926036 0.3624099 0.8864027 -0.2880093 0.3623727 0.8864163 -0.2880145 0.4028881 0.8704536 -0.2828279 0.4027139 0.8705254 -0.2828551 0.4421174 0.8530558 -0.2771788 0.4424738 0.852891 -0.277117 0.4810679 0.8337765 -0.2709065 0.4808512 0.8338882 -0.2709478 0.5373653 0.8020728 -0.2606104 0.5372781 0.8021269 -0.2606236 0.6086838 0.7545815 -0.2451754 0.6087954 0.7544984 -0.2451542 0.675615 0.7011701 -0.2278265 0.6756032 0.7011805 -0.2278292 0.7372977 0.6425029 -0.2087635 0.7372906 0.6425102 -0.2087655 0.7933432 0.5789788 -0.1881228 0.793308 0.5790231 -0.1881348 0.8433717 0.5110321 -0.1660434 0.8434177 0.5109625 -0.1660242 0.8767403 0.4574232 -0.148628 0.86696 0.4738632 -0.1543827 0.8968837 0.4208695 -0.1358987 0.8874018 0.4384338 -0.1424564 0.9057115 0.4031475 -0.1309911 0.9152792 0.3831102 -0.1244612 0.92423 0.3630204 -0.1183849 0.9320152 0.344681 -0.1119942 0.9469367 0.3056886 -0.0993247 0.9469153 0.3057479 -0.09934526 0.9600331 0.2661875 -0.0864911 0.9600514 0.2661284 -0.08647054 0.9713461 0.226037 -0.073444 0.9713443 0.2260441 -0.07344651 0.9807933 0.1855034 -0.06027418 0.9807965 0.1854888 -0.06026911 0.9883629 0.144669 -0.04700595 0.9883632 0.1446673 -0.04700535 0.9940612 0.1034957 -0.0336278 0.9940633 0.1034789 -0.03362202 0.9978597 0.06219047 -0.02020668 0.9978585 0.06220954 -0.02021336 0.9997615 0.02077233 -0.006749391 0.9997615 0.02077019 -0.006748676 0.9997637 -0.02067261 0.006716966 0.9997639 -0.02066922 0.006715774 0.9978603 -0.0621826 0.02020424 0.9978592 -0.06219649 0.02020901 0.9940515 -0.1035808 0.0336557 0.9940496 -0.1035975 0.03366076 0.9883573 -0.144704 0.04701709 0.9883527 -0.1447326 0.04702574 0.9807764 -0.1855844 0.06029909 0.9807847 -0.1855446 0.06028705 0.9713392 -0.2260642 0.07345265 0.9713262 -0.2261146 0.07346791 0.9600541 -0.2661197 0.08646613 0.9600734 -0.2660564 0.086447 0.9469242 -0.3057237 0.09933573 0.9469293 -0.3057094 0.09933137 0.9320102 -0.3446933 0.111998 0.9320058 -0.3447039 0.1120012 0.9153509 -0.3829497 0.1244281 0.9153571 -0.382936 0.124424 0.8968623 -0.4206615 0.1366818 0.8968427 -0.4206994 0.1366932 0.8766962 -0.4575005 0.1486506 0.8766939 -0.4575047 0.1486518 0.8433736 -0.5110291 0.1660429 0.8434059 -0.5109801 0.1660295 0.7977095 -0.5735264 0.1863523 0.7933487 -0.5788989 0.1883453 0.7706319 -0.6060895 0.1969317 0.7372944 -0.6425064 0.2087643 0.7372401 -0.6425637 0.2087796 0.6855394 -0.6924036 0.2249734 0.6756286 -0.7012724 0.2274711 0.6532812 -0.7200599 0.23396 0.6087138 -0.7545592 0.2451694 0.6087753 -0.7545133 0.2451577 0.5372882 -0.8021193 0.260626 0.5372754 -0.8021273 0.2606279 0.4811388 -0.833738 0.2708989 0.4811259 -0.8337449 0.2709008 0.4422355 -0.8530014 0.2771576 0.4423853 -0.8529302 0.277138 0.4028419 -0.8704719 0.2828377 0.4026777 -0.8705417 0.2828567 0.3624188 -0.8863991 0.2880091 0.3623747 -0.8864157 0.2880135 0.3213871 -0.900601 0.2926226 0.3214657 -0.9005752 0.2926159 0.2798202 -0.9130637 0.2966737 0.2797762 -0.9130762 0.2966768 0.2377647 -0.9237828 0.3001555 0.2375852 -0.9238256 0.3001657 0.1951496 -0.9327721 0.3030726 0.195077 -0.9327862 0.3030756 0.1523193 -0.9399604 0.3054066 0.1520124 -0.9400035 0.305427 0.1089186 -0.945398 0.3071798 0.1090402 -0.9453861 0.3071733 0.06525397 -0.9490299 0.3083572 0.0652734 -0.9490287 0.3083565 0.02183413 -0.9508303 0.3089419 0.0217489 -0.9508315 0.3089441 -0.02187812 -0.9508288 0.3089432 -0.02179598 -0.950831 0.3089422 -0.0653159 -0.9490261 0.3083558 -0.06532901 -0.9490252 0.3083558 -0.1088668 -0.9454041 0.3071792 -0.1089895 -0.9453906 0.3071774 -0.1522098 -0.9399746 0.3054175 -0.151905 -0.940021 0.3054263 -0.1950739 -0.9327869 0.3030759 -0.1951491 -0.932772 0.3030726 -0.2374994 -0.9238457 0.3001722 -0.2376785 -0.9238029 0.3001621 -0.2800288 -0.9130062 0.2966541 -0.279835 -0.9130612 0.2966677 -0.3213334 -0.9006194 0.2926253 -0.3214849 -0.9005696 0.2926123 -0.3625954 -0.8863341 0.2879869 -0.362396 -0.8864091 0.288007 -0.4025391 -0.8706011 0.2828707 -0.4029396 -0.870431 0.2828244 -0.4424391 -0.8529049 0.2771298 -0.442083 -0.8530743 0.2771766 -0.4808997 -0.8338643 0.270935 -0.4811078 -0.8337543 0.2709042 -0.5372883 -0.8021195 0.2606254 -0.5372755 -0.802127 0.2606285 -0.6087268 -0.7545487 0.2451692 -0.6087883 -0.7545048 0.2451517 -0.6756176 -0.701169 0.227822 -0.653311 -0.7203967 0.2328374 -0.6855394 -0.6924036 0.2249734 -0.7976871 -0.5734673 0.1866292 -0.7706319 -0.6060894 0.1969316 -0.7372401 -0.6425627 0.2087826 -0.7933405 -0.5789819 0.1881248 -0.8433858 -0.5110101 0.1660392 -0.8434185 -0.5109621 0.1660211 -0.8767406 -0.4574236 0.1486255 -0.8767429 -0.4574195 0.1486243 -0.8968232 -0.4207372 0.1367055 -0.8968427 -0.4206992 0.1366941 -0.915305 -0.3830488 0.1244606 -0.9152966 -0.383067 0.1244661 -0.93199 -0.3447427 0.1120138 -0.9319959 -0.3447282 0.1120094 -0.9469487 -0.3056551 0.09931373 -0.9469416 -0.3056749 0.09931975 -0.9600834 -0.2660236 0.08643627 -0.9600656 -0.2660822 0.08645397 -0.9713363 -0.2260752 0.07345509 -0.9713478 -0.2260305 0.07344156 -0.9807974 -0.1854845 0.06026738 -0.9807901 -0.1855196 0.06027805 -0.9883499 -0.1447497 0.04703128 -0.9883555 -0.1447147 0.04702067 -0.9940535 -0.1035627 0.03364956 -0.9940549 -0.1035506 0.03364592 -0.9978563 -0.06224161 0.02022367 -0.9978551 -0.06225657 0.0202282 -0.9997603 -0.02082479 0.006766319 -0.9997603 -0.02082109 0.006765186 -0.9997608 0.0207979 -0.006757676 -0.9997608 0.02080231 -0.006758987 -0.9978579 0.06221652 -0.02021515 -0.9978579 0.0622164 -0.02021515 -0.9940567 0.103537 -0.03364086 -0.9940629 0 0.1088069 -0.9883567 0 0.1521549 -0.9883567 0 0.1521549 -0.9807925 0 0.1950538 -0.9807699 2.27947e-6 0.1951675 -0.971294 3.01689e-6 0.2378822 -0.9713305 0 0.2377329 -0.960063 0 0.2797839 -0.960063 0 0.2797839 -0.9469315 0 0.3214355 -0.9469315 0 0.3214355 -0.9319802 0 0.3625091 -0.9319803 0 0.3625091 -0.9153997 0 0.4025461 -0.9153997 0 0.4025462 -0.8969119 0 0.4422093 -0.8968904 9.54032e-7 0.4422529 -0.8765723 9.32419e-7 0.4812703 -0.8765951 0 0.4812287 -0.8434974 0 0.5371332 -0.8434973 0 0.5371333 -0.7932064 0 0.6089529 -0.7932063 0 0.6089529 -0.7373612 0 0.6754987 -0.7373611 0 0.6754987 -0.6755048 0 0.7373555 -0.6755048 0 0.7373555 -0.6089533 0 0.7932061 -0.6089532 0 0.793206 -0.5371195 0 0.8435063 -0.5371194 0 0.8435062 -0.4808958 0 0.8767777 -0.4808958 0 0.8767777 -0.4428104 0 0.8966153 -0.4428104 0 0.8966153 -0.4026858 0 0.9153382 -0.4026657 4.27522e-7 0.915347 -0.3624802 3.84856e-7 0.9319915 -0.3624984 0 0.9319843 -0.3209604 0 0.9470927 -0.3209604 0 0.9470927 -0.2800585 0 0.959983 -0.2800585 0 0.959983 -0.2374598 0 0.9713974 -0.2374474 2.52032e-7 0.9714004 -0.1953334 2.07331e-7 0.9807369 -0.1953439 0 0.9807348 -0.151943 0 0.9883892 -0.151943 0 0.9883893 -0.1091831 0 0.9940217 -0.1091831 0 0.9940216 -0.06523799 0 0.9978697 -0.06523799 0 0.9978698 -0.02162474 0 0.9997662 -0.02162474 0 0.9997662 0.02162706 0 0.9997662 0.02162826 0 0.9997661 0.06522738 0 0.9978705 0.06522381 0 0.9978707 0.1092125 0 0.9940183 0.1092125 0 0.9940184 0.1519104 0 0.9883943 0.1519104 0 0.9883943 0.195375 0 0.9807286 0.1953855 -2.07386e-7 0.9807265 0.2374099 -2.51992e-7 0.9714095 0.2373974 0 0.9714126 0.2799854 0 0.9600043 0.2799708 2.97204e-7 0.9600085 0.3210262 3.40787e-7 0.9470703 0.3210425 0 0.9470648 0.3625532 0 0.931963 0.3625715 -3.84953e-7 0.9319559 0.4026256 -4.2748e-7 0.9153647 0.4026057 0 0.9153736 0.4421778 0 0.8969274 0.4421993 -4.69587e-7 0.8969169 0.4814941 -5.11316e-7 0.8764494 0.4814711 0 0.8764619 0.5371193 0 0.8435062 0.5371193 0 0.8435062 0.6089401 0 0.7932162 0.6089402 0 0.7932162 0.6755049 0 0.7373556 0.6755048 0 0.7373555 0.7373611 0 0.6754987 0.7373612 0 0.6754988 0.7932194 0 0.6089359 0.7932195 0 0.6089359 0.8434851 0 0.5371526 0.8434851 0 0.5371526 0.8766409 0 0.4811455 0.8766408 0 0.4811454 0.8968687 0 0.4422966 0.8968688 0 0.4422967 0.915279 0 0.4028204 0.9152791 0 0.4028204 0.9320576 0 0.3623103 0.9320576 0 0.3623103 0.9469646 0 0.3213381 0.9469645 0 0.3213381 0.9600339 0 0.2798836 0.9600339 0 0.2798836 0.971341 0 0.2376904 0.9713285 1.03371e-6 0.2377415 0.9807765 1.04377e-6 0.1951345 0.9807868 0 0.1950823 0.9883604 0 0.1521304 0.9883604 0 0.1521304 0.9940702 0 0.10874 0.9940702 0 0.10874 0.997859 0 0.0654031 0.9978589 0 0.0654031 0.9997614 0 0.02183997 0.9997615 0 0.02183997 0.9997639 0 -0.02173399 0.9997639 0 -0.02173399 0.9978594 0 -0.06539523 0.9978594 0 -0.06539523 0.9940424 0 -0.108994 0.9940425 0 -0.108994 0.9883616 0 -0.1521224 0.9883617 0 -0.1521224 0.9807718 0 -0.195158 0.9807718 0 -0.195158 0.9713682 0 -0.2375794 0.9713681 0 -0.2375794 0.9600486 0 -0.2798333 0.9600486 0 -0.2798333 0.9468963 0 -0.3215394 0.9468961 0 -0.3215393 0.9320454 0 -0.3623414 0.9320455 0 -0.3623414 0.9153414 0 -0.4026789 0.9153413 0 -0.4026788 0.8968786 0 -0.442277 0.8968786 0 -0.442277 0.8767296 0 -0.4809836 0.8767296 0 -0.4809836 0.8433598 0 -0.5373491 0.8433599 0 -0.5373491 0.7933803 0 -0.6087263 0.7933803 0 -0.6087263 0.7371631 0 -0.6757148 0.7371631 0 -0.6757147 0.6757406 0 -0.7371395 0.6757406 0 -0.7371395 0.6086672 0 -0.7934256 0.6086672 0 -0.7934256 0.537428 0 -0.8433097 0.537428 0 -0.8433097 0.4809836 0 -0.8767296 0.4809836 0 -0.8767297 0.4421018 0 -0.8969648 0.4421018 0 -0.8969649 0.4024413 0 -0.9154458 0.4024413 0 -0.9154458 0.3625485 0 -0.9319649 0.3625485 0 -0.9319649 0.3216191 0 -0.9468691 0.3216191 0 -0.9468691 0.2794605 0 -0.9601572 0.2794605 0 -0.9601572 0.2379983 0 -0.9712656 0.2379983 0 -0.9712656 0.1948875 0 -0.9808256 0.1948875 0 -0.9808256 0.1520898 0 -0.9883667 0.1520817 -1.61409e-7 -0.988368 0.1090833 0 -0.9940327 0.1090891 0 -0.9940319 0.06577581 0 -0.9978345 0.06577932 0 -0.9978342 0.02173161 0 -0.9997639 0.02173042 0 -0.9997639 -0.02167981 0 -0.999765 -0.02168095 0 -0.999765 -0.06593596 0 -0.9978239 -0.06593239 0 -0.9978241 -0.1086075 0 -0.9940847 -0.1086075 0 -0.9940847 -0.1523988 0 -0.988319 -0.1523988 0 -0.9883191 -0.1944465 0 -0.9809131 -0.1944361 2.06379e-7 -0.9809153 -0.2383401 2.52979e-7 -0.9711818 -0.2383526 0 -0.9711787 -0.2796489 0 -0.9601024 -0.2796633 -2.96878e-7 -0.9600982 -0.3215512 -3.41345e-7 -0.9468922 -0.3215346 0 -0.9468978 -0.3625509 0 -0.9319639 -0.3625509 0 -0.9319639 -0.4025133 0 -0.9154142 -0.4025133 0 -0.9154141 -0.4423404 0 -0.8968473 -0.4423404 0 -0.8968473 -0.4805803 0 -0.8769508 -0.4805803 0 -0.8769508 -0.537428 0 -0.8433097 -0.537428 0 -0.8433097 -0.6086803 0 -0.7934156 -0.6086803 0 -0.7934156 -0.6757406 0 -0.7371395 -0.6757406 0 -0.7371395 -0.7371631 0 -0.6757148 -0.7371631 0 -0.6757148 -0.7933672 0 -0.6087434 -0.7933672 0 -0.6087434 -0.8433722 0 -0.5373298 -0.8433722 0 -0.5373299 -0.8766966 0 -0.4810438 -0.8766965 0 -0.4810438 -0.8969262 0 -0.4421802 -0.8969261 0 -0.4421802 -0.9153575 0 -0.4026421 -0.9153575 0 -0.4026421 -0.9319742 0 -0.3625246 -0.9319742 0 -0.3625246 -0.9468776 0 -0.3215943 -0.9468775 0 -0.3215943 -0.9600876 0 -0.2796995 -0.9600876 0 -0.2796994 -0.971341 0 -0.2376904 -0.971341 0 -0.2376904 -0.9808096 0 -0.1949684 -0.9808095 0 -0.1949684 -0.988341 0 -0.152257 -0.988341 0 -0.152257 -0.9940556 0 -0.1088737 -0.9940555 0 -0.1088737 -0.9978585 0 -0.0654084 -0.9978586 0 -0.0654084 -0.9997599 0 -0.0219103 -0.9997599 0 -0.0219103 -0.9997611 0 0.02185624 -0.9997611 0 0.02185624 -0.9978551 0 0.06546247 -0.997855 0 0.06546247 -0.994063 0 0.1088069 0.7372944 0.6425073 0.2087613 -0.9940572 0.1035307 0.03363919 -0.9883587 0.1446952 0.04701441 -0.9883527 0.1447331 0.04702591 -0.9807862 0.185538 0.06028401 -0.9807955 0.1854931 0.06027042 -0.9713305 0.2260978 0.07346343 -0.9713189 0.226143 0.07347714 -0.9600467 0.2661437 0.08647394 -0.9600686 0.2660723 0.08645236 -0.9468985 0.3057956 0.09935927 -0.9469003 0.3057906 0.09935778 -0.9320157 0.3446798 0.1119937 -0.9320149 0.3446818 0.1119943 -0.9153221 0.3830118 0.1244485 -0.9153242 0.3830071 0.1244471 -0.8968663 0.4206538 0.1366793 -0.8968851 0.4206173 0.1366683 -0.876774 0.457365 0.1486086 -0.8767238 0.4574528 0.148635 -0.8433859 0.5110108 0.166037 -0.8434182 0.5109617 0.1660235 -0.7976939 0.573546 0.1863586 -0.7933356 0.5789152 0.1883505 -0.7706319 0.6060895 0.1969317 -0.7372944 0.6425064 0.2087643 -0.7372401 0.6425637 0.2087796 -0.6855394 0.6924036 0.2249734 -0.6756286 0.7012724 0.2274711 -0.6532812 0.7200599 0.23396 -0.6087269 0.7545497 0.2451663 -0.6087885 0.7545037 0.2451546 -0.5372882 0.8021193 0.260626 -0.5372754 0.8021273 0.2606279 -0.4810181 0.833801 0.2709194 -0.4810308 0.8337944 0.2709175 -0.4422814 0.8529797 0.2771512 -0.4424055 0.8529207 0.2771349 -0.4028263 0.8704784 0.2828398 -0.4026463 0.870555 0.2828607 -0.3626214 0.8863242 0.2879844 -0.3625895 0.8863362 0.2879877 -0.3213052 0.9006275 0.2926312 -0.3213841 0.9006015 0.2926244 -0.2798233 0.9130629 0.2966734 -0.2797797 0.9130753 0.2966765 -0.2376703 0.9238048 0.3001627 -0.2374849 0.9238491 0.3001732 -0.1951432 0.9327732 0.3030729 -0.1950745 0.9327867 0.3030758 -0.1522856 0.9399654 0.3054082 -0.1519808 0.9400081 0.3054285 -0.1089038 0.9453995 0.3071802 -0.109026 0.9453876 0.3071739 -0.06538009 0.949022 0.3083547 -0.06539618 0.9490212 0.3083541 -0.02192592 0.9508284 0.3089413 -0.02184224 0.9508295 0.3089434 0.02192169 0.9508278 0.3089429 0.02183938 0.9508301 0.3089419 0.06537485 0.9490224 0.3083546 0.06538844 0.9490215 0.3083546 0.1089015 0.9454005 0.307178 0.1090171 0.9453877 0.3071763 0.152285 0.9399636 0.3054139 0.1519861 0.9400092 0.3054225 0.1950621 0.932789 0.3030765 0.1951392 0.932774 0.3030732 0.237491 0.9238476 0.300173 0.2376624 0.9238066 0.3001633 0.2797659 0.9130791 0.2966777 0.279819 0.913064 0.296674 0.3213918 0.9005991 0.2926238 0.3213068 0.9006271 0.292631 0.3625831 0.8863386 0.2879884 0.3626235 0.8863234 0.2879844 0.4026656 0.8705466 0.2828583 0.4028327 0.8704757 0.282839 0.4424025 0.8529221 0.2771353 0.4422742 0.8529832 0.2771522 0.4810261 0.8337968 0.2709183 0.4810159 0.8338023 0.2709197 0.5372883 0.8021195 0.2606254 0.5372755 0.802127 0.2606285 0.6087136 0.7545583 0.2451723 0.6087751 0.7545143 0.2451549 0.6756176 0.701169 0.227822 0.653311 0.7203967 0.2328374 0.6855394 0.6924036 0.2249734 0.7977028 0.5734476 0.186623 0.7706319 0.6060894 0.1969316 0.7372401 0.6425627 0.2087826 0.7933536 0.5789657 0.1881196 0.8433736 0.5110285 0.1660452 0.8434062 0.5109804 0.1660271 0.8767307 0.4574406 0.148631 0.8767904 0.4573366 0.1485998 0.8968966 0.420595 0.1366615 0.8968675 0.4206517 0.1366786 0.9153159 0.3830252 0.124453 0.9153044 0.38305 0.1244605 0.9320011 0.3447155 0.1120048 0.9320095 0.3446949 0.1119986 0.9469147 0.3057503 0.09934467 0.9469055 0.305776 0.09935241 0.9600536 0.2661213 0.08646786 0.9600373 0.2661745 0.08648395 0.9713462 0.2260371 0.07344275 0.9713513 0.226017 0.07343667 0.9807906 0.1855162 0.06027704 0.9807896 0.1855216 0.06027871 0.9883651 0.1446563 0.04700094 0.9883702 0.1446251 0.04699146 0.99406 0.1035055 0.0336309 0.9940618 0.1034907 0.03362643 0.9978596 0.06219315 0.02020794 0.9978584 0.06220924 0.02021282 0.9997614 0.02077239 0.006749272 0.9997615 0.02076828 0.00674802 0.9997637 -0.02067232 -0.006716847 0.9997639 -0.02067095 -0.00671643 0.9978603 -0.06218051 -0.02020382 0.9978592 -0.06219744 -0.02020901 0.9940526 -0.103571 -0.03365194 0.9940504 -0.1035904 -0.03365868 0.9883509 -0.1447437 -0.04703021 0.9883513 -0.1447416 -0.04702949 0.9807824 -0.1855551 -0.06029069 0.9807863 -0.1855369 -0.06028431 0.9713332 -0.2260874 -0.07345992 0.9713276 -0.2261089 -0.07346737 0.9600707 -0.2660653 -0.08645004 0.9600769 -0.266045 -0.086443 0.9469307 -0.3057057 -0.09932953 0.9469195 -0.3057367 -0.09934031 0.9242256 -0.3631579 -0.1179977 0.9320275 -0.3444012 -0.1127498 0.9057009 -0.4033101 -0.1305632 0.9153196 -0.3830171 -0.1244503 0.8874018 -0.4384338 -0.1424564 0.8968633 -0.4209082 -0.1359131 0.8669599 -0.4738648 -0.1543781 0.8766638 -0.457556 -0.1486712 0.8433718 -0.511031 -0.1660465 0.8434175 -0.5109636 -0.1660211 0.7933431 -0.5789796 -0.1881207 0.793308 -0.5790222 -0.1881369 0.7372978 -0.642503 -0.2087632 0.7372906 -0.6425102 -0.208766 0.675615 -0.7011702 -0.2278259 0.6756033 -0.7011802 -0.2278298 0.6086839 -0.7545797 -0.2451806 0.6087953 -0.7545 -0.2451489 0.5373652 -0.8020741 -0.2606065 0.5372781 -0.8021257 -0.2606275 0.4810036 -0.8338087 -0.270922 0.4809965 -0.8338123 -0.2709233 0.4424039 -0.8529223 -0.2771325 0.4422801 -0.8529794 -0.277154 0.4026591 -0.8705484 -0.2828626 0.402829 -0.8704783 -0.282836 0.3622341 -0.8864674 -0.2880312 0.3622737 -0.8864531 -0.2880256 0.3214201 -0.9005905 -0.2926191 0.321581 -0.9005395 -0.292599 0.280003 -0.9130146 -0.2966524 0.2797936 -0.9130714 -0.2966753 0.2376407 -0.9238116 -0.3001651 0.2375718 -0.9238272 -0.3001716 0.1950201 -0.9327949 -0.3030854 0.1950927 -0.9327817 -0.3030796 0.1522184 -0.9399735 -0.3054164 0.1522593 -0.9399673 -0.3054152 0.1089743 -0.9453921 -0.3071779 0.1088523 -0.9454056 -0.3071797 0.06527924 -0.9490283 -0.3083568 0.06553268 -0.949011 -0.3083564 0.02184295 -0.9508284 -0.3089469 0.02165055 -0.9508336 -0.3089446 -0.02188003 -0.9508288 -0.308943 -0.02169144 -0.9508317 -0.3089479 -0.06534796 -0.9490225 -0.30836 -0.06559526 -0.9490085 -0.3083503 -0.1089424 -0.9453963 -0.3071767 -0.1088201 -0.9454082 -0.3071831 -0.1520893 -0.9399923 -0.3054233 -0.1521322 -0.9399863 -0.3054205 -0.1948573 -0.9328261 -0.303094 -0.1950318 -0.9327943 -0.30308 -0.2377145 -0.9237954 -0.3001562 -0.2375426 -0.9238344 -0.3001725 -0.2800105 -0.9130111 -0.2966558 -0.2799877 -0.9130174 -0.2966583 -0.3214846 -0.9005692 -0.2926136 -0.321547 -0.9005495 -0.2926058 -0.3624612 -0.8863838 -0.2880031 -0.3624108 -0.8864021 -0.2880101 -0.4027232 -0.8705226 -0.2828506 -0.4025641 -0.8705881 -0.2828754 -0.442189 -0.8530222 -0.2771679 -0.4423196 -0.8529618 -0.2771453 -0.4809064 -0.8338593 -0.2709385 -0.4809088 -0.833858 -0.270938 -0.5373653 -0.8020728 -0.2606104 -0.5372781 -0.8021269 -0.2606236 -0.6086968 -0.7545719 -0.2451722 -0.6088084 -0.7544888 -0.245151 -0.675615 -0.7011701 -0.2278265 -0.6756032 -0.7011805 -0.2278292 -0.7372977 -0.6425029 -0.2087635 -0.7372906 -0.6425102 -0.2087655 -0.7933301 -0.578995 -0.1881281 -0.7932949 -0.5790393 -0.1881401 -0.843384 -0.5110138 -0.1660374 -0.8434299 -0.5109441 -0.1660183 -0.8766999 -0.4574933 -0.1486508 -0.866343 -0.4748756 -0.1547345 -0.8968529 -0.4209281 -0.1359206 -0.8874018 -0.4384338 -0.1424564 -0.9062246 -0.4021034 -0.1306518 -0.9153212 -0.3830192 -0.1244326 -0.92423 -0.3630211 -0.118383 -0.9319613 -0.3448127 -0.1120369 -0.9469357 -0.3056914 -0.09932553 -0.9469454 -0.3056643 -0.09931617 -0.9600895 -0.266004 -0.08642977 -0.9600841 -0.266021 -0.08643567 -0.9713366 -0.2260736 -0.07345592 -0.9713407 -0.2260578 -0.07345044 -0.9807997 -0.1854731 -0.06026369 -0.9807969 -0.1854867 -0.06026846 -0.9883482 -0.1447606 -0.04703569 -0.9883489 -0.1447562 -0.04703414 -0.9940544 -0.1035543 -0.03364682 -0.9940563 -0.1035395 -0.03364169 -0.9978564 -0.06223893 -0.02022242 -0.9978551 -0.06225687 -0.02022868 -0.9997603 -0.02082467 -0.006766378 -0.9997603 -0.020823 -0.006765782 -0.9997608 0.02079796 0.006757676 -0.9997608 0.02080035 0.006758511 -0.9978577 0.06221932 0.02021652 -0.997858 0.0622158 0.02021533 -0.9940584 0.1035205 0.03363615 -0.9990466 0.001903176 0.04361319 -0.9990468 0.005698263 0.04328119 -0.9990466 0.005698323 0.04328161 -0.9990466 0.009448766 0.0426203 -0.9990471 0.009447574 0.04261231 -0.9990471 0.01312488 0.04162716 -0.9990466 0.0131269 0.04163569 -0.9990468 0.01670712 0.04033255 -0.9990468 0.01670575 0.04032856 -0.9990469 0.02015542 0.03872007 -0.9990472 0.02015298 0.03871446 -0.9990471 0.0234518 0.03681039 -0.9990463 0.02346134 0.03682804 -0.9990462 0.02658146 0.03464245 -0.9990466 0.02657723 0.03463602 -0.9990466 0.0294944 0.03218787 -0.9990468 0.02949202 0.03218489 -0.9990467 0.03218561 0.02949148 -0.9990463 0.03219419 0.0295006 -0.9990462 0.03464174 0.02658194 -0.9990466 0.03463423 0.02657532 -0.9990466 0.03681838 0.02345585 -0.9990468 0.0368151 0.02345341 -0.9990468 0.03871941 0.02015602 -0.9990466 0.03872174 0.02015739 -0.9990468 0.0403313 0.01670593 -0.9990466 0.04033237 0.01670646 -0.9990466 0.04163473 0.01312738 -0.9990468 0.04163211 0.01312637 -0.9990468 0.04261821 0.009448289 -0.9990468 0.04261916 0.009448587 -0.9990468 0.04328072 0.005697965 -0.9990466 0.04328161 0.005698144 -0.9990466 0.04361325 0.001904189 -0.9990466 0.04361313 0.001904129 -0.9990468 0.04361319 -0.001904129 -0.9990466 0.04361325 -0.001904129 -0.9990468 0.04328161 -0.005698084 -0.9990468 0.04328072 -0.005698025 -0.9990468 0.04261922 -0.00944823 -0.9990468 0.04261827 -0.009448051 -0.9990468 0.04163205 -0.01312655 -0.9990469 0.04162895 -0.01312577 -0.999047 0.0403254 -0.01670348 -0.9990466 0.04033148 -0.01670551 -0.9990466 0.03872179 -0.02015721 -0.9990468 0.03871929 -0.02015614 -0.9990468 0.03681492 -0.02345365 -0.9990466 0.03681856 -0.02345561 -0.9990466 0.03463381 -0.02657592 -0.9990468 0.03463202 -0.02657473 -0.9990468 0.03218424 -0.02949154 -0.9990468 0.03218495 -0.02949213 -0.9990466 0.02949184 -0.03218513 -0.9990466 0.02949458 -0.0321877 -0.9990466 0.02657765 -0.03463566 -0.9990469 0.02657228 -0.03462964 -0.999047 0.02345252 -0.03681373 -0.9990463 0.02346062 -0.03682464 -0.9990463 0.0201618 -0.03872966 -0.9990468 0.02015578 -0.03871989 -0.9990468 0.01670432 -0.04032927 -0.9990467 0.01670616 -0.04033291 -0.9990466 0.0131275 -0.04163551 -0.9990462 0.01313132 -0.04164505 -0.9990462 0.00945121 -0.04263138 -0.9990466 0.009447991 -0.04262048 -0.9990466 0.005698323 -0.04328161 -0.9990466 0.005698263 -0.04328119 -0.9990468 0.001904129 -0.04361313 -0.9990463 0.001904904 -0.04361999 -0.9990463 -0.001904428 -0.04361999 -0.9990466 -0.001904606 -0.04361307 -0.9990468 -0.005698263 -0.04328119 -0.9990466 -0.005698323 -0.04328161 -0.9990466 -0.009448766 -0.0426203 -0.9990462 -0.009450435 -0.04263162 -0.9990463 -0.0131306 -0.04164522 -0.9990466 -0.01312822 -0.04163521 -0.9990466 -0.01670587 -0.04033303 -0.9990468 -0.01670455 -0.04032909 -0.9990468 -0.02015656 -0.03871953 -0.9990463 -0.02016109 -0.03873008 -0.9990463 -0.02345979 -0.03682512 -0.9990469 -0.02345329 -0.03681319 -0.9990469 -0.02657276 -0.03462928 -0.9990466 -0.02657723 -0.03463602 -0.9990466 -0.0294944 -0.03218787 -0.9990468 -0.02949202 -0.03218489 -0.9990468 -0.03218489 -0.02949219 -0.9990468 -0.0321843 -0.02949148 -0.9990468 -0.03463214 -0.02657461 -0.9990466 -0.03463375 -0.02657604 -0.9990466 -0.03681838 -0.02345585 -0.9990468 -0.0368151 -0.02345341 -0.9990468 -0.03871941 -0.02015602 -0.9990466 -0.03872174 -0.02015739 -0.9990468 -0.0403313 -0.01670593 -0.9990469 -0.04032552 -0.016703 -0.9990469 -0.04162901 -0.01312559 -0.9990468 -0.04163205 -0.01312679 -0.9990468 -0.04261833 -0.009447991 -0.9990466 -0.04261922 -0.009448289 -0.9990468 -0.04328072 -0.005697965 -0.9990466 -0.04328161 -0.005698144 -0.9990466 -0.04361325 -0.001904189 -0.9990466 -0.04361313 -0.001904129 -0.9990468 -0.04361319 0.001904129 -0.9990466 -0.04361325 0.001904129 -0.9990468 -0.04328161 0.005698084 -0.9990468 -0.04328072 0.005698025 -0.9990468 -0.04261916 0.009448528 -0.9990468 -0.04261821 0.009448349 -0.9990468 -0.04163205 0.01312655 -0.9990466 -0.04163479 0.0131272 -0.9990466 -0.04033243 0.0167064 -0.9990466 -0.04033124 0.01670598 -0.9990466 -0.03872179 0.02015721 -0.9990468 -0.03871929 0.02015614 -0.9990468 -0.03681492 0.02345365 -0.9990466 -0.03681856 0.02345561 -0.9990466 -0.03463381 0.02657592 -0.9990463 -0.03464221 0.0265814 -0.9990462 -0.03219473 0.02949988 -0.9990468 -0.03218495 0.02949213 -0.9990466 -0.02949184 0.03218513 -0.9990466 -0.02949458 0.0321877 -0.9990466 -0.02657675 0.03463637 -0.9990463 -0.02658194 0.03464215 -0.9990462 -0.02346247 0.0368272 -0.9990471 -0.02345055 0.03681111 -0.9990472 -0.02015256 0.0387147 -0.9990468 -0.02015578 0.03871989 -0.9990468 -0.01670551 0.04032868 -0.9990466 -0.01670736 0.04033249 -0.9990466 -0.0131275 0.04163551 -0.9990471 -0.01312428 0.04162734 -0.9990471 -0.009447038 0.04261243 -0.9990466 -0.009449362 0.04262024 -0.9990466 -0.005698323 0.04328161 -0.9990466 -0.005698263 0.04328119 -0.9990468 -0.001904129 0.04361313 -0.9990473 -0.001902639 0.04360014 -0.9990473 0.001903533 0.04360014 -0.9914259 0.005699574 0.1305462 -0.9914259 0.01705741 0.1295524 -0.9914242 0.01705819 0.1295648 -0.9914243 0.02828472 0.1275848 -0.9914251 0.02828389 0.127579 -0.9914252 0.03929442 0.1246281 -0.9914259 0.03929311 0.1246228 -0.9914259 0.05000483 0.1207233 -0.9914307 0.04999327 0.1206886 -0.9914307 0.06031876 0.1158744 -0.9914285 0.06032544 0.1158898 -0.9914285 0.0702005 0.1101883 -0.9914287 0.07019966 0.1101868 -0.9914287 0.07953393 0.1036508 -0.9914262 0.07954454 0.1036669 -0.9914264 0.08827584 0.09633874 -0.9914279 0.0882681 0.09632903 -0.991428 0.0963279 0.08826863 -0.9914333 0.09630048 0.08823966 -0.9914329 0.1036258 0.07951503 -0.9914311 0.1036354 0.07952356 -0.9914308 0.1101756 0.07018715 -0.9914273 0.110197 0.07020312 -0.9914276 0.1158946 0.06033176 -0.9914292 0.1158843 0.06032538 -0.991429 0.1207016 0.04999566 -0.9914274 0.1207136 0.05000168 -0.9914276 0.1246101 0.03928953 -0.9914277 0.1246089 0.03928905 -0.9914281 0.1275571 0.02827942 -0.9914289 0.1275509 0.02827757 -0.9914289 0.1295303 0.01705247 -0.991428 0.1295361 0.01705366 -0.9914284 0.1305258 0.005698978 -0.9914289 0.1305242 0.00569874 -0.9914287 0.1305242 -0.00569868 -0.9914289 0.1305233 -0.00569874 -0.9914291 0.1295285 -0.01705276 -0.9914288 0.1295303 -0.01705288 -0.9914289 0.127551 -0.02827715 -0.9914279 0.1275574 -0.02827811 -0.9914277 0.1246088 -0.03928911 -0.9914276 0.1246102 -0.03928947 -0.9914273 0.1207139 -0.05000078 -0.991429 0.1207012 -0.04999655 -0.991429 0.1158839 -0.06032615 -0.9914275 0.115895 -0.06033098 -0.9914273 0.1101969 -0.07020348 -0.9914267 0.1102012 -0.0702058 -0.9914264 0.1036645 -0.07954466 -0.9914281 0.1036537 -0.07953763 -0.991428 0.09632802 -0.08826875 -0.991428 0.09632784 -0.08826863 -0.991428 0.08826971 -0.09632742 -0.9914321 0.08824712 -0.09630602 -0.9914323 0.07951706 -0.1036288 -0.9914287 0.07953554 -0.1036497 -0.9914288 0.07019668 -0.1101889 -0.9914284 0.07019752 -0.11019 -0.9914284 0.06032973 -0.1158874 -0.9914306 0.06032109 -0.1158733 -0.9914308 0.04999089 -0.1206896 -0.9914332 0.04998272 -0.1206734 -0.9914332 0.03927582 -0.1245692 -0.9914326 0.03927785 -0.1245743 -0.9914327 0.02827101 -0.1275228 -0.991432 0.02827268 -0.1275284 -0.9914319 0.01705139 -0.1295066 -0.9914335 0.01704889 -0.1294944 -0.9914336 0.005695819 -0.1304873 -0.9914315 0.005697727 -0.1305039 -0.9914314 -0.005696535 -0.1305039 -0.9914336 -0.005697011 -0.1304873 -0.9914335 -0.01704978 -0.1294943 -0.9914318 -0.01705056 -0.1295067 -0.991432 -0.02827227 -0.1275284 -0.9914327 -0.02827143 -0.1275228 -0.9914325 -0.03927743 -0.1245744 -0.9914333 -0.03927618 -0.1245691 -0.9914332 -0.04998397 -0.1206729 -0.9914307 -0.0499897 -0.1206902 -0.9914307 -0.0603221 -0.1158728 -0.9914285 -0.06032872 -0.1158879 -0.9914286 -0.07019746 -0.1101901 -0.9914287 -0.07019674 -0.1101889 -0.9914287 -0.07953393 -0.1036508 -0.9914324 -0.07951855 -0.1036276 -0.9914321 -0.08824878 -0.09630459 -0.9914279 -0.0882681 -0.09632903 -0.991428 -0.0963279 -0.08826863 -0.991428 -0.09632802 -0.08826881 -0.9914281 -0.1036544 -0.07953691 -0.9914264 -0.103664 -0.07954543 -0.9914267 -0.110201 -0.07020604 -0.9914273 -0.110197 -0.07020312 -0.9914276 -0.1158946 -0.06033176 -0.9914292 -0.1158843 -0.06032538 -0.991429 -0.1207016 -0.04999566 -0.9914274 -0.1207136 -0.05000168 -0.9914276 -0.1246101 -0.03928953 -0.9914277 -0.1246089 -0.03928905 -0.991428 -0.1275573 -0.02827852 -0.9914288 -0.1275511 -0.02827668 -0.9914289 -0.1295303 -0.017053 -0.991429 -0.1295285 -0.01705265 -0.9914289 -0.1305233 -0.00569868 -0.9914289 -0.1305242 -0.00569874 -0.9914287 -0.1305242 0.005698859 -0.9914285 -0.1305259 0.005698859 -0.991428 -0.1295362 0.01705324 -0.9914288 -0.1295303 0.01705288 -0.9914289 -0.1275508 0.02827805 -0.991428 -0.1275572 0.02827894 -0.9914277 -0.1246088 0.03928911 -0.9914276 -0.1246102 0.03928947 -0.9914273 -0.1207139 0.05000078 -0.991429 -0.1207012 0.04999655 -0.991429 -0.1158839 0.06032615 -0.9914275 -0.115895 0.06033098 -0.9914273 -0.110198 0.07020145 -0.9914308 -0.1101745 0.07018876 -0.9914311 -0.103636 0.07952278 -0.9914329 -0.1036252 0.07951575 -0.9914332 -0.09629857 0.08824181 -0.991428 -0.09632986 0.08826661 -0.991428 -0.0882675 0.09632962 -0.9914263 -0.0882765 0.09633815 -0.9914262 -0.07954561 0.103666 -0.9914287 -0.0795328 0.1036516 -0.9914287 -0.07019954 0.1101869 -0.9914284 -0.07020062 0.1101883 -0.9914284 -0.06032645 0.1158892 -0.9914306 -0.06031769 0.1158748 -0.9914308 -0.04999089 0.1206896 -0.9914259 -0.05000728 0.1207224 -0.9914259 -0.03929275 0.1246228 -0.9914252 -0.03929477 0.124628 -0.991425 -0.02828353 0.1275792 -0.9914244 -0.02828514 0.1275847 -0.9914242 -0.01705908 0.1295647 -0.9914259 -0.01705652 0.1295524 -0.9914258 -0.005698382 0.1305463 -0.9914237 -0.00570029 0.1305629 -0.9914236 0.005699157 0.1305629 -0.9762465 0.009448468 0.2164567 -0.9762466 0.0282799 0.214809 -0.9762552 0.02827757 0.21477 -0.9762552 0.04688268 0.2114897 -0.976265 0.04687625 0.2114458 -0.9762646 0.065131 0.2065559 -0.9762489 0.06514745 0.2066249 -0.976249 0.08290505 0.2001612 -0.97626 0.08288955 0.2001147 -0.9762595 0.100018 0.1921293 -0.9762472 0.1000401 0.1921805 -0.9762474 0.1164115 0.1827273 -0.976256 0.1163933 0.1826936 -0.9762556 0.1318715 0.1718569 -0.9762525 0.1318792 0.1718687 -0.9762524 0.1463576 0.1597205 -0.9762419 0.1463869 0.1597574 -0.9762428 0.1597529 0.1463863 -0.9762408 0.1597591 0.1463928 -0.976242 0.1719055 0.1319098 -0.9762467 0.1718895 0.1318957 -0.9762473 0.1827291 0.1164102 -0.9762548 0.1827016 0.1163898 -0.9762544 0.1921505 0.1000283 -0.9762536 0.1921535 0.1000301 -0.9762533 0.2001428 0.08290004 -0.9762508 0.2001528 0.08290505 -0.9762509 0.2066155 0.06514674 -0.9762536 0.2066048 0.06514245 -0.9762531 0.211498 0.04688823 -0.9762503 0.2115101 0.0468918 -0.9762507 0.2147907 0.02827745 -0.9762524 0.214783 0.02827584 -0.976252 0.2164316 0.00944972 -0.9762519 0.2164324 0.009449779 -0.9762519 0.2164325 -0.009449422 -0.9762521 0.2164316 -0.009449422 -0.9762524 0.2147828 -0.02827733 -0.9762507 0.2147906 -0.02827781 -0.9762504 0.2115105 -0.04688942 -0.9762531 0.2114982 -0.04688763 -0.9762535 0.2066045 -0.06514322 -0.976251 0.2066159 -0.06514596 -0.9762508 0.200153 -0.08290427 -0.9762533 0.2001423 -0.0829007 -0.9762536 0.1921536 -0.10003 -0.9762543 0.1921504 -0.1000286 -0.9762549 0.1827004 -0.116392 -0.9762587 0.1826846 -0.1163834 -0.9762596 0.1718421 -0.1318612 -0.9762549 0.1718599 -0.1318729 -0.9762554 0.1597115 -0.1463484 -0.9762573 0.1597045 -0.1463428 -0.9762578 0.1463413 -0.1597027 -0.9762524 0.1463589 -0.1597194 -0.9762525 0.13188 -0.171868 -0.9762557 0.1318706 -0.1718575 -0.9762559 0.1163862 -0.1826985 -0.9762474 0.1164088 -0.1827289 -0.9762473 0.1000437 -0.1921785 -0.9762406 0.1000595 -0.1922042 -0.9762402 0.08292627 -0.2001957 -0.976249 0.08290839 -0.20016 -0.9762489 0.06514602 -0.2066254 -0.9762442 0.06515377 -0.2066449 -0.9762442 0.04690003 -0.2115367 -0.9762551 0.04688584 -0.2114891 -0.9762552 0.02827483 -0.2147704 -0.9762465 0.0282827 -0.2148087 -0.9762465 0.009447395 -0.2164568 -0.9762431 0.009449124 -0.2164715 -0.9762431 -0.009448051 -0.2164715 -0.9762465 -0.009448468 -0.2164567 -0.9762466 -0.0282799 -0.214809 -0.9762552 -0.02827757 -0.21477 -0.9762551 -0.04688936 -0.2114884 -0.976244 -0.04689657 -0.2115377 -0.9762443 -0.06515228 -0.2066453 -0.9762489 -0.06514745 -0.2066249 -0.9762489 -0.08291107 -0.2001591 -0.9762402 -0.08292365 -0.2001969 -0.9762406 -0.1000576 -0.1922051 -0.9762473 -0.1000455 -0.1921774 -0.9762476 -0.1164065 -0.1827303 -0.9762559 -0.1163884 -0.1826969 -0.9762556 -0.1318715 -0.1718569 -0.9762525 -0.1318792 -0.1718687 -0.9762524 -0.1463576 -0.1597205 -0.9762578 -0.1463425 -0.1597014 -0.9762573 -0.1597049 -0.1463423 -0.9762553 -0.159711 -0.1463488 -0.9762549 -0.1718589 -0.1318741 -0.9762597 -0.1718429 -0.1318599 -0.9762588 -0.1826853 -0.1163824 -0.9762548 -0.1826997 -0.116393 -0.9762544 -0.1921505 -0.1000283 -0.9762536 -0.1921535 -0.1000301 -0.9762533 -0.2001428 -0.08290004 -0.9762508 -0.2001528 -0.08290505 -0.9762509 -0.2066155 -0.06514674 -0.9762536 -0.2066048 -0.06514245 -0.9762532 -0.2114984 -0.0468868 -0.9762504 -0.2115104 -0.04689031 -0.9762507 -0.2147905 -0.02827835 -0.9762524 -0.2147828 -0.0282768 -0.976252 -0.2164316 -0.009449422 -0.9762519 -0.2164325 -0.009449481 -0.9762519 -0.2164324 0.00944972 -0.976252 -0.2164316 0.009449779 -0.9762524 -0.2147829 0.02827644 -0.9762507 -0.2147908 0.02827692 -0.9762504 -0.2115103 0.04689091 -0.9762531 -0.2114978 0.04688906 -0.9762535 -0.2066045 0.06514322 -0.976251 -0.2066159 0.06514596 -0.9762508 -0.200153 0.08290427 -0.9762533 -0.2001423 0.0829007 -0.9762536 -0.1921536 0.10003 -0.9762543 -0.1921504 0.1000286 -0.9762549 -0.1827004 0.116392 -0.9762472 -0.1827304 0.1164082 -0.9762467 -0.1718886 0.1318969 -0.976242 -0.1719065 0.1319087 -0.9762409 -0.1597595 0.1463924 -0.9762428 -0.1597524 0.1463868 -0.976242 -0.1463893 0.1597551 -0.9762525 -0.146355 0.1597226 -0.9762525 -0.13188 0.171868 -0.9762557 -0.1318706 0.1718575 -0.976256 -0.1163911 0.1826952 -0.9762474 -0.1164139 0.182726 -0.9762473 -0.1000437 0.1921785 -0.9762596 -0.1000144 0.1921309 -0.9762599 -0.08288633 0.200116 -0.976249 -0.08290839 0.20016 -0.976249 -0.06515228 0.2066233 -0.9762646 -0.06512612 0.2065572 -0.976265 -0.04687315 0.2114466 -0.9762551 -0.04688584 0.2114891 -0.9762552 -0.02827483 0.2147704 -0.9762465 -0.0282827 0.2148087 -0.9762465 -0.009454309 0.2164562 -0.9762646 -0.009444892 0.2163753 -0.9762645 0.009450733 0.2163753 -0.9536398 0.01313227 0.3006638 -0.9536396 0.03928309 0.298376 -0.9536332 0.03928428 0.2983964 -0.9536333 0.06514179 0.2938369 -0.9536145 0.06515043 0.2938961 -0.953615 0.09051841 0.2870974 -0.9536516 0.09049159 0.2869842 -0.953651 0.1151589 0.2780077 -0.953609 0.1152008 0.2781342 -0.9536101 0.1390063 0.2670301 -0.9536226 0.1389907 0.2669937 -0.9536231 0.1617293 0.2538635 -0.9536283 0.1617215 0.2538489 -0.9536286 0.1832283 0.2387884 -0.9536353 0.1832166 0.2387708 -0.9536352 0.2033274 0.2218961 -0.9536474 0.2033033 0.2218655 -0.9536463 0.2218703 0.2033035 -0.9536373 0.22189 0.2033244 -0.953637 0.238766 0.1832138 -0.9536345 0.238772 0.1832191 -0.9536344 0.2538339 0.161709 -0.953636 0.2538296 0.1617059 -0.9536358 0.2669569 0.1389704 -0.953635 0.266959 0.1389716 -0.9536346 0.2780567 0.1151757 -0.953648 0.2780187 0.1151566 -0.9536451 0.2870059 0.09049153 -0.9536345 0.2870374 0.0905041 -0.9536342 0.2938345 0.06514072 -0.9536292 0.2938492 0.06514513 -0.9536314 0.2984021 0.03928613 -0.9536361 0.2983875 0.03928309 -0.9536343 0.3006817 0.01312798 -0.9536333 0.3006844 0.01312828 -0.9536334 0.3006844 -0.0131281 -0.9536324 0.3006874 -0.01312798 -0.9536306 0.2984045 -0.03928518 -0.9536368 0.2983852 -0.03928405 -0.9536382 0.2938218 -0.06513792 -0.9536341 0.2938347 -0.06513977 -0.9536343 0.2870373 -0.09050446 -0.9536327 0.2870426 -0.09050571 -0.9536322 0.2780639 -0.1151787 -0.9536188 0.2781041 -0.115192 -0.953616 0.2670146 -0.1389954 -0.9536358 0.2669569 -0.1389705 -0.953636 0.2538295 -0.1617062 -0.9536344 0.2538341 -0.1617088 -0.9536345 0.2387723 -0.1832187 -0.9536369 0.2387657 -0.1832143 -0.9536372 0.2218872 -0.2033277 -0.9536185 0.221934 -0.2033647 -0.953617 0.2033715 -0.2219337 -0.9536351 0.2033296 -0.2218943 -0.9536352 0.1832155 -0.2387717 -0.9536285 0.1832295 -0.2387875 -0.9536283 0.1617205 -0.2538496 -0.953658 0.1616641 -0.2537739 -0.9536591 0.1389346 -0.2668921 -0.9536467 0.1389554 -0.2669259 -0.9536472 0.1151553 -0.2780221 -0.9536128 0.1152044 -0.2781198 -0.9536122 0.09052968 -0.2871029 -0.9536544 0.0904802 -0.2869785 -0.9536548 0.06512701 -0.2937703 -0.9536332 0.06514674 -0.2938361 -0.9536333 0.03928577 -0.2983962 -0.9536397 0.0392816 -0.2983761 -0.9536397 0.01312303 -0.3006646 -0.9536411 0.01312249 -0.30066 -0.9536411 -0.01312285 -0.30066 -0.9536397 -0.01312267 -0.3006646 -0.9536396 -0.03928309 -0.298376 -0.9536332 -0.03928428 -0.2983964 -0.9536333 -0.06514179 -0.2938369 -0.9536549 -0.06513184 -0.293769 -0.9536543 -0.09048962 -0.2869759 -0.9536122 -0.0905205 -0.2871063 -0.9536129 -0.1151969 -0.2781225 -0.9536472 -0.1151626 -0.2780188 -0.9536468 -0.1389527 -0.2669271 -0.9536592 -0.1389371 -0.2668907 -0.9536579 -0.1616701 -0.2537705 -0.9536281 -0.1617149 -0.2538536 -0.9536286 -0.1832283 -0.2387884 -0.9536353 -0.1832166 -0.2387708 -0.9536351 -0.2033329 -0.2218915 -0.953617 -0.2033684 -0.2219367 -0.9536184 -0.2219309 -0.2033678 -0.9536373 -0.22189 -0.2033244 -0.953637 -0.238766 -0.1832138 -0.9536345 -0.238772 -0.1832191 -0.9536344 -0.2538339 -0.161709 -0.953636 -0.2538296 -0.1617059 -0.9536358 -0.2669593 -0.1389666 -0.953616 -0.2670125 -0.1389995 -0.9536188 -0.2781029 -0.1151948 -0.9536322 -0.278065 -0.1151758 -0.9536327 -0.2870424 -0.09050607 -0.9536345 -0.2870374 -0.0905041 -0.9536342 -0.2938345 -0.06514072 -0.9536382 -0.293822 -0.06513696 -0.9536367 -0.2983854 -0.03928267 -0.9536306 -0.2984043 -0.03928655 -0.9536324 -0.3006873 -0.01312822 -0.9536333 -0.3006844 -0.01312786 -0.9536334 -0.3006844 0.0131281 -0.9536342 -0.3006817 0.01312816 -0.9536359 -0.2983874 0.03928416 -0.9536314 -0.2984024 0.03928506 -0.9536293 -0.2938495 0.06514406 -0.9536341 -0.2938342 0.06514179 -0.9536345 -0.2870381 0.09050172 -0.9536451 -0.2870051 0.09049385 -0.953648 -0.2780176 0.1151595 -0.9536346 -0.2780579 0.1151728 -0.953635 -0.2669591 0.1389715 -0.9536358 -0.2669569 0.1389705 -0.953636 -0.2538295 0.1617062 -0.9536344 -0.2538341 0.1617088 -0.9536345 -0.2387723 0.1832187 -0.9536369 -0.2387657 0.1832143 -0.9536374 -0.2218913 0.2033227 -0.9536464 -0.2218688 0.203305 -0.9536474 -0.2033012 0.2218675 -0.9536351 -0.2033296 0.2218943 -0.9536352 -0.1832155 0.2387717 -0.9536285 -0.1832295 0.2387875 -0.9536283 -0.1617205 0.2538496 -0.953623 -0.1617304 0.2538629 -0.9536226 -0.1389881 0.266995 -0.9536101 -0.1390089 0.2670288 -0.9536091 -0.1152096 0.2781301 -0.953651 -0.1151498 0.2780112 -0.9536514 -0.09048354 0.286987 -0.953615 -0.09052658 0.2870951 -0.9536145 -0.06515467 0.293895 -0.9536333 -0.0651375 0.2938377 -0.9536333 -0.03928577 0.2983962 -0.9536397 -0.0392816 0.2983761 -0.9536397 -0.01312303 0.3006646 -0.9535998 -0.01313781 0.3007906 -0.9535998 0.01312851 0.3007906 -0.9237774 0.01669776 0.3825658 -0.9237772 0.04998272 0.3796543 -0.9237837 0.04998189 0.3796388 -0.9237831 0.08288598 0.373838 -0.9237374 0.08290177 0.3739473 -0.9237377 0.1151722 0.3652998 -0.9237509 0.1151649 0.3652687 -0.9237509 0.1465731 0.3538371 -0.9237334 0.1465862 0.3538771 -0.9237342 0.1768581 0.3397593 -0.9237759 0.1768184 0.3396668 -0.9237747 0.2057515 0.3229656 -0.9237787 0.2057468 0.3229569 -0.9237769 0.2331151 0.3037981 -0.9237625 0.2331345 0.3038278 -0.9237616 0.2587305 0.2823526 -0.9237388 0.2587646 0.2823959 -0.9237398 0.2823919 0.2587656 -0.9237608 0.2823572 0.2587286 -0.9237596 0.3038341 0.2331372 -0.9237346 0.3038794 0.2331777 -0.9237365 0.3230429 0.2058015 -0.9237444 0.3230277 0.2057901 -0.9237451 0.3397315 0.1768546 -0.9237444 0.3397328 0.1768555 -0.9237456 0.3538526 0.1465691 -0.9237324 0.353881 0.1465834 -0.9237363 0.3653005 0.1151804 -0.9237523 0.365265 0.1151663 -0.9237521 0.3739123 0.08289515 -0.9237619 0.3738898 0.0828883 -0.9237573 0.3797021 0.04998713 -0.9237436 0.3797349 0.04999399 -0.923748 0.3826361 0.01670658 -0.9237504 0.3826307 0.01670593 -0.9237503 0.3826307 -0.01670581 -0.923751 0.3826292 -0.01670587 -0.9237522 0.3797141 -0.04999029 -0.9237486 0.3797228 -0.04999077 -0.9237474 0.373924 -0.08289504 -0.9237521 0.3739129 -0.08289343 -0.9237522 0.3652641 -0.115169 -0.9237565 0.365254 -0.1151666 -0.923758 0.3538248 -0.1465575 -0.9237712 0.3537947 -0.1465476 -0.9237754 0.3396667 -0.1768209 -0.923745 0.3397342 -0.1768499 -0.9237443 0.323027 -0.2057913 -0.9237365 0.3230438 -0.2058003 -0.9237346 0.303882 -0.2331739 -0.9237598 0.3038311 -0.2331407 -0.9237607 0.2823548 -0.2587316 -0.923785 0.2823083 -0.258695 -0.9237882 0.2586871 -0.2823053 -0.9237615 0.2587342 -0.2823495 -0.9237623 0.2331293 -0.3038323 -0.9237239 0.233191 -0.3039013 -0.9237222 0.2058193 -0.3230721 -0.9237182 0.2058253 -0.3230801 -0.9237165 0.1768873 -0.3397921 -0.9237341 0.1768649 -0.3397561 -0.9237332 0.1465789 -0.3538804 -0.9237511 0.1465595 -0.3538421 -0.9237511 0.1151735 -0.3652657 -0.9237375 0.1151857 -0.3652961 -0.9237373 0.08289837 -0.3739483 -0.9237179 0.0829119 -0.3739932 -0.9237173 0.05000156 -0.3797975 -0.9237108 0.05000478 -0.3798127 -0.9237106 0.01670825 -0.3827265 -0.9237295 0.01670283 -0.382681 -0.9237295 -0.01670622 -0.382681 -0.9237105 -0.01670479 -0.3827268 -0.923711 -0.05000364 -0.3798128 -0.9237174 -0.05000275 -0.3797973 -0.9237179 -0.08290845 -0.3739938 -0.9237374 -0.08290177 -0.3739473 -0.9237375 -0.1151833 -0.3652967 -0.9237511 -0.1151758 -0.3652648 -0.9237511 -0.1465625 -0.3538408 -0.9237332 -0.146576 -0.3538818 -0.923734 -0.1768677 -0.3397547 -0.9237164 -0.1768845 -0.3397936 -0.9237182 -0.2058246 -0.3230804 -0.9237223 -0.2058199 -0.3230717 -0.923724 -0.2331853 -0.3039053 -0.9237625 -0.2331345 -0.3038278 -0.9237616 -0.2587305 -0.2823526 -0.9237883 -0.2586907 -0.282302 -0.923785 -0.2823115 -0.258692 -0.9237607 -0.2823519 -0.2587349 -0.9237596 -0.3038341 -0.2331372 -0.9237346 -0.3038794 -0.2331777 -0.9237365 -0.3230429 -0.2058015 -0.9237444 -0.3230277 -0.2057901 -0.9237451 -0.3397315 -0.1768546 -0.9237754 -0.3396692 -0.176816 -0.9237711 -0.3537956 -0.1465454 -0.923758 -0.353824 -0.1465598 -0.9237564 -0.3652544 -0.1151659 -0.9237523 -0.3652639 -0.1151698 -0.9237521 -0.373913 -0.08289259 -0.9237474 -0.3739238 -0.08289587 -0.9237486 -0.3797227 -0.04999142 -0.9237522 -0.3797141 -0.04998964 -0.923751 -0.3826292 -0.01670575 -0.9237504 -0.3826307 -0.01670593 -0.9237504 -0.3826307 0.01670634 -0.9237481 -0.3826362 0.01670616 -0.9237435 -0.3797351 0.04999148 -0.9237574 -0.3797017 0.04998964 -0.9237619 -0.3738894 0.08289009 -0.9237521 -0.3739129 0.08289343 -0.9237522 -0.3652641 0.115169 -0.9237364 -0.3653015 0.1151778 -0.9237323 -0.3538818 0.1465812 -0.9237455 -0.3538517 0.1465713 -0.9237446 -0.3397328 0.1768553 -0.923745 -0.3397314 0.1768547 -0.9237443 -0.323027 0.2057913 -0.9237365 -0.3230438 0.2058003 -0.9237346 -0.303882 0.2331739 -0.9237598 -0.3038311 0.2331407 -0.9237607 -0.2823548 0.2587316 -0.9237398 -0.2823945 0.2587628 -0.923739 -0.2587675 0.282393 -0.9237617 -0.2587274 0.2823554 -0.9237625 -0.2331365 0.303826 -0.9237769 -0.2331131 0.3037998 -0.9237787 -0.2057462 0.3229573 -0.9237746 -0.2057522 0.3229653 -0.9237757 -0.1768119 0.3396705 -0.9237341 -0.1768649 0.3397561 -0.9237334 -0.1465892 0.3538759 -0.9237509 -0.1465701 0.3538382 -0.9237509 -0.1151626 0.3652694 -0.9237377 -0.1151745 0.3652991 -0.9237375 -0.08290976 0.3739451 -0.9237831 -0.08287787 0.3738395 -0.9237836 -0.0499807 0.3796389 -0.9237772 -0.04998391 0.3796542 -0.9237775 -0.01670122 0.3825656 -0.9237964 -0.01669579 0.3825201 -0.9237963 0.01669919 0.38252 -0.8868378 0.02015328 0.461641 -0.8868376 0.06032586 0.4581263 -0.8867582 0.06033396 0.4582791 -0.8867594 0.1000438 0.451275 -0.8868327 0.1000241 0.4511352 -0.8868328 0.1389452 0.4407063 -0.8868404 0.1389418 0.4406918 -0.8868402 0.1768379 0.4268991 -0.8868419 0.1768369 0.426896 -0.8868415 0.2133594 0.4098656 -0.8867931 0.2133958 0.4099513 -0.8867954 0.2483165 0.3897857 -0.8868183 0.2482957 0.3897466 -0.8868194 0.2813168 0.366623 -0.8868519 0.2812825 0.3665704 -0.8868505 0.3121638 0.3406608 -0.8868342 0.3121832 0.3406856 -0.8868343 0.3406845 0.3121846 -0.8868514 0.3406618 0.3121604 -0.8868497 0.3665782 0.2812792 -0.8868357 0.3665983 0.2812972 -0.8868353 0.3897173 0.2482809 -0.8868528 0.3896906 0.2482608 -0.8868506 0.4098491 0.2133535 -0.8868361 0.409873 0.2133683 -0.8868361 0.4269109 0.1768301 -0.8868333 0.4269157 0.1768324 -0.8868336 0.4407014 0.1389544 -0.8868321 0.4407042 0.1389555 -0.8868322 0.451138 0.1000155 -0.8868303 0.4511416 0.1000166 -0.8868315 0.4581397 0.06031435 -0.8868383 0.4581268 0.06031161 -0.8868361 0.4616444 0.02015602 -0.8868345 0.4616475 0.02015638 -0.8868345 0.4616475 -0.02015548 -0.8868361 0.4616445 -0.0201556 -0.8868383 0.4581266 -0.06031453 -0.8868316 0.4581395 -0.06031519 -0.8868304 0.4511423 -0.1000133 -0.8868322 0.4511387 -0.1000127 -0.8868322 0.4407043 -0.1389553 -0.8868337 0.4407014 -0.1389546 -0.8868333 0.4269158 -0.1768321 -0.8868361 0.4269108 -0.1768304 -0.8868361 0.409874 -0.2133664 -0.8868506 0.4098481 -0.2133554 -0.8868528 0.3896893 -0.2482631 -0.8868355 0.3897187 -0.2482787 -0.8868356 0.3665943 -0.2813027 -0.8867905 0.3666671 -0.2813501 -0.8867858 0.3407596 -0.3122401 -0.8868342 0.3406862 -0.3121827 -0.886834 0.3121774 -0.3406915 -0.8867789 0.312255 -0.340764 -0.8867748 0.2813779 -0.3666837 -0.8868967 0.281221 -0.3665092 -0.8869004 0.2482083 -0.3896158 -0.8868775 0.2482347 -0.389651 -0.8868796 0.2133255 -0.4098007 -0.8868413 0.2133646 -0.4098632 -0.8868415 0.1768245 -0.4269018 -0.8868404 0.1768255 -0.4269038 -0.8868407 0.1389539 -0.4406876 -0.8868325 0.1389597 -0.4407022 -0.8868325 0.1000134 -0.4511379 -0.8868544 0.1000011 -0.4510975 -0.8868547 0.06030732 -0.4580959 -0.8868378 0.06031399 -0.4581276 -0.886838 0.02016186 -0.4616404 -0.8868952 0.02014851 -0.461531 -0.8868951 -0.02015709 -0.4615309 -0.8868378 -0.02015328 -0.461641 -0.886838 -0.06031239 -0.4581276 -0.8868489 -0.06031125 -0.4581066 -0.8868485 -0.1000068 -0.4511079 -0.8868266 -0.1000127 -0.4511497 -0.8868267 -0.1389619 -0.4407132 -0.8868348 -0.1389583 -0.4406979 -0.8868345 -0.1768296 -0.4269142 -0.8868358 -0.1768289 -0.426912 -0.8868356 -0.2133645 -0.4098756 -0.8868739 -0.2133358 -0.4098079 -0.8868716 -0.2482379 -0.3896623 -0.8868947 -0.2482171 -0.3896232 -0.8868904 -0.2812427 -0.3665076 -0.8867687 -0.2813706 -0.3667042 -0.8867731 -0.3122564 -0.3407777 -0.8868284 -0.3121908 -0.3406939 -0.8868283 -0.3406994 -0.3121851 -0.8867797 -0.3407632 -0.3122532 -0.8867849 -0.3666718 -0.2813621 -0.8868299 -0.3666071 -0.2813041 -0.8868296 -0.3897268 -0.2482869 -0.8868469 -0.3897001 -0.2482668 -0.8868448 -0.4098591 -0.2133587 -0.8868302 -0.4098829 -0.2133734 -0.8868302 -0.4269213 -0.1768344 -0.8868275 -0.4269261 -0.1768367 -0.8868278 -0.4407122 -0.1389577 -0.8868262 -0.4407149 -0.1389589 -0.8868263 -0.4511497 -0.1000149 -0.8868245 -0.4511531 -0.1000159 -0.8868258 -0.4581503 -0.06031763 -0.8868325 -0.4581377 -0.06031495 -0.8868302 -0.4616557 -0.02015584 -0.8868287 -0.4616587 -0.0201562 -0.8868286 -0.4616586 0.02015662 -0.8868302 -0.4616556 0.02015674 -0.8868325 -0.4581378 0.06031411 -0.8868257 -0.4581509 0.06031477 -0.8868244 -0.4511525 0.1000187 -0.8868263 -0.4511489 0.1000182 -0.8868263 -0.4407149 0.1389586 -0.8868278 -0.4407121 0.138958 -0.8868274 -0.4269261 0.1768363 -0.8868303 -0.4269211 0.1768347 -0.8868302 -0.4098839 0.2133715 -0.8868448 -0.4098581 0.2133606 -0.886847 -0.3896988 0.2482691 -0.8868296 -0.3897281 0.2482847 -0.8868299 -0.3666085 0.2813024 -0.8868439 -0.3665858 0.2812877 -0.8868455 -0.3406684 0.31217 -0.8868284 -0.3406944 0.3121903 -0.8868285 -0.3121925 0.3406921 -0.8868448 -0.3121696 0.3406707 -0.886846 -0.2812856 0.3665823 -0.8868135 -0.2813274 0.366629 -0.8868125 -0.2482989 0.3897581 -0.8867895 -0.2483254 0.3897933 -0.8867874 -0.2134073 0.4099577 -0.8868358 -0.2133581 0.4098788 -0.886836 -0.176841 0.4269065 -0.8868343 -0.1768425 0.4269095 -0.8868345 -0.1389442 0.4407029 -0.8868268 -0.1389496 0.4407166 -0.8868268 -0.1000158 0.4511488 -0.8867533 -0.100057 0.4512839 -0.8867526 -0.06034803 0.4582881 -0.8868378 -0.06031399 0.4581276 -0.8868377 -0.02014738 0.4616415 -0.886798 -0.02015662 0.4617174 -0.8867982 0.02015072 0.4617175 -0.8430811 0.02344828 0.5372752 -0.8430819 0.0701912 0.533185 -0.8432236 0.07018017 0.5329621 -0.8432224 0.1163493 0.5248228 -0.8432176 0.1163504 0.5248302 -0.8432161 0.1616489 0.512695 -0.8431623 0.1616677 0.5127775 -0.8431624 0.2057519 0.4967328 -0.8432621 0.2057037 0.4965833 -0.8432576 0.2481968 0.4767755 -0.8432095 0.2482262 0.4768453 -0.843207 0.2888453 0.4533988 -0.8431836 0.2888624 0.4534312 -0.843182 0.3272923 0.4265253 -0.8431116 0.3273524 0.4266184 -0.8431146 0.3632901 0.396457 -0.8431287 0.3632764 0.3964393 -0.8431312 0.3964366 0.3632739 -0.8431374 0.3964298 0.3632667 -0.8431389 0.4265851 0.3273252 -0.8431524 0.4265694 0.3273111 -0.8431528 0.4534667 0.2888967 -0.8431681 0.4534475 0.2888821 -0.8431662 0.4769068 0.2482552 -0.8431231 0.4769641 0.2482912 -0.8431288 0.4967787 0.2057784 -0.8431906 0.4966922 0.205734 -0.8431829 0.5127446 0.1616651 -0.843148 0.5127956 0.1616858 -0.8431506 0.5249325 0.1163745 -0.843143 0.5249439 0.116378 -0.843149 0.5330799 0.07018244 -0.843166 0.5330538 0.07017683 -0.8431589 0.5371528 0.02345263 -0.8431575 0.537155 0.02345287 -0.8431575 0.537155 -0.02345269 -0.8431532 0.5371619 -0.02345246 -0.8431488 0.5330805 -0.07018029 -0.8431663 0.5330531 -0.07017898 -0.8431715 0.5249004 -0.1163673 -0.8431505 0.5249331 -0.1163719 -0.8431479 0.5127954 -0.1616864 -0.8431434 0.5128025 -0.161688 -0.8431402 0.4967647 -0.2057656 -0.8431286 0.496782 -0.2057712 -0.8431231 0.4769632 -0.2482933 -0.8431053 0.476989 -0.2483041 -0.8430975 0.4535448 -0.2889357 -0.8431528 0.4534679 -0.2888951 -0.8431523 0.4265685 -0.3273125 -0.8432194 0.4264798 -0.3272553 -0.8432263 0.3963265 -0.363173 -0.843131 0.396445 -0.3632651 -0.8431288 0.3632751 -0.3964406 -0.843212 0.363179 -0.3963515 -0.8432161 0.3272492 -0.426491 -0.8430774 0.3273956 -0.4266528 -0.8430725 0.2889586 -0.4535766 -0.8430958 0.2889363 -0.4535472 -0.8430928 0.2483162 -0.4770049 -0.843141 0.2482759 -0.4769407 -0.8431401 0.2057651 -0.4967648 -0.8431624 0.2057492 -0.4967338 -0.8431625 0.1616742 -0.5127753 -0.8430903 0.1617171 -0.5128803 -0.8430891 0.1164106 -0.5250231 -0.8432224 0.1163488 -0.5248228 -0.8432233 0.07016229 -0.532965 -0.8432125 0.07016587 -0.5329817 -0.8432127 0.02343851 -0.537069 -0.843075 0.02346551 -0.5372838 -0.8430754 -0.02344793 -0.5372841 -0.843213 -0.02345609 -0.5370677 -0.8432126 -0.0701645 -0.5329819 -0.8432298 -0.07016313 -0.5329546 -0.8432286 -0.1163633 -0.5248098 -0.8430953 -0.1163918 -0.5250173 -0.8430969 -0.1617051 -0.5128733 -0.8431692 -0.1616799 -0.5127626 -0.8431688 -0.205748 -0.4967234 -0.8431466 -0.2057587 -0.4967567 -0.8431472 -0.2482768 -0.4769291 -0.843099 -0.2483062 -0.4769989 -0.8431023 -0.2889335 -0.4535371 -0.843079 -0.2889506 -0.4535696 -0.8430842 -0.3273751 -0.4266551 -0.8432228 -0.3272568 -0.4264718 -0.8432182 -0.3631803 -0.3963372 -0.8431349 -0.3632606 -0.3964406 -0.8431376 -0.3964291 -0.363267 -0.8432331 -0.396327 -0.3631569 -0.8432256 -0.4264772 -0.3272424 -0.8431586 -0.4265554 -0.3273133 -0.843159 -0.4534634 -0.2888839 -0.8431038 -0.4535326 -0.2889364 -0.8431119 -0.4769787 -0.2483014 -0.8431296 -0.4769551 -0.2482866 -0.8431351 -0.4967721 -0.2057687 -0.8431466 -0.4967558 -0.2057604 -0.8431498 -0.5127925 -0.1616855 -0.8431544 -0.5127858 -0.1616828 -0.8431571 -0.5249226 -0.1163723 -0.843178 -0.524891 -0.1163625 -0.8431726 -0.5330435 -0.07017546 -0.8431552 -0.5330702 -0.07018119 -0.8431595 -0.5371517 -0.02345257 -0.8431639 -0.5371448 -0.02345174 -0.8431639 -0.5371449 0.02345228 -0.8431653 -0.5371427 0.02345234 -0.8431724 -0.5330435 0.07017767 -0.8431555 -0.5330702 0.07017898 -0.8431495 -0.5249342 0.1163749 -0.8431571 -0.5249224 0.1163732 -0.8431544 -0.5127872 0.1616786 -0.8431894 -0.5127336 0.1616663 -0.8431969 -0.49668 0.2057375 -0.8431351 -0.4967727 0.2057673 -0.8431298 -0.4769574 0.2482815 -0.8431727 -0.4768953 0.2482554 -0.8431745 -0.453438 0.2888784 -0.8431591 -0.4534593 0.2888897 -0.8431587 -0.4265605 0.3273064 -0.8431455 -0.4265781 0.3273177 -0.8431438 -0.3964219 0.3632605 -0.8431377 -0.3964297 0.3632665 -0.8431352 -0.3632683 0.3964332 -0.8431211 -0.3632845 0.3964483 -0.8431184 -0.3273531 0.4266045 -0.8431886 -0.3272788 0.4265225 -0.8431901 -0.2888595 0.4534211 -0.8432135 -0.2888373 0.4533916 -0.8432161 -0.2482269 0.4768332 -0.8432642 -0.2481866 0.4767692 -0.8432683 -0.2056882 0.4965791 -0.8431686 -0.20576 0.4967189 -0.843169 -0.1616712 0.5127656 -0.8432228 -0.1616392 0.5126872 -0.8432239 -0.1163488 0.5248203 -0.8432288 -0.1163465 0.5248129 -0.8432298 -0.07016098 0.532955 -0.8430815 -0.07021009 0.533183 -0.8430813 -0.02346432 0.537274 -0.8432071 -0.02343964 0.5370778 -0.8432067 0.02345573 0.5370776 -0.793051 0.02657824 0.6085752 -0.793051 0.07950949 0.603944 -0.793023 0.07951116 0.6039807 -0.7930238 0.1318539 0.5947502 -0.7930051 0.1318571 0.5947744 -0.7930065 0.1831959 0.5810162 -0.7929573 0.18321 0.5810793 -0.7929609 0.2331547 0.5628961 -0.7929835 0.2331457 0.5628678 -0.792987 0.2813155 0.540401 -0.7930116 0.2813032 0.5403714 -0.7930143 0.3273282 0.5137943 -0.7929622 0.3273597 0.5138546 -0.7929688 0.3708949 0.4833607 -0.7930372 0.3708467 0.4832851 -0.7930396 0.4115453 0.449131 -0.79312 0.4114813 0.4490479 -0.7931156 0.4490501 0.4114872 -0.7931228 0.4490437 0.4114804 -0.7931181 0.4832119 0.3707693 -0.7930719 0.4832565 0.3708101 -0.7930724 0.5137287 0.3272902 -0.7930836 0.5137172 0.3272813 -0.7930821 0.5402914 0.2812579 -0.7931423 0.540225 0.2812157 -0.79313 0.5626931 0.2330693 -0.7930266 0.5628131 0.2331315 -0.7930368 0.5809786 0.1831843 -0.7930826 0.5809233 0.1831614 -0.7930797 0.5946792 0.1318381 -0.7930903 0.594666 0.131834 -0.7930822 0.6039038 0.07950359 -0.7930541 0.6039395 0.07951146 -0.793066 0.6085559 0.02657073 -0.7930715 0.6085489 0.02656984 -0.7930715 0.6085489 -0.0265696 -0.7930734 0.6085463 -0.02656972 -0.7930763 0.6039112 -0.07950705 -0.7930602 0.6039322 -0.079508 -0.7930537 0.5947132 -0.1318414 -0.7930796 0.5946794 -0.131837 -0.7930825 0.5809219 -0.1831664 -0.7930876 0.5809155 -0.183165 -0.7930914 0.5627368 -0.2330952 -0.7930653 0.5627691 -0.2331054 -0.7930641 0.5403122 -0.2812687 -0.7930822 0.5402903 -0.2812596 -0.793084 0.5137216 -0.3272736 -0.7930722 0.5137351 -0.3272807 -0.7930718 0.4832527 -0.3708152 -0.7930153 0.483315 -0.370855 -0.7930088 0.4491612 -0.4115716 -0.7931157 0.4490504 -0.4114865 -0.7931199 0.4114747 -0.449054 -0.7930396 0.411552 -0.449125 -0.7930371 0.3708407 -0.48329 -0.7931029 0.3707827 -0.4832265 -0.793105 0.3272647 -0.5136947 -0.7931571 0.3272234 -0.5136407 -0.7931615 0.2812106 -0.5401993 -0.793137 0.2812278 -0.5402265 -0.7931397 0.2330656 -0.562681 -0.7931172 0.2330791 -0.5627071 -0.7931187 0.183152 -0.580877 -0.793168 0.1831274 -0.5808175 -0.7931703 0.1318126 -0.594564 -0.7930235 0.1318701 -0.5947471 -0.793023 0.07951426 -0.6039802 -0.7930511 0.07950633 -0.6039443 -0.7930507 0.02656632 -0.608576 -0.793114 0.02655565 -0.6084942 -0.7931138 -0.02656275 -0.6084941 -0.7930506 -0.02655923 -0.6085765 -0.793051 -0.07950949 -0.603944 -0.793023 -0.07951116 -0.6039807 -0.7930238 -0.1318539 -0.5947502 -0.7931706 -0.1318286 -0.59456 -0.793168 -0.1831328 -0.5808159 -0.7931185 -0.1831468 -0.5808789 -0.7931171 -0.2330768 -0.5627081 -0.7931398 -0.2330679 -0.56268 -0.793137 -0.2812253 -0.5402277 -0.7931615 -0.281213 -0.5401982 -0.7931569 -0.3272284 -0.5136376 -0.7931048 -0.3272599 -0.5136979 -0.793103 -0.3707886 -0.4832221 -0.7930369 -0.370835 -0.4832947 -0.7930396 -0.4115453 -0.449131 -0.79312 -0.4114813 -0.4490479 -0.7931156 -0.4490587 -0.4114778 -0.7930085 -0.4491534 -0.4115808 -0.7930154 -0.4833109 -0.3708599 -0.7930719 -0.4832565 -0.3708101 -0.7930724 -0.5137344 -0.3272817 -0.7930839 -0.5137224 -0.3272725 -0.7930821 -0.5402914 -0.2812579 -0.7930641 -0.5403113 -0.2812705 -0.7930654 -0.5627679 -0.2331081 -0.7930915 -0.5627378 -0.2330925 -0.7930876 -0.5809155 -0.1831644 -0.7930824 -0.5809217 -0.1831669 -0.7930796 -0.5946802 -0.1318342 -0.7930536 -0.5947125 -0.1318443 -0.7930603 -0.6039319 -0.07950979 -0.7930763 -0.6039113 -0.07950526 -0.7930734 -0.6085464 -0.02656954 -0.7930715 -0.6085489 -0.02656984 -0.7930715 -0.6085489 0.02657043 -0.7930661 -0.6085559 0.02657014 -0.7930542 -0.6039399 0.0795083 -0.7930822 -0.6039032 0.07950669 -0.7930902 -0.5946658 0.1318352 -0.7930796 -0.5946794 0.131837 -0.7930825 -0.5809219 0.1831664 -0.7930366 -0.5809805 0.1831794 -0.7930269 -0.5628172 0.2331206 -0.7931302 -0.5626883 0.2330799 -0.7931422 -0.5402221 0.2812218 -0.793082 -0.5402945 0.2812519 -0.7930836 -0.5137165 0.3272824 -0.7930725 -0.5137294 0.3272892 -0.793072 -0.4832596 0.3708059 -0.7931182 -0.4832087 0.3707734 -0.7931228 -0.449043 0.4114808 -0.7931157 -0.4490504 0.4114865 -0.7931199 -0.4114747 0.449054 -0.7930396 -0.411552 0.449125 -0.7930371 -0.3708407 0.48329 -0.7929685 -0.3709014 0.4833563 -0.7929624 -0.3273645 0.5138513 -0.7930145 -0.3273232 0.5137972 -0.7930116 -0.2813007 0.5403726 -0.792987 -0.281318 0.5403997 -0.7929835 -0.2331435 0.562869 -0.7929609 -0.233157 0.5628951 -0.7929573 -0.1832153 0.5810775 -0.7930067 -0.1831906 0.5810177 -0.7930052 -0.1318591 0.5947738 -0.7930238 -0.1318518 0.5947506 -0.793023 -0.07951426 0.6039802 -0.7930511 -0.07950633 0.6039443 -0.7930507 -0.02656632 0.608576 -0.7929446 -0.02658426 0.6087136 -0.7929447 0.02657234 0.6087138 -0.7370628 0.02947384 0.6751813 -0.7370618 0.08822327 0.6700422 -0.7369448 0.08822822 0.6701703 -0.7369454 0.1462926 0.6599318 -0.7370595 0.146277 0.6598079 -0.7370567 0.2032388 0.6445474 -0.7369499 0.2032636 0.6446619 -0.73695 0.2586688 0.6244959 -0.7369571 0.2586666 0.6244884 -0.7369571 0.3121112 0.5995672 -0.7369958 0.3120952 0.5995281 -0.7369939 0.3631666 0.5700441 -0.7369713 0.3631778 0.570066 -0.7369706 0.411477 0.5362473 -0.7369645 0.4114804 0.5362528 -0.7369643 0.4566438 0.4983574 -0.7370253 0.4566035 0.4983043 -0.7370194 0.4983088 0.4566079 -0.7368907 0.4984035 0.4567123 -0.7368969 0.5363095 0.4115279 -0.7370285 0.5362038 0.41143 -0.7370194 0.5700252 0.363144 -0.7369185 0.5701127 0.3632117 -0.7369238 0.5995967 0.3121333 -0.7369511 0.5995715 0.3121172 -0.7369521 0.6244927 0.2586708 -0.7369877 0.6244583 0.2586526 -0.7369809 0.6446302 0.2032518 -0.7369616 0.6446495 0.2032599 -0.7369608 0.6599132 0.1462996 -0.7369542 0.6599199 0.1463018 -0.7369555 0.6701587 0.08822613 -0.736957 0.6701573 0.08822584 -0.7369583 0.6752949 0.02948474 -0.7369583 0.6752949 0.02948474 -0.7369583 0.6752949 -0.02948379 -0.7369582 0.6752949 -0.02948379 -0.7369568 0.6701569 -0.08822864 -0.7369557 0.6701582 -0.0882287 -0.7369545 0.6599208 -0.1462966 -0.7369605 0.6599142 -0.1462959 -0.7369617 0.64465 -0.203258 -0.7369809 0.6446294 -0.2032536 -0.7369874 0.6244541 -0.2586634 -0.7369523 0.6244908 -0.2586748 -0.7369512 0.5995746 -0.3121109 -0.7370199 0.599505 -0.3120825 -0.7370303 0.5700092 -0.3631471 -0.7369075 0.5701289 -0.3632086 -0.7369016 0.5363132 -0.4115146 -0.7370235 0.5362001 -0.4114434 -0.7370312 0.4982898 -0.4566096 -0.7368789 0.4984225 -0.4567105 -0.7368718 0.4567233 -0.4984213 -0.7369642 0.4566483 -0.4983533 -0.7369647 0.4114808 -0.5362523 -0.7369704 0.4114766 -0.5362477 -0.7369714 0.3631798 -0.5700648 -0.7369937 0.3631647 -0.5700454 -0.7369955 0.3120919 -0.5995302 -0.736957 0.3121147 -0.5995655 -0.736957 0.2586659 -0.6244887 -0.7369499 0.2586696 -0.6244957 -0.7369497 0.2032549 -0.6446649 -0.7368584 0.2032936 -0.6447569 -0.7368564 0.1463336 -0.6600222 -0.736945 0.146304 -0.6599296 -0.7369446 0.08821934 -0.6701716 -0.7368557 0.08824086 -0.6702666 -0.7368552 0.02950131 -0.6754066 -0.7370299 0.02947545 -0.6752171 -0.7370295 -0.02949303 -0.6752168 -0.7368548 -0.02948373 -0.6754078 -0.7368558 -0.08823198 -0.6702676 -0.7369448 -0.08822822 -0.6701703 -0.7369449 -0.1463127 -0.6599279 -0.7368562 -0.1463249 -0.6600243 -0.7368587 -0.2032847 -0.6447594 -0.7369499 -0.2032636 -0.6446619 -0.73695 -0.2586688 -0.6244959 -0.7369571 -0.2586666 -0.6244884 -0.7369571 -0.3121112 -0.5995672 -0.7369958 -0.3120952 -0.5995281 -0.7369939 -0.3631666 -0.5700441 -0.7369713 -0.3631778 -0.570066 -0.7369706 -0.411477 -0.5362473 -0.7369645 -0.4114804 -0.5362528 -0.7369639 -0.4566555 -0.4983473 -0.7368717 -0.4567165 -0.4984277 -0.7368794 -0.4984119 -0.4567215 -0.7370316 -0.4982998 -0.456598 -0.7370233 -0.5362078 -0.4114338 -0.7369014 -0.5363058 -0.4115245 -0.7369077 -0.5701219 -0.3632189 -0.7370306 -0.5700156 -0.3631364 -0.7370198 -0.5995084 -0.3120765 -0.7369511 -0.5995715 -0.3121172 -0.7369524 -0.6244892 -0.258678 -0.7369875 -0.6244553 -0.2586601 -0.7369809 -0.6446302 -0.2032518 -0.7369616 -0.6446495 -0.2032599 -0.7369605 -0.6599143 -0.1462952 -0.7369543 -0.6599208 -0.1462973 -0.7369557 -0.6701583 -0.08822882 -0.7369569 -0.6701569 -0.08822852 -0.7369582 -0.6752949 -0.02948379 -0.7369583 -0.6752949 -0.02948379 -0.7369583 -0.6752949 0.02948474 -0.7369582 -0.6752949 0.02948474 -0.736957 -0.6701571 0.08822596 -0.7369555 -0.6701586 0.08822602 -0.7369543 -0.65992 0.1463011 -0.7369606 -0.6599131 0.1463003 -0.7369617 -0.64465 0.203258 -0.7369809 -0.6446294 0.2032536 -0.7369875 -0.6244568 0.2586559 -0.7369521 -0.624494 0.2586674 -0.7369511 -0.5995703 0.3121196 -0.7369238 -0.599598 0.3121309 -0.7369188 -0.5701178 0.363203 -0.7370195 -0.5700196 0.3631525 -0.7370281 -0.5361959 0.4114408 -0.7368966 -0.5363178 0.4115176 -0.7368909 -0.4984121 0.4567025 -0.7370198 -0.4982996 0.4566171 -0.737025 -0.4565991 0.4983086 -0.7369642 -0.4566483 0.4983533 -0.7369647 -0.4114808 0.5362523 -0.7369704 -0.4114766 0.5362477 -0.7369714 -0.3631798 0.5700648 -0.7369937 -0.3631647 0.5700454 -0.7369955 -0.3120919 0.5995302 -0.736957 -0.3121147 0.5995655 -0.736957 -0.2586659 0.6244887 -0.7369499 -0.2586696 0.6244957 -0.7369502 -0.2032737 0.6446582 -0.737057 -0.2032284 0.6445503 -0.7370592 -0.1462658 0.6598107 -0.736945 -0.146304 0.6599296 -0.7369451 -0.08823984 0.6701684 -0.7370621 -0.08821153 0.6700434 -0.7370627 -0.02947056 0.6751815 -0.7370299 -0.02947545 0.6752171 -0.7370299 0.02947211 0.6752172 -0.6751034 0.03216975 0.7370215 -0.6751047 0.09628337 0.7314117 -0.6753234 0.09627717 0.7312107 -0.6753216 0.1596397 0.7200388 -0.6750811 0.1596658 0.7202585 -0.6750851 0.2218374 0.7035966 -0.6753012 0.2217969 0.7034021 -0.6752992 0.2822498 0.6814001 -0.6751887 0.2822791 0.6814973 -0.6751913 0.3406069 0.6542963 -0.6751348 0.3406261 0.6543446 -0.6751403 0.3963583 0.6221622 -0.6752493 0.3963131 0.6220726 -0.675249 0.4490051 0.5851778 -0.6754004 0.4489318 0.5850595 -0.6753891 0.4982315 0.5437049 -0.6751009 0.4983901 0.5439172 -0.6751134 0.5438998 0.4983921 -0.6751814 0.5438583 0.4983456 -0.6751878 0.5852153 0.4490485 -0.6751318 0.5852529 0.4490838 -0.6751448 0.622151 0.3963681 -0.675297 0.6220411 0.3962815 -0.6752893 0.654222 0.3405553 -0.6751496 0.6543295 0.3406257 -0.675166 0.6815136 0.2822941 -0.6752139 0.6814749 0.2822733 -0.6752197 0.7034765 0.2218089 -0.675249 0.7034518 0.2217982 -0.6752465 0.7201088 0.1596419 -0.6752166 0.720135 0.1596505 -0.6752285 0.7312981 0.09627866 -0.6752666 0.731264 0.09627062 -0.6752508 0.7368862 0.03217345 -0.675246 0.7368906 0.03217411 -0.675246 0.7368906 -0.03217369 -0.67524 0.7368961 -0.03217333 -0.6752342 0.7312934 -0.09627503 -0.6752608 0.7312689 -0.09627425 -0.6752701 0.7200866 -0.159642 -0.6751927 0.7201572 -0.1596503 -0.6751748 0.7035179 -0.2218147 -0.6752197 0.7034773 -0.2218063 -0.6752138 0.6814733 -0.2822774 -0.6752611 0.6814315 -0.2822648 -0.6752641 0.6542376 -0.3405752 -0.6751749 0.6543139 -0.3406057 -0.6751637 0.6221431 -0.3963485 -0.6752782 0.6220489 -0.396301 -0.675283 0.5851461 -0.4489954 -0.6751875 0.5852208 -0.4490416 -0.675181 0.5438543 -0.4983503 -0.6752811 0.5437805 -0.4982952 -0.6752842 0.4982841 -0.543787 -0.6752066 0.4983373 -0.5438346 -0.6752037 0.4490447 -0.5851997 -0.6752488 0.4490163 -0.5851696 -0.6752489 0.3963049 -0.6220783 -0.6751402 0.3963668 -0.6221569 -0.6751347 0.3406308 -0.6543422 -0.6751914 0.3406022 -0.6542986 -0.6751889 0.2822885 -0.6814934 -0.6752995 0.2822404 -0.6814038 -0.6753007 0.221778 -0.7034085 -0.6753218 0.2217704 -0.7033907 -0.6753237 0.1596393 -0.7200369 -0.6753217 0.1596398 -0.7200387 -0.675323 0.09625732 -0.7312136 -0.6753507 0.09625148 -0.7311888 -0.6753513 0.03216803 -0.7367944 -0.6751915 0.03218907 -0.7369399 -0.6751918 -0.03217434 -0.7369403 -0.6753516 -0.03218269 -0.7367935 -0.6753506 -0.09625399 -0.7311885 -0.675323 -0.09625482 -0.7312141 -0.6753216 -0.1596397 -0.7200388 -0.6753237 -0.1596395 -0.7200369 -0.6753217 -0.2217723 -0.7033901 -0.6753007 -0.2217762 -0.703409 -0.6752992 -0.2822498 -0.6814001 -0.6751887 -0.2822791 -0.6814973 -0.6751913 -0.3406069 -0.6542963 -0.6751348 -0.3406261 -0.6543446 -0.6751403 -0.3963583 -0.6221622 -0.6752493 -0.3963131 -0.6220726 -0.6752488 -0.4490196 -0.5851671 -0.6752037 -0.4490414 -0.5852023 -0.6752069 -0.4983319 -0.5438393 -0.6752842 -0.4982893 -0.5437822 -0.6752809 -0.5437869 -0.4982886 -0.6751809 -0.5438481 -0.4983571 -0.6751878 -0.5852153 -0.4490485 -0.675283 -0.5851514 -0.4489884 -0.6752779 -0.6220548 -0.3962923 -0.6751635 -0.6221374 -0.3963575 -0.6751751 -0.65431 -0.340613 -0.6752644 -0.6542412 -0.3405679 -0.675261 -0.6814333 -0.2822608 -0.6752138 -0.6814717 -0.2822814 -0.6752197 -0.7034786 -0.2218024 -0.6751745 -0.7035167 -0.2218187 -0.675193 -0.7201556 -0.1596572 -0.6752703 -0.720088 -0.159635 -0.6752607 -0.7312692 -0.09627187 -0.6752341 -0.731293 -0.09627747 -0.67524 -0.736896 -0.03217393 -0.675246 -0.7368906 -0.03217309 -0.675246 -0.7368906 0.03217369 -0.6752508 -0.7368861 0.03217393 -0.6752664 -0.7312636 0.09627413 -0.6752284 -0.7312987 0.09627521 -0.6752167 -0.7201355 0.1596478 -0.6752465 -0.7201081 0.1596446 -0.6752491 -0.703451 0.2218008 -0.6752197 -0.7034773 0.2218063 -0.6752138 -0.6814733 0.2822774 -0.675166 -0.6815153 0.2822901 -0.6751499 -0.6543353 0.3406143 -0.6752896 -0.6542158 0.3405666 -0.6752966 -0.6220338 0.3962934 -0.6751447 -0.6221586 0.3963563 -0.675132 -0.5852558 0.4490795 -0.6751878 -0.5852121 0.4490524 -0.675181 -0.5438543 0.4983503 -0.6751134 -0.5439042 0.4983876 -0.6751017 -0.4984092 0.5438988 -0.6753897 -0.4982116 0.5437223 -0.6754 -0.448921 0.5850682 -0.6752488 -0.4490163 0.5851696 -0.6752489 -0.3963049 0.6220783 -0.6751402 -0.3963668 0.6221569 -0.6751347 -0.3406308 0.6543422 -0.6751914 -0.3406022 0.6542986 -0.6751889 -0.2822885 0.6814934 -0.6752995 -0.2822404 0.6814038 -0.6753007 -0.221778 0.7034085 -0.6750848 -0.2218564 0.7035909 -0.6750817 -0.1596873 0.7202533 -0.6753222 -0.159618 0.7200431 -0.675323 -0.09625732 0.7312136 -0.6751043 -0.09630334 0.7314094 -0.6751036 -0.03217786 0.737021 -0.6751919 -0.03216624 0.7369404 -0.6751918 0.03217434 0.7369403 -0.6085599 0.0346111 0.7927527 -0.6085584 0.1035832 0.7867192 -0.6083362 0.1035867 0.7868906 -0.6083372 0.1717892 0.7748641 -0.6084037 0.1717837 0.7748131 -0.6084033 0.2386416 0.7568987 -0.6084188 0.2386393 0.7568869 -0.6084183 0.3036952 0.7332096 -0.6085827 0.30366 0.7330877 -0.6085749 0.3664005 0.7038376 -0.6085339 0.3664119 0.7038671 -0.6085266 0.4263693 0.6692569 -0.6084426 0.4263978 0.669315 -0.6084396 0.4831172 0.6296023 -0.608204 0.4832112 0.6297578 -0.6082171 0.536264 0.5852288 -0.6083788 0.5361904 0.5851283 -0.608379 0.5851382 0.5361794 -0.6083742 0.5851407 0.5361822 -0.6083755 0.6296412 0.4831473 -0.6084682 0.6295896 0.4830977 -0.6084598 0.6693005 0.4263958 -0.6083519 0.6693654 0.4264481 -0.6083573 0.7039906 0.3664678 -0.6084151 0.7039535 0.366443 -0.608411 0.7332115 0.3037055 -0.6083818 0.7332311 0.3037164 -0.6083846 0.7569087 0.2386578 -0.608402 0.7568964 0.2386523 -0.6083999 0.7748191 0.1717693 -0.6083849 0.7748303 0.1717731 -0.6083868 0.786851 0.1035912 -0.6083716 0.7868623 0.1035939 -0.6083837 0.7928876 0.03461927 -0.6083921 0.7928813 0.03461831 -0.6083921 0.7928813 -0.03461796 -0.6083962 0.7928781 -0.03461813 -0.6084091 0.786834 -0.1035889 -0.6083866 0.7868513 -0.1035892 -0.6083847 0.7748295 -0.1717771 -0.6084001 0.7748178 -0.1717758 -0.6084021 0.756898 -0.2386467 -0.6083844 0.7569114 -0.2386494 -0.6083819 0.7332321 -0.303714 -0.6084111 0.7332105 -0.3037078 -0.6084148 0.7039462 -0.3664574 -0.6083576 0.7039874 -0.3664734 -0.6083526 0.6693769 -0.426429 -0.6084599 0.6693027 -0.4263925 -0.6084681 0.6295849 -0.4831041 -0.6083757 0.6296458 -0.483141 -0.6083742 0.5851409 -0.5361819 -0.6083791 0.5851377 -0.5361797 -0.6083787 0.5361804 -0.5851376 -0.6084291 0.5361511 -0.585112 -0.6084322 0.4831206 -0.6296068 -0.6084398 0.4831166 -0.6296026 -0.6084428 0.4264038 -0.6693111 -0.6085269 0.426363 -0.6692604 -0.6085336 0.366396 -0.7038757 -0.6083205 0.3664875 -0.7040122 -0.6083179 0.3037456 -0.7332722 -0.6084177 0.3037083 -0.7332046 -0.6084188 0.2386381 -0.7568873 -0.6084033 0.2386429 -0.7568982 -0.6084035 0.1717782 -0.7748145 -0.6083371 0.1717948 -0.7748629 -0.6083362 0.1035814 -0.7868914 -0.6082744 0.1035928 -0.7869376 -0.6082737 0.03464293 -0.792971 -0.6085354 0.03461194 -0.7927715 -0.608535 -0.03463423 -0.7927709 -0.6082732 -0.0346207 -0.7929722 -0.6082745 -0.1035876 -0.7869383 -0.6083362 -0.1035867 -0.7868906 -0.6083372 -0.1717892 -0.7748641 -0.6084037 -0.1717837 -0.7748131 -0.6084033 -0.2386416 -0.7568987 -0.6084188 -0.2386393 -0.7568869 -0.6084175 -0.3037163 -0.7332016 -0.6083176 -0.3037378 -0.7332755 -0.608321 -0.3664712 -0.7040202 -0.6085339 -0.3664119 -0.7038671 -0.6085266 -0.4263693 -0.6692569 -0.6084426 -0.4263978 -0.669315 -0.6084396 -0.4831172 -0.6296023 -0.6084322 -0.4831202 -0.6296072 -0.6084287 -0.5361545 -0.5851094 -0.6083784 -0.5361773 -0.5851407 -0.608379 -0.5851382 -0.5361794 -0.6083742 -0.5851407 -0.5361822 -0.6083755 -0.6296412 -0.4831473 -0.6084682 -0.6295896 -0.4830977 -0.6084598 -0.6693075 -0.4263848 -0.6083522 -0.6693723 -0.4264369 -0.6083579 -0.703985 -0.3664776 -0.6084149 -0.7039485 -0.3664532 -0.608411 -0.7332115 -0.3037055 -0.6083818 -0.7332311 -0.3037164 -0.6083843 -0.756911 -0.2386508 -0.6084021 -0.7568985 -0.2386453 -0.6084001 -0.774818 -0.1717745 -0.6083848 -0.7748292 -0.1717783 -0.6083868 -0.786851 -0.1035912 -0.6084091 -0.7868342 -0.103587 -0.6083962 -0.7928781 -0.03461778 -0.6083921 -0.7928813 -0.03461831 -0.608392 -0.7928813 0.03461903 -0.6083837 -0.7928876 0.03461855 -0.6083717 -0.7868624 0.1035926 -0.6083867 -0.7868508 0.1035924 -0.6083849 -0.7748305 0.1717719 -0.6084 -0.774819 0.1717706 -0.6084018 -0.756896 0.2386538 -0.6083846 -0.7569091 0.2386564 -0.6083819 -0.7332321 0.303714 -0.6084111 -0.7332105 0.3037078 -0.6084149 -0.7039514 0.3664475 -0.6083573 -0.7039929 0.3664635 -0.6083523 -0.66937 0.4264401 -0.6084601 -0.6692954 0.4264035 -0.6084681 -0.6295849 0.4831041 -0.6083757 -0.6296458 0.483141 -0.6083742 -0.5851409 0.5361819 -0.6083791 -0.5851377 0.5361797 -0.6083787 -0.5361804 0.5851376 -0.6082171 -0.5362741 0.5852196 -0.6082041 -0.483227 0.6297455 -0.6084402 -0.483101 0.6296142 -0.6084428 -0.4264038 0.6693111 -0.6085269 -0.426363 0.6692604 -0.608534 -0.366415 0.7038654 -0.608575 -0.3663973 0.7038391 -0.6085825 -0.3036471 0.7330932 -0.6084177 -0.3037083 0.7332046 -0.6084188 -0.2386381 0.7568873 -0.6084033 -0.2386429 0.7568982 -0.6084035 -0.1717782 0.7748145 -0.6083371 -0.1717948 0.7748629 -0.6083366 -0.1036054 0.7868879 -0.6085588 -0.1035644 0.7867213 -0.6085599 -0.03460901 0.7927528 -0.6085354 -0.03461194 0.7927715 -0.6085355 0.03460985 0.7927715 -0.5369011 0.03679579 0.8428424 -0.5369015 0.1101168 0.8364276 -0.5370406 0.1101163 0.8363383 -0.5370389 0.1825786 0.8235621 -0.5371254 0.1825734 0.8235067 -0.5371212 0.2536408 0.804467 -0.5371042 0.2536428 0.8044778 -0.5370994 0.3228054 0.779308 -0.5369123 0.3228371 0.7794238 -0.5369129 0.3895633 0.7483082 -0.5367748 0.389594 0.7483912 -0.5367827 0.4533295 0.7115874 -0.5368636 0.4533073 0.7115406 -0.5368682 0.5135851 0.6693301 -0.537034 0.5135315 0.6692385 -0.537027 0.5699111 0.6219353 -0.5369174 0.5699517 0.6219926 -0.5369201 0.621982 0.5699606 -0.5371052 0.6219052 0.5698701 -0.5370883 0.6692141 0.5135062 -0.5370203 0.6692451 0.5135369 -0.5370113 0.7114632 0.4532538 -0.5369802 0.7114785 0.4532665 -0.5369759 0.7482821 0.3895267 -0.5370039 0.7482672 0.3895164 -0.5369914 0.7793732 0.3228277 -0.5370081 0.7793639 0.3228225 -0.5369933 0.8045432 0.25367 -0.5369076 0.8045932 0.253693 -0.536916 0.8236384 0.182595 -0.5369515 0.8236171 0.1825873 -0.5369468 0.8363988 0.1101145 -0.5369498 0.836397 0.110114 -0.5369444 0.8428148 0.03679847 -0.5369352 0.8428205 0.03679949 -0.5369352 0.8428207 -0.03679764 -0.5369444 0.8428148 -0.03679805 -0.5369498 0.836397 -0.1101142 -0.5369468 0.8363988 -0.1101142 -0.5369514 0.8236165 -0.1825901 -0.5369862 0.8235942 -0.1825881 -0.5370051 0.8045336 -0.2536752 -0.5368958 0.8046026 -0.2536877 -0.536884 0.7794364 -0.3228539 -0.5368672 0.7794467 -0.3228567 -0.5368544 0.7483506 -0.3895623 -0.5369759 0.7482774 -0.3895353 -0.5369802 0.7114799 -0.4532644 -0.5368367 0.7115631 -0.4533038 -0.5368229 0.6693482 -0.5136091 -0.5368912 0.6693103 -0.5135869 -0.536886 0.6220098 -0.5699624 -0.5369198 0.6219922 -0.5699498 -0.5369176 0.5699581 -0.6219866 -0.5370271 0.5699046 -0.621941 -0.5370339 0.513521 -0.6692466 -0.5368677 0.5135958 -0.6693223 -0.5368632 0.453302 -0.7115443 -0.5367825 0.4533351 -0.7115842 -0.5367745 0.3895835 -0.7483968 -0.5369136 0.3895328 -0.7483234 -0.5369125 0.3228509 -0.7794179 -0.5367995 0.3228867 -0.7794809 -0.536795 0.2537033 -0.804665 -0.5368119 0.2536987 -0.8046552 -0.5368086 0.1826103 -0.823705 -0.5367221 0.182629 -0.8237573 -0.5367189 0.110132 -0.8365427 -0.5369017 0.1101023 -0.8364293 -0.5369014 0.03680896 -0.8428416 -0.5367423 0.03682607 -0.8429422 -0.5367426 -0.03681337 -0.8429426 -0.5369016 -0.03682166 -0.8428409 -0.5369015 -0.1101168 -0.8364276 -0.5367186 -0.1101176 -0.8365449 -0.5367223 -0.1826222 -0.8237587 -0.5368089 -0.182617 -0.8237034 -0.5368118 -0.2537001 -0.8046548 -0.536795 -0.253702 -0.8046655 -0.5367996 -0.3228784 -0.7794843 -0.5369127 -0.3228591 -0.7794143 -0.5369135 -0.3895427 -0.7483184 -0.5367743 -0.3895738 -0.7484021 -0.5367827 -0.4533295 -0.7115874 -0.5368636 -0.4533073 -0.7115406 -0.5368682 -0.5135851 -0.6693301 -0.537034 -0.5135315 -0.6692385 -0.537027 -0.5699111 -0.6219353 -0.5369174 -0.5699517 -0.6219926 -0.5369195 -0.6219941 -0.5699481 -0.5368861 -0.622008 -0.5699643 -0.5368909 -0.6693138 -0.5135828 -0.5368229 -0.6693448 -0.5136134 -0.5368371 -0.7115567 -0.4533134 -0.5369806 -0.7114859 -0.4532546 -0.5369759 -0.7482821 -0.3895267 -0.536854 -0.7483463 -0.3895711 -0.5368674 -0.779446 -0.3228579 -0.536884 -0.7794368 -0.3228526 -0.5368961 -0.8045998 -0.2536961 -0.5370053 -0.8045362 -0.2536668 -0.5369861 -0.8235948 -0.1825853 -0.5369514 -0.8236159 -0.1825929 -0.5369468 -0.8363988 -0.1101145 -0.5369498 -0.836397 -0.110114 -0.5369444 -0.8428148 -0.03679734 -0.5369352 -0.8428205 -0.03679835 -0.5369352 -0.8428206 0.03679871 -0.5369445 -0.8428147 0.03679919 -0.5369498 -0.836397 0.1101142 -0.5369468 -0.8363988 0.1101142 -0.5369514 -0.8236165 0.1825901 -0.536916 -0.8236391 0.1825922 -0.5369078 -0.8045951 0.2536864 -0.5369935 -0.8045411 0.2536765 -0.537008 -0.7793635 0.3228237 -0.5369912 -0.7793738 0.3228265 -0.5370041 -0.748266 0.3895183 -0.5369758 -0.748283 0.3895246 -0.5369802 -0.7114799 0.4532644 -0.5370112 -0.711462 0.4532559 -0.5370203 -0.6692485 0.5135326 -0.5370886 -0.6692106 0.5135105 -0.5371048 -0.6218953 0.5698812 -0.5369198 -0.6219922 0.5699498 -0.5369176 -0.5699581 0.6219866 -0.5370271 -0.5699046 0.621941 -0.5370339 -0.513521 0.6692466 -0.5368677 -0.5135958 0.6693223 -0.5368632 -0.453302 0.7115443 -0.5367825 -0.4533351 0.7115842 -0.5367751 -0.3896037 0.7483859 -0.5369132 -0.3895533 0.7483131 -0.5369125 -0.3228509 0.7794179 -0.5370995 -0.3227915 0.7793136 -0.5371043 -0.2536441 0.8044772 -0.5371212 -0.2536395 0.8044674 -0.5371253 -0.1825667 0.8235083 -0.5370387 -0.1825854 0.8235606 -0.5370404 -0.1101053 0.83634 -0.5369012 -0.1101279 0.8364263 -0.5369008 -0.03678315 0.8428431 -0.5367429 -0.03680014 0.842943 -0.5367431 0.03678756 0.8429433 -0.4614448 0.03868085 0.8863253 -0.4614446 0.11581 0.8795777 -0.4612825 0.1158088 0.8796629 -0.4612845 0.1920322 0.8662217 -0.4613338 0.1920303 0.866196 -0.4613354 0.2667977 0.8461611 -0.4611962 0.2668094 0.8462333 -0.4612025 0.3395615 0.8197501 -0.4611507 0.3395682 0.8197765 -0.4611606 0.4097147 0.7870609 -0.4614281 0.4096685 0.7869281 -0.4614271 0.4766694 0.7482456 -0.4615814 0.4766361 0.7481716 -0.4615705 0.5400304 0.7037895 -0.4615264 0.5400418 0.7038098 -0.4615176 0.5993481 0.6540516 -0.4614477 0.5993688 0.6540819 -0.4614437 0.6540898 0.5993632 -0.4612507 0.654154 0.5994418 -0.4612655 0.7039105 0.5401334 -0.4613029 0.7038968 0.5401193 -0.4613142 0.7482905 0.4767079 -0.4612298 0.7483242 0.4767369 -0.461253 0.7870157 0.4096973 -0.4613393 0.786979 0.4096708 -0.4613515 0.8196792 0.3395302 -0.4614381 0.8196402 0.3395069 -0.4614297 0.8461176 0.2667728 -0.4613592 0.8461511 0.2667889 -0.4613702 0.866177 0.1920279 -0.461402 0.8661615 0.192022 -0.461403 0.8796007 0.1158007 -0.4613838 0.8796104 0.1158034 -0.4613948 0.8863505 0.03870022 -0.4614065 0.8863444 0.03869903 -0.4614066 0.8863444 -0.03869873 -0.4613948 0.8863506 -0.03869813 -0.4613838 0.8796106 -0.115802 -0.4614031 0.8796005 -0.1158021 -0.4614021 0.866161 -0.1920244 -0.4613704 0.8661776 -0.1920257 -0.4613589 0.8461502 -0.2667916 -0.4614298 0.8461134 -0.2667856 -0.4614381 0.8196417 -0.3395034 -0.4614887 0.8196157 -0.3394968 -0.4615048 0.7868996 -0.4096369 -0.4614186 0.7869424 -0.4096518 -0.4614225 0.7482431 -0.4766777 -0.4615073 0.7482025 -0.4766594 -0.4615212 0.7038051 -0.5400524 -0.4614839 0.7038221 -0.540062 -0.4614931 0.6540708 -0.5993458 -0.4614433 0.6540925 -0.5993606 -0.4614476 0.5993579 -0.654092 -0.4612534 0.5994369 -0.6541564 -0.461242 0.5401345 -0.7039251 -0.4612864 0.5401178 -0.7039089 -0.4612794 0.4767299 -0.7482981 -0.4614268 0.4766793 -0.7482394 -0.4614275 0.4096507 -0.7869378 -0.4614788 0.4096349 -0.786916 -0.4614824 0.3395059 -0.8196157 -0.461534 0.339492 -0.8195924 -0.4615384 0.2667659 -0.8460605 -0.4616774 0.2667341 -0.8459946 -0.4616837 0.1919872 -0.8660191 -0.4616345 0.1919964 -0.8660433 -0.4616379 0.1157702 -0.8794816 -0.4614449 0.1157978 -0.8795793 -0.4614453 0.03871178 -0.8863236 -0.4614959 0.03870677 -0.8862976 -0.4614959 -0.03871059 -0.8862974 -0.4614453 -0.03870797 -0.8863238 -0.4614452 -0.1157833 -0.879581 -0.461638 -0.1157847 -0.8794795 -0.4616345 -0.1919928 -0.8660441 -0.4616838 -0.1919909 -0.8660182 -0.4616772 -0.2667442 -0.8459916 -0.4615382 -0.2667559 -0.8460637 -0.4615339 -0.3394955 -0.8195909 -0.461482 -0.3395023 -0.8196173 -0.4614787 -0.4096384 -0.7869141 -0.4614277 -0.4096472 -0.7869395 -0.4614267 -0.4766887 -0.7482334 -0.461279 -0.4767206 -0.7483042 -0.4612863 -0.5401206 -0.7039069 -0.4612419 -0.5401319 -0.7039272 -0.4612537 -0.599426 -0.6541662 -0.4614477 -0.5993688 -0.6540819 -0.4614437 -0.6540898 -0.5993632 -0.4614933 -0.6540734 -0.599343 -0.461484 -0.7038204 -0.5400642 -0.4615212 -0.7038068 -0.5400502 -0.461507 -0.748206 -0.476654 -0.4614225 -0.7482396 -0.476683 -0.4614189 -0.7869392 -0.4096575 -0.4615048 -0.7869026 -0.409631 -0.4614889 -0.8196172 -0.3394932 -0.4614381 -0.8196402 -0.3395069 -0.4614298 -0.8461151 -0.2667805 -0.4613589 -0.8461486 -0.2667967 -0.4613702 -0.866177 -0.1920279 -0.461402 -0.8661615 -0.192022 -0.461403 -0.8796007 -0.1158007 -0.4613838 -0.8796104 -0.1158034 -0.4613949 -0.8863505 -0.03869903 -0.4614066 -0.8863444 -0.03869783 -0.4614065 -0.8863443 0.03869992 -0.4613948 -0.8863505 0.03869932 -0.4613838 -0.8796106 0.115802 -0.4614031 -0.8796005 0.1158021 -0.4614021 -0.866161 0.1920244 -0.4613704 -0.8661776 0.1920257 -0.4613592 -0.8461526 0.2667838 -0.4614297 -0.8461159 0.2667778 -0.4614381 -0.8196376 0.3395129 -0.4613516 -0.8196818 0.3395241 -0.4613392 -0.7869759 0.4096766 -0.461253 -0.7870188 0.4096915 -0.4612296 -0.7483277 0.4767315 -0.4613146 -0.7482869 0.4767132 -0.4613027 -0.7038952 0.5401216 -0.4612657 -0.7039123 0.5401312 -0.4612512 -0.6541636 0.5994308 -0.4614437 -0.65408 0.5993741 -0.4614481 -0.5993725 0.6540782 -0.4615179 -0.5993441 0.6540551 -0.4615267 -0.5400443 0.7038076 -0.4615708 -0.5400277 0.7037914 -0.4615813 -0.4766262 0.7481779 -0.4614268 -0.4766793 0.7482394 -0.4614275 -0.4096507 0.7869378 -0.4611602 -0.4097328 0.7870516 -0.461151 -0.3395718 0.8197748 -0.4612026 -0.3395578 0.8197515 -0.4611961 -0.2668194 0.8462302 -0.4613355 -0.2667876 0.8461643 -0.4613336 -0.1920266 0.8661969 -0.4612844 -0.1920359 0.8662211 -0.4612828 -0.115821 0.8796612 -0.4614449 -0.1157978 0.8795793 -0.4614449 -0.03868472 0.8863251 -0.4614964 -0.03867965 0.8862985 -0.4614964 0.03868353 0.8862984 -0.3823888 0.04029077 0.9231227 -0.3823888 0.1206023 0.9160971 -0.3826076 0.1206063 0.9160053 -0.3826033 0.1999973 0.9020065 -0.3821721 0.2000054 0.9021875 -0.3821769 0.2778561 0.8813266 -0.382563 0.2778348 0.8811659 -0.3825572 0.353581 0.8535987 -0.3825764 0.3535792 0.8535907 -0.3825684 0.4266231 0.8195329 -0.3825122 0.4266302 0.8195554 -0.3825051 0.4964407 0.7792539 -0.3823015 0.4964735 0.7793328 -0.3823058 0.56252 0.7330849 -0.3821899 0.5625424 0.7331281 -0.3822032 0.6243017 0.6812989 -0.3823539 0.6242676 0.6812455 -0.3823559 0.681255 0.624256 -0.3823612 0.6812537 0.6242544 -0.3823624 0.7330653 0.5625072 -0.3823895 0.7330576 0.5624988 -0.3823862 0.7792917 0.4964729 -0.3825649 0.7792362 0.4964222 -0.3825374 0.8195495 0.4266189 -0.3823605 0.8196086 0.4266641 -0.3823626 0.8536742 0.3536087 -0.3823249 0.8536876 0.3536173 -0.3823361 0.8812565 0.2778595 -0.3824387 0.8812183 0.2778397 -0.3824206 0.9020866 0.1999856 -0.3823757 0.9021041 0.1999928 -0.382372 0.9161031 0.1206095 -0.3824162 0.9160855 0.1206039 -0.38239 0.9231216 0.04030448 -0.3823731 0.9231286 0.04030603 -0.3823732 0.9231286 -0.04030478 -0.382373 0.9231286 -0.04030478 -0.3823654 0.9161064 -0.1206062 -0.3823719 0.9161037 -0.1206063 -0.3823757 0.9021034 -0.1999956 -0.3823364 0.9021199 -0.1999964 -0.3823217 0.8812648 -0.2778532 -0.3824533 0.88121 -0.2778459 -0.3824741 0.8536317 -0.3535911 -0.3823624 0.8536775 -0.3536013 -0.3823604 0.8196085 -0.4266644 -0.3823581 0.8196094 -0.4266646 -0.3823558 0.7793104 -0.4964669 -0.382386 0.7792987 -0.496462 -0.3823893 0.7330564 -0.5625004 -0.3823622 0.7330665 -0.5625056 -0.3823613 0.6812534 -0.6242545 -0.3823559 0.6812552 -0.6242557 -0.3823539 0.6242596 -0.681253 -0.38249 0.6242142 -0.681218 -0.3824989 0.5624713 -0.7330216 -0.3826144 0.5624355 -0.7329887 -0.3826299 0.4964129 -0.7792102 -0.3825053 0.4964482 -0.7792489 -0.3825123 0.4266338 -0.8195535 -0.3825685 0.4266194 -0.8195347 -0.3825758 0.353554 -0.8536015 -0.3821976 0.3536391 -0.8537355 -0.3821922 0.2778798 -0.8813126 -0.3821766 0.2778829 -0.8813185 -0.382172 0.2000091 -0.9021868 -0.3822241 0.2000007 -0.9021665 -0.3822218 0.1206113 -0.9161655 -0.3823891 0.1205903 -0.9160986 -0.3823891 0.04031342 -0.9231216 -0.3823122 0.04032039 -0.9231531 -0.3823123 -0.04031479 -0.9231534 -0.3823892 -0.04031896 -0.9231212 -0.3823888 -0.1206023 -0.9160971 -0.3822215 -0.1205993 -0.9161673 -0.382224 -0.2000044 -0.9021658 -0.3821721 -0.2000054 -0.9021875 -0.3821766 -0.2778818 -0.8813187 -0.3821921 -0.2778809 -0.8813123 -0.3821982 -0.3536137 -0.8537458 -0.3825764 -0.3535792 -0.8535907 -0.3825684 -0.4266231 -0.8195329 -0.3825122 -0.4266302 -0.8195554 -0.3825051 -0.4964407 -0.7792539 -0.3826299 -0.4964206 -0.7792055 -0.3826146 -0.5624421 -0.7329835 -0.3824985 -0.5624647 -0.7330268 -0.3824896 -0.6242216 -0.6812115 -0.3823536 -0.6242523 -0.6812597 -0.3823559 -0.681255 -0.624256 -0.3823612 -0.6812537 -0.6242544 -0.3823624 -0.7330653 -0.5625072 -0.3823895 -0.7330576 -0.5624988 -0.3823857 -0.7792999 -0.4964602 -0.3823559 -0.7793092 -0.4964686 -0.3823581 -0.8196094 -0.4266648 -0.3823605 -0.8196086 -0.4266641 -0.3823626 -0.8536742 -0.3536087 -0.3824739 -0.8536347 -0.3535836 -0.382453 -0.881213 -0.2778369 -0.3823216 -0.8812619 -0.2778623 -0.3823366 -0.9021192 -0.1999991 -0.3823757 -0.9021041 -0.1999928 -0.3823719 -0.9161038 -0.1206059 -0.3823654 -0.9161063 -0.1206067 -0.382373 -0.9231286 -0.04030478 -0.3823731 -0.9231285 -0.04030478 -0.3823732 -0.9231286 0.04030478 -0.38239 -0.9231215 0.04030573 -0.3824161 -0.916085 0.1206071 -0.3823719 -0.9161037 0.1206063 -0.3823756 -0.9021047 0.1999896 -0.3824206 -0.902086 0.1999889 -0.3824386 -0.8812161 0.2778468 -0.3823363 -0.8812588 0.2778524 -0.3823254 -0.8536885 0.3536146 -0.3823626 -0.8536732 0.3536112 -0.3823606 -0.8196144 0.4266527 -0.3825377 -0.8195434 0.4266303 -0.3825645 -0.7792294 0.4964332 -0.382386 -0.7792987 0.496462 -0.3823893 -0.7330564 0.5625004 -0.3823622 -0.7330665 0.5625056 -0.3823613 -0.6812534 0.6242545 -0.3823559 -0.6812552 0.6242557 -0.3823539 -0.6242596 0.681253 -0.3822029 -0.6243098 0.6812916 -0.3821904 -0.562549 0.7331228 -0.3823059 -0.5625132 0.73309 -0.3823017 -0.4964858 0.7793248 -0.3825057 -0.4964281 0.7792615 -0.3825123 -0.4266338 0.8195535 -0.3825685 -0.4266194 0.8195347 -0.3825761 -0.3535779 0.8535913 -0.3825569 -0.3535823 0.8535982 -0.3825625 -0.2778082 0.8811746 -0.3821766 -0.2778829 0.8813185 -0.3821727 -0.2000359 0.9021806 -0.3826038 -0.1999667 0.9020131 -0.3826074 -0.1205905 0.9160075 -0.3823887 -0.1206181 0.9160951 -0.3823887 -0.04028528 0.923123 -0.3823126 -0.0402922 0.9231542 -0.3823127 0.04028666 0.9231543 -0.300166 0.04158824 0.9529799 -0.3001686 0.1244881 0.945728 -0.300381 0.1244942 0.9456598 -0.300382 0.2064582 0.9312067 -0.3005706 0.2064582 0.9311457 -0.3005673 0.2867957 0.9096193 -0.3002979 0.2868033 0.909706 -0.3003028 0.3650271 0.8812341 -0.3003173 0.3650263 0.8812295 -0.3003219 0.4404209 0.846071 -0.3005388 0.4404028 0.8460035 -0.3005337 0.5124627 0.8044014 -0.3005188 0.5124643 0.8044058 -0.3005148 0.5806246 0.7566809 -0.3005295 0.5806226 0.7566766 -0.3005226 0.6443657 0.7031921 -0.3004971 0.6443699 0.7031992 -0.3004921 0.7031966 0.6443749 -0.3006302 0.7031711 0.6443384 -0.3006128 0.7566578 0.5806038 -0.3005357 0.7566739 0.5806229 -0.3005262 0.8044037 0.5124632 -0.3004287 0.804426 0.5124855 -0.3004316 0.8460386 0.4404084 -0.300437 0.8460373 0.4404072 -0.3004371 0.8811951 0.3650107 -0.3004666 0.8811873 0.3650052 -0.3004596 0.90965 0.286812 -0.3004603 0.9096497 0.2868118 -0.3004558 0.9311872 0.2064386 -0.3004776 0.9311807 0.2064356 -0.3004647 0.9456332 0.1244933 -0.3004088 0.9456502 0.1244995 -0.3004282 0.9528965 0.04160481 -0.3004329 0.9528951 0.04160445 -0.300433 0.9528952 -0.0416035 -0.3004463 0.9528909 -0.04160428 -0.3004629 0.9456334 -0.1244972 -0.3004106 0.9456502 -0.1244957 -0.3003877 0.931208 -0.2064432 -0.3004558 0.9311861 -0.2064432 -0.3004604 0.9096497 -0.2868119 -0.3003347 0.9096901 -0.2868154 -0.3003084 0.8812368 -0.3650159 -0.3004369 0.881196 -0.3650088 -0.3004369 0.8460309 -0.4404194 -0.300432 0.8460325 -0.4404199 -0.300429 0.8044296 -0.5124797 -0.3003035 0.8044677 -0.5124936 -0.3002834 0.7567402 -0.580667 -0.3003607 0.7567177 -0.5806565 -0.30035 0.7032428 -0.6443907 -0.3004922 0.7032031 -0.6443677 -0.3004972 0.6443712 -0.703198 -0.3005228 0.6443643 -0.7031932 -0.3005291 0.5806035 -0.7566913 -0.3001858 0.5806885 -0.7567625 -0.3001696 0.5125243 -0.8044981 -0.300184 0.512521 -0.8044947 -0.3001712 0.4404656 -0.8461012 -0.3003221 0.4404343 -0.846064 -0.3003173 0.3650254 -0.8812298 -0.300686 0.364957 -0.8811324 -0.3006936 0.2867838 -0.9095814 -0.3005673 0.2868043 -0.9096168 -0.3005702 0.2064176 -0.9311548 -0.3003821 0.2064433 -0.9312098 -0.3003812 0.124508 -0.945658 -0.3005793 0.124486 -0.9455979 -0.3005803 0.04159677 -0.9528491 -0.3003681 0.04161453 -0.9529151 -0.3003683 -0.04159963 -0.9529157 -0.3005804 -0.04161161 -0.9528483 -0.300579 -0.1244998 -0.9455962 -0.300381 -0.1244942 -0.9456598 -0.3003821 -0.2064304 -0.9312126 -0.3005703 -0.2064305 -0.931152 -0.3005673 -0.2867957 -0.9096193 -0.3006935 -0.2867922 -0.9095789 -0.3006858 -0.3649809 -0.8811225 -0.3003169 -0.3650014 -0.8812398 -0.3003222 -0.4404437 -0.8460591 -0.3001711 -0.4404563 -0.8461061 -0.3001841 -0.5125218 -0.8044942 -0.3001692 -0.5125235 -0.8044987 -0.3001865 -0.5806693 -0.756777 -0.3005295 -0.5806226 -0.7566766 -0.3005226 -0.6443657 -0.7031921 -0.3004971 -0.6443699 -0.7031992 -0.3004916 -0.7032099 -0.6443606 -0.3003502 -0.7032361 -0.644398 -0.3003606 -0.7567209 -0.5806522 -0.3002834 -0.7567369 -0.5806713 -0.3003038 -0.8044628 -0.5125008 -0.3004289 -0.8044343 -0.5124723 -0.3004317 -0.8460324 -0.4404202 -0.3004369 -0.8460311 -0.4404192 -0.3004367 -0.8811995 -0.3650004 -0.300308 -0.8812334 -0.3650243 -0.3003349 -0.9096874 -0.2868238 -0.3004605 -0.9096522 -0.2868035 -0.3004558 -0.9311872 -0.2064386 -0.3003877 -0.9312069 -0.2064478 -0.3004108 -0.9456496 -0.1244993 -0.300463 -0.9456338 -0.1244935 -0.3004464 -0.9528909 -0.04160332 -0.3004329 -0.9528951 -0.04160445 -0.3004329 -0.9528951 0.04160475 -0.3004283 -0.9528966 0.04160451 -0.3004088 -0.9456508 0.1244956 -0.3004647 -0.9456328 0.1244972 -0.3004773 -0.9311804 0.2064371 -0.3004557 -0.9311875 0.2064371 -0.3004604 -0.9096497 0.2868119 -0.3004595 -0.90965 0.2868119 -0.3004665 -0.8811865 0.3650071 -0.3004369 -0.881196 0.3650088 -0.3004372 -0.8460371 0.4404076 -0.3004318 -0.8460387 0.4404079 -0.300429 -0.8044296 0.5124797 -0.3005264 -0.8044 0.512469 -0.3005357 -0.7566772 0.5806186 -0.3006129 -0.7566546 0.5806081 -0.3006297 -0.7031646 0.6443456 -0.3004922 -0.7032031 0.6443677 -0.3004972 -0.6443712 0.703198 -0.3005228 -0.6443643 0.7031932 -0.3005297 -0.5806217 0.7566772 -0.3005146 -0.5806254 0.7566803 -0.3005191 -0.5124651 0.8044052 -0.3005335 -0.5124618 0.8044019 -0.3005387 -0.4403893 0.8460105 -0.3003221 -0.4404343 0.846064 -0.3003173 -0.3650254 0.8812298 -0.3003027 -0.365028 0.8812336 -0.3002985 -0.2868213 0.9097002 -0.3005676 -0.2867777 0.9096249 -0.3005704 -0.2064453 0.9311486 -0.3003817 -0.206471 0.9312039 -0.3003808 -0.1244794 0.9456619 -0.3001683 -0.1245029 0.9457262 -0.3001666 -0.0416314 0.952978 -0.3007825 -0.04157978 0.952786 -0.3007819 0.04162293 0.9527842 -0.2165182 0.04260867 0.9753483 -0.2165161 0.1274278 0.9679271 -0.216262 0.1274179 0.9679853 -0.2162616 0.2113326 0.953189 -0.216251 0.2113324 0.9531915 -0.216251 0.2935993 0.9311471 -0.216028 0.2935996 0.9311988 -0.2160351 0.3736317 0.9020688 -0.216381 0.3736242 0.9019891 -0.2163753 0.4508171 0.865994 -0.2160466 0.4508308 0.866069 -0.2160567 0.5246052 0.8234737 -0.2161547 0.5245992 0.8234518 -0.2161597 0.5943665 0.7745988 -0.2162418 0.5943599 0.774581 -0.2162418 0.6596105 0.7198287 -0.2162437 0.6596103 0.7198284 -0.2162436 0.7198318 0.6596066 -0.2161135 0.719847 0.6596326 -0.2161264 0.7746039 0.5943722 -0.2161014 0.7746073 0.5943769 -0.2161185 0.8234596 0.5246018 -0.2161012 0.8234622 0.5246048 -0.2161201 0.8660477 0.4508365 -0.2162805 0.8660212 0.4508103 -0.2162742 0.9020139 0.373626 -0.216162 0.9020339 0.3736426 -0.216181 0.9311631 0.2936002 -0.216252 0.9311496 0.2935907 -0.2162517 0.9531954 0.2113141 -0.2162005 0.9532058 0.21132 -0.2162199 0.9679917 0.127441 -0.2162801 0.967979 0.1274352 -0.2162579 0.975407 0.04258704 -0.2162487 0.975409 0.04258775 -0.2162487 0.975409 -0.0425871 -0.216239 0.9754112 -0.04258656 -0.2162232 0.9679914 -0.1274371 -0.2162764 0.9679792 -0.1274391 -0.2162944 0.9531848 -0.2113183 -0.2162516 0.9531947 -0.2113175 -0.2162519 0.9311509 -0.2935869 -0.2163113 0.931137 -0.2935869 -0.2163282 0.9020028 -0.3736214 -0.2162742 0.9020153 -0.3736225 -0.2162802 0.8660162 -0.4508201 -0.2163208 0.8660069 -0.4508184 -0.2163347 0.8234192 -0.5245761 -0.2163519 0.8234154 -0.524575 -0.2163658 0.7745617 -0.5943398 -0.2163904 0.7745564 -0.5943378 -0.216407 0.7198051 -0.6595821 -0.2162436 0.7198393 -0.6595984 -0.2162439 0.6596102 -0.7198284 -0.2162418 0.6596106 -0.7198287 -0.2162421 0.5943555 -0.7745844 -0.2165045 0.5943058 -0.7745493 -0.2165208 0.52455 -0.823387 -0.2164229 0.5245673 -0.8234017 -0.2164319 0.4508113 -0.8659829 -0.2163751 0.4508206 -0.8659923 -0.216381 0.3736024 -0.9019981 -0.2160346 0.3736536 -0.9020599 -0.216028 0.2936141 -0.9311941 -0.2162511 0.2935847 -0.9311516 -0.2162507 0.2113049 -0.9531977 -0.2162619 0.2113036 -0.9531955 -0.2162621 0.1274352 -0.967983 -0.2160854 0.1274522 -0.9680201 -0.2160843 0.04258888 -0.9754454 -0.2161675 0.04258239 -0.9754273 -0.2161674 -0.04258805 -0.975427 -0.2160842 -0.04258322 -0.9754456 -0.2160857 -0.1274402 -0.9680216 -0.2162622 -0.1274471 -0.9679813 -0.2162619 -0.2113043 -0.9531952 -0.2162507 -0.2113041 -0.9531978 -0.216251 -0.2935993 -0.9311471 -0.216028 -0.2935996 -0.9311988 -0.2160351 -0.3736317 -0.9020688 -0.216381 -0.3736242 -0.9019891 -0.2163753 -0.4508171 -0.865994 -0.216432 -0.4508148 -0.8659812 -0.2164228 -0.5245617 -0.8234053 -0.2165209 -0.5245556 -0.8233833 -0.2165043 -0.59432 -0.7745383 -0.2162416 -0.5943412 -0.7745954 -0.2162418 -0.6596105 -0.7198287 -0.2162437 -0.6596103 -0.7198284 -0.2162436 -0.7198318 -0.6596066 -0.216407 -0.7198128 -0.6595739 -0.2163903 -0.7745574 -0.5943365 -0.2163657 -0.7745608 -0.5943412 -0.2163516 -0.8234161 -0.5245741 -0.2163345 -0.8234186 -0.5245771 -0.2163207 -0.8660082 -0.450816 -0.2162804 -0.866015 -0.4508225 -0.2162742 -0.9020139 -0.373626 -0.2163283 -0.9020043 -0.373618 -0.2163114 -0.9311382 -0.293583 -0.216252 -0.9311496 -0.2935907 -0.2162517 -0.9531941 -0.2113204 -0.2162945 -0.9531855 -0.2113155 -0.2162764 -0.9679797 -0.1274355 -0.2162233 -0.9679909 -0.1274406 -0.216239 -0.9754112 -0.04258722 -0.2162488 -0.975409 -0.04258644 -0.2162487 -0.975409 0.0425871 -0.216258 -0.975407 0.04258769 -0.2162799 -0.9679785 0.1274393 -0.2162197 -0.9679922 0.1274369 -0.2162004 -0.9532065 0.2113165 -0.2162516 -0.9531947 0.2113175 -0.2162519 -0.9311482 0.2935954 -0.2161808 -0.9311646 0.2935956 -0.2161618 -0.9020369 0.3736355 -0.2162743 -0.9020109 0.373633 -0.2162802 -0.8660162 0.4508201 -0.2161201 -0.8660527 0.4508267 -0.2161011 -0.8234629 0.5246039 -0.2161186 -0.823459 0.5246028 -0.2161015 -0.7746082 0.5943755 -0.2161261 -0.7746029 0.5943735 -0.2161139 -0.719853 0.659626 -0.2162438 -0.7198258 0.6596131 -0.2162439 -0.6596102 0.7198284 -0.2162418 -0.6596106 0.7198287 -0.2162421 -0.5943555 0.7745844 -0.2161598 -0.594371 0.7745955 -0.2161546 -0.5245935 0.8234554 -0.2160567 -0.5246109 0.8234701 -0.2160467 -0.4508507 0.8660586 -0.2163754 -0.4507972 0.8660044 -0.216381 -0.3736024 0.9019981 -0.2160346 -0.3736536 0.9020599 -0.216028 -0.2936141 0.9311941 -0.2162511 -0.2935847 0.9311516 -0.2162509 -0.2113331 0.9531914 -0.2162617 -0.2113319 0.9531893 -0.2162621 -0.1274352 0.967983 -0.2165163 -0.1274105 0.9679294 -0.2165181 -0.04258471 0.9753494 -0.2161672 -0.04261207 0.9754261 -0.2161674 0.04258805 0.975427 -0.1301929 0.04324817 0.990545 -0.1301946 0.1294052 0.9830075 -0.1303114 0.129411 0.9829912 -0.1303129 0.2145974 0.9679703 -0.1304922 0.2146041 0.9679446 -0.1304897 0.2981294 0.9455641 -0.1307121 0.2981349 0.9455317 -0.1307025 0.3793967 0.9159559 -0.130523 0.3793945 0.9159823 -0.1305181 0.4578169 0.8794139 -0.1303365 0.4578171 0.8794407 -0.1303397 0.5327031 0.8362051 -0.1305015 0.5327008 0.8361813 -0.1304953 0.6035678 0.7865601 -0.1302207 0.6035752 0.7865999 -0.1302342 0.6698269 0.7310069 -0.1305246 0.6698155 0.7309656 -0.1305146 0.7309774 0.6698045 -0.1303479 0.730986 0.6698275 -0.1303542 0.7865763 0.6035773 -0.1305702 0.7865627 0.6035484 -0.1305492 0.8361809 0.5326896 -0.130343 0.8361963 0.532716 -0.1303527 0.8794413 0.4578111 -0.1303841 0.8794387 0.4578074 -0.1303882 0.9159921 0.379417 -0.1304027 0.9159908 0.3794154 -0.130403 0.9455722 0.2981414 -0.1303743 0.9455752 0.2981444 -0.1303806 0.9679627 0.2145904 -0.130418 0.9679585 0.2145869 -0.1304085 0.982978 0.1294137 -0.1304041 0.9829785 0.1294141 -0.1304032 0.9905174 0.04324686 -0.1304042 0.9905173 0.04324674 -0.1304042 0.9905173 -0.04324686 -0.1304032 0.9905174 -0.04324674 -0.1304041 0.982979 -0.1294099 -0.1304086 0.9829784 -0.1294101 -0.1304177 0.9679566 -0.2145957 -0.1303805 0.9679619 -0.2145944 -0.1303745 0.9455786 -0.2981339 -0.130403 0.9455743 -0.2981346 -0.1304031 0.9159904 -0.3794163 -0.1303879 0.9159925 -0.3794161 -0.130384 0.8794377 -0.4578093 -0.1303528 0.8794423 -0.4578093 -0.1303432 0.8361952 -0.5327179 -0.1303089 0.8362001 -0.5327184 -0.1302976 0.7865934 -0.6035672 -0.1303541 0.7865852 -0.6035658 -0.1303482 0.7309798 -0.6698343 -0.1302118 0.7309992 -0.6698396 -0.1301946 0.6698467 -0.7309956 -0.1302339 0.6698414 -0.7309938 -0.1302205 0.6035709 -0.7866033 -0.1301403 0.6035816 -0.7866083 -0.1301239 0.5327397 -0.8362154 -0.1303398 0.5327122 -0.8361992 -0.1303362 0.4578043 -0.8794474 -0.1301212 0.4578301 -0.8794657 -0.1301093 0.3794265 -0.9160279 -0.1302891 0.3794063 -0.9160107 -0.1302853 0.2981649 -0.945581 -0.1304898 0.2981436 -0.9455595 -0.1304919 0.2145636 -0.9679537 -0.130313 0.2145805 -0.9679741 -0.1303116 0.1294328 -0.9829884 -0.1306384 0.1294054 -0.9829486 -0.1306403 0.04324287 -0.9904864 -0.1305999 0.04324579 -0.9904915 -0.1305999 -0.04324311 -0.9904916 -0.1306403 -0.04324555 -0.9904862 -0.1306381 -0.1294272 -0.9829457 -0.1303114 -0.129411 -0.9829912 -0.130313 -0.2145687 -0.9679766 -0.130492 -0.2145754 -0.967951 -0.1304898 -0.2981568 -0.9455554 -0.1302851 -0.2981517 -0.9455852 -0.1302891 -0.3794175 -0.916006 -0.1301093 -0.3794154 -0.9160326 -0.1301212 -0.4578173 -0.8794724 -0.1303365 -0.4578171 -0.8794407 -0.1303394 -0.5327245 -0.8361915 -0.1301239 -0.5327274 -0.8362231 -0.1301404 -0.6035774 -0.7866117 -0.1302207 -0.6035752 -0.7865999 -0.1302342 -0.6698433 -0.7309918 -0.1301945 -0.6698448 -0.7309975 -0.1302119 -0.730993 -0.6698464 -0.1303479 -0.730986 -0.6698275 -0.1303537 -0.7865876 -0.6035627 -0.1302976 -0.7865911 -0.6035702 -0.1303088 -0.8361989 -0.5327203 -0.130343 -0.8361963 -0.532716 -0.1303527 -0.8794413 -0.4578111 -0.1303841 -0.8794387 -0.4578074 -0.1303882 -0.9159921 -0.379417 -0.1304027 -0.9159908 -0.3794154 -0.1304028 -0.945575 -0.2981328 -0.1303744 -0.9455779 -0.2981357 -0.1303805 -0.9679613 -0.2145968 -0.130418 -0.9679571 -0.2145933 -0.1304086 -0.9829785 -0.1294098 -0.1304041 -0.9829791 -0.1294102 -0.1304032 -0.9905174 -0.04324686 -0.1304042 -0.9905173 -0.04324674 -0.1304042 -0.9905173 0.04324686 -0.1304032 -0.9905174 0.04324674 -0.1304041 -0.9829785 0.1294138 -0.1304086 -0.9829779 0.129414 -0.1304181 -0.9679579 0.2145894 -0.1303805 -0.9679633 0.214588 -0.1303743 -0.9455759 0.2981426 -0.1304031 -0.9455716 0.2981432 -0.1304031 -0.9159904 0.3794163 -0.1303879 -0.9159925 0.3794161 -0.130384 -0.8794377 0.4578093 -0.1303528 -0.8794423 0.4578093 -0.1303434 -0.8362038 0.5327042 -0.1305494 -0.8361735 0.5327014 -0.1305701 -0.7865538 0.6035599 -0.1303541 -0.7865852 0.6035658 -0.1303479 -0.7309935 0.6698192 -0.1305143 -0.7309699 0.6698127 -0.1305249 -0.6698011 0.7309786 -0.1302339 -0.6698414 0.7309938 -0.1302207 -0.6035899 0.7865888 -0.1304955 -0.6035532 0.7865714 -0.1305016 -0.5326916 0.8361872 -0.1303398 -0.5327122 0.8361992 -0.1303367 -0.457828 0.8794351 -0.1305184 -0.4578061 0.8794194 -0.1305227 -0.3794057 0.9159776 -0.1307027 -0.3793855 0.9159604 -0.130712 -0.2981206 0.9455361 -0.1304898 -0.2981436 0.9455595 -0.1304922 -0.2145923 0.9679473 -0.1303128 -0.2146092 0.9679678 -0.1303114 -0.1294032 0.9829923 -0.1301944 -0.129413 0.9830065 -0.1301929 -0.04324543 0.9905451 -0.1301525 -0.04324835 0.9905503 -0.1301525 0.04324567 0.9905504 -0.04385089 0.04357469 0.9980874 -0.04384869 0.1304177 0.9904891 -0.04343879 0.1303929 0.9905104 -0.04344093 0.2162442 0.9753724 -0.04335618 0.2162395 0.9753772 -0.04336112 0.3004036 0.9528261 -0.04358261 0.3004148 0.9528124 -0.04358232 0.3823366 0.9229947 -0.04324513 0.3823214 0.9230169 -0.04325836 0.4613141 0.8861817 -0.04360663 0.4613277 0.8861576 -0.04360568 0.5367864 0.8425906 -0.04340976 0.5367799 0.8426049 -0.04342043 0.6081788 0.7926117 -0.04381102 0.6081891 0.7925823 -0.04379487 0.6749384 0.7365733 -0.04367458 0.674936 0.7365826 -0.04366713 0.7365787 0.6749408 -0.04370933 0.7365792 0.6749374 -0.04369521 0.7925919 0.6081848 -0.04359525 0.7925913 0.6081928 -0.04359275 0.8425966 0.536778 -0.04360836 0.8425966 0.5367768 -0.04360413 0.8861635 0.4613166 -0.04368489 0.8861629 0.4613102 -0.04366582 0.9229992 0.3823165 -0.04362583 0.9229997 0.3823197 -0.04361712 0.9528084 0.3004224 -0.04360711 0.9528087 0.3004231 -0.04359889 0.9753679 0.2162333 -0.04361617 0.9753673 0.216232 -0.04360157 0.9905021 0.1304016 -0.04356062 0.9905035 0.1304045 -0.04357433 0.9980993 0.04357862 -0.04358601 0.9980989 0.04357784 -0.04358601 0.9980989 -0.04357731 -0.04359418 0.9980984 -0.04357784 -0.04361987 0.9905008 -0.1304054 -0.04354232 0.9905048 -0.1304007 -0.04351782 0.9753713 -0.216234 -0.04359889 0.9753665 -0.2162385 -0.04360699 0.9528117 -0.3004138 -0.04361677 0.952811 -0.3004143 -0.04362553 0.9229963 -0.3823279 -0.04349172 0.9230051 -0.3823219 -0.04347527 0.8861749 -0.4613067 -0.04360431 0.8861659 -0.4613118 -0.04360842 0.8425872 -0.5367914 -0.04359281 0.8425884 -0.5367909 -0.04359561 0.7926067 -0.6081728 -0.04369539 0.7925991 -0.6081755 -0.04370874 0.7365635 -0.6749548 -0.04366672 0.7365667 -0.6749539 -0.0436747 0.6749419 -0.7365772 -0.04345971 0.6749588 -0.7365744 -0.04345053 0.608197 -0.7925961 -0.04378092 0.6081707 -0.792598 -0.04379343 0.536782 -0.8425837 -0.04360556 0.536797 -0.8425838 -0.04360651 0.4613071 -0.8861683 -0.04366159 0.4613027 -0.8861679 -0.04366499 0.3823094 -0.9230021 -0.04358237 0.3823158 -0.9230033 -0.04358249 0.3004283 -0.9528083 -0.04336142 0.3004453 -0.9528129 -0.04335612 0.216245 -0.9753759 -0.04388481 0.2162056 -0.9753611 -0.04388952 0.1303876 -0.9904913 -0.04339808 0.130423 -0.9905081 -0.04339671 0.04359483 -0.9981064 -0.04368537 0.04357504 -0.9980947 -0.04368537 -0.04359424 -0.9980937 -0.04339671 -0.04357558 -0.9981073 -0.04339802 -0.1303904 -0.9905125 -0.04388958 -0.1304202 -0.9904869 -0.04388469 -0.2162401 -0.9753535 -0.04335612 -0.2162106 -0.9753836 -0.0433616 -0.3004312 -0.9528173 -0.04358267 -0.3004423 -0.9528037 -0.04358237 -0.3823108 -0.9230055 -0.04366517 -0.3823145 -0.923 -0.04366171 -0.461306 -0.8861662 -0.04360657 -0.4613038 -0.88617 -0.04360568 -0.5367864 -0.8425906 -0.0437932 -0.5367926 -0.842577 -0.04378098 -0.6081883 -0.7925845 -0.04345029 -0.6081796 -0.7926095 -0.04346001 -0.6749482 -0.736584 -0.04367464 -0.6749525 -0.7365675 -0.0436663 -0.7365648 -0.674956 -0.04370927 -0.7365654 -0.6749526 -0.04369544 -0.7926032 -0.6081702 -0.04359531 -0.7926025 -0.6081781 -0.04359251 -0.8425878 -0.5367918 -0.0436083 -0.8425878 -0.5367905 -0.04360431 -0.88617 -0.4613042 -0.04347497 -0.8861709 -0.4613144 -0.04349166 -0.9230017 -0.3823302 -0.04362583 -0.9229997 -0.3823197 -0.04361671 -0.9528113 -0.3004136 -0.04360711 -0.9528114 -0.3004144 -0.04359889 -0.9753679 -0.2162333 -0.04351776 -0.97537 -0.2162393 -0.04354238 -0.9905041 -0.1304058 -0.04361999 -0.9905015 -0.1304003 -0.04359412 -0.9980985 -0.04357731 -0.04358601 -0.9980989 -0.04357784 -0.04358595 -0.9980988 0.04357862 -0.04357433 -0.9980993 0.04357784 -0.0435605 -0.9905038 0.1304018 -0.04360169 -0.9905018 0.1304042 -0.04361635 -0.9753671 0.2162331 -0.04359889 -0.975368 0.2162321 -0.04360735 -0.9528089 0.3004225 -0.04361683 -0.9528083 0.300423 -0.04362559 -0.9230007 0.3823172 -0.0436657 -0.9229981 0.382319 -0.04368495 -0.8861604 0.4613149 -0.04360431 -0.8861659 0.4613118 -0.0436086 -0.8425961 0.5367777 -0.04359275 -0.8425972 0.5367771 -0.04359537 -0.7925955 0.6081875 -0.04369544 -0.7925878 0.6081901 -0.04370951 -0.7365773 0.6749395 -0.04366672 -0.7365806 0.6749388 -0.0436747 -0.6749419 0.7365772 -0.04379492 -0.6749325 0.7365787 -0.0438109 -0.6081684 0.7925981 -0.04342019 -0.6081995 0.7925959 -0.04340994 -0.536791 0.8425978 -0.04360562 -0.5367754 0.8425976 -0.04360651 -0.4613071 0.8861683 -0.0432583 -0.4613347 0.886171 -0.04324525 -0.3823422 0.9230083 -0.04358237 -0.3823158 0.9230033 -0.04358243 -0.3004007 0.9528169 -0.04336148 -0.3004177 0.9528216 -0.04335612 -0.216245 0.9753759 -0.04344093 -0.2162387 0.9753736 -0.04343897 -0.13042 0.9905068 -0.04384887 -0.1303905 0.9904926 -0.04385083 -0.04356366 0.9980878 -0.04368537 -0.04357504 0.9980947 -0.04368543 0.04356402 0.9980952 1 0 0 1 0 0 1 0 0 1 0 0 1 0 0 1 0 0 1 0 0 1 0 0 1 0 0 1 0 0 1 0 0 1 0 0 1 0 0 1 0 0 1 0 0 1 0 0 1 0 0 1 0 0 1 0 0 1 0 0 1 0 0 1 0 0 1 0 0 1 0 0 1 0 0 1 0 0 1 0 0 1 0 0 1 0 0 1 0 0 1 0 0 1 0 0 1 0 0 1 0 0 1 0 0 1 0 0 1 0 0 1 0 0 1 0 0 1 0 0 1 0 0 1 0 0 1 0 0 1 0 0 1 0 0 1 0 0 1 0 0 1 0 0 1 0 0 1 0 0 1 0 0 1 0 0 1 0 0 1 0 0 1 0 0 1 0 0 1 0 0 1 0 0 1 0 0 1 0 0 1 0 0 1 0 0 1 0 0 1 0 0 1 0 0 1 0 0 1 0 0 1 0 0 1 0 0 1 0 0 1 0 0 1 0 0 1 0 0 1 0 0 1 0 0 1 0 0 1 0 0 1 0 0 1 0 0 1 0 0 1 0 0 1 0 0 1 0 0 1 0 0 1 0 0 1 0 0 1 0 0 1 0 0 1 0 0 1 0 0 1 0 0 1 0 0 1 0 0 1 0 0 1 0 0 1 0 0 1 0 0 1 0 0 1 0 0 1 0 0 1 0 0 1 0 0 1 0 0 1 0 0 1 0 0 1 0 0 1 0 0 1 0 0 1 0 0 1 0 0 1 0 0 1 0 0 1 0 0 1 0 0 1 0 0 1 0 0 1 0 0 1 0 0 1 0 0 1 0 0 1 0 0 1 0 0 1 0 0 1 0 0 1 0 0 1 0 0 1 0 0 1 0 0 1 0 0 1 0 0 1 0 0 1 0 0 1 0 0 1 0 0 1 0 0 1 0 0 1 0 0 1 0 0 1 0 0 1 0 0 1 0 0 1 0 0 1 0 0 1 0 0 1 0 0 1 0 0 1 0 0 1 0 0 1 0 0 1 0 0 1 0 0 1 0 0 1 0 0 1 0 0 1 0 0 1 0 0 1 0 0 1 0 0 1 0 0 1 0 0 1 0 0 1 0 0 1 0 0 1 0 0 1 0 0 1 0 0 1 0 0 1 0 0 1 0 0 1 0 0 1 0 0 1 0 0 1 0 0 1 0 0 1 0 0 1 0 0 1 0 0 1 0 0 1 0 0 1 0 0 1 0 0 1 0 0 1 0 0 1 0 0 1 0 0 1 0 0 1 0 0 1 0 0 1 0 0 1 0 0 1 0 0 1 0 0 1 0 0 1 0 0 1 0 0 1 0 0 1 0 0 1 0 0 1 0 0 1 0 0 1 0 0 1 0 0 1 0 0 1 0 0 1 0 0 1 0 0 1 0 0 1 0 0 1 0 0 1 0 0 1 0 0 1 0 0 1 0 0 1 0 0 1 0 0 1 0 0 1 0 0 1 0 0 1 0 0 1 0 0 1 0 0 1 0 0 1 0 0 1 0 0 1 0 0 1 0 0 1 0 0 1 0 0 1 0 0 1 0 0 1 0 0 1 0 0 1 0 0 1 0 0 1 0 0 1 0 0 1 0 0 1 0 0 1 0 0 1 0 0 1 0 0 1 0 0 1 0 0 1 0 0 1 0 0 1 0 0 1 0 0 1 0 0 1 0 0 1 0 0 1 0 0 1 0 0 1 0 0 1 0 0 1 0 0 1 0 0 1 0 0 1 0 0 1 0 0 1 0 0 1 0 0 1 0 0 1 0 0 1 0 0 1 0 0 1 0 0 1 0 0 1 0 0 1 0 0 1 0 0 1 0 0 1 0 0 1 0 0 1 0 0 1 0 0 1 0 0 1 0 0 1 0 0 1 0 0 1 0 0 1 0 0 1 0 0 1 0 0 1 0 0 1 0 0 1 0 0 1 0 0 1 0 0 0 0.3390239 -0.9407778 -9.10013e-6 -0.2609087 -0.9653635 0 -0.3390239 0.9407778 -9.10013e-6 0.2609087 0.9653635 0.002103507 0.9976556 0.06840217 0.007154107 0.9984101 0.05591094 0.004902839 0.9981611 0.06041789 0.003252685 0.9979048 0.06461769 0 0.9999983 0.001793444 2.69655e-4 0.9999852 0.005438208 8.12257e-4 0.9999581 0.009118139 0.001633882 0.999916 0.01286584 0.002736866 0.999857 0.0166918 0.01227957 0.998973 0.04361492 0.0336771 0.9990416 0.02795916 0.02902567 0.9990788 0.03160774 0.0249136 0.9990739 0.03507792 0.02135241 0.9990372 0.03832679 0.01827049 0.9989765 0.04138004 0.01553529 0.9988958 0.04433745 0.01320701 0.998803 0.04709732 0.01023286 0.9986475 0.05097752 0.001297056 0.9974108 0.07190304 8.91871e-4 0.9972381 0.07426577 6.89115e-4 0.9971346 0.07564491 5.16283e-4 0.9970291 0.07702362 3.8635e-4 0.9969342 0.07824361 2.92282e-4 0.9968519 0.07928532 2.11621e-4 0.9967674 0.08034074 1.60135e-4 0.9967031 0.08113545 1.20204e-4 0.996644 0.08185911 8.53113e-5 0.9965833 0.08259457 7.06391e-5 0.9965538 0.08294838 4.28125e-5 0.9964911 0.08369904 -1.27506e-5 0.9964623 0.08404171 -2.20102e-5 0.9965178 0.08338063 -2.81264e-5 0.9965519 0.08297121 -4.34623e-5 0.9966293 0.08203661 -5.52715e-5 0.9966819 0.0813964 -6.63771e-5 0.9967248 0.08086884 -9.0497e-5 0.996805 0.07987374 -1.19915e-4 0.9968885 0.0788244 -1.58759e-4 0.9969826 0.07762652 -2.06494e-4 0.9970809 0.07635194 -2.7028e-4 0.9971931 0.07487219 -3.51377e-4 0.9973151 0.07323008 -4.96616e-4 0.9975009 0.0706523 -7.82574e-4 0.9977735 0.06668919 -0.001174747 0.9980531 0.06235855 -0.001715362 0.9983436 0.05750805 -0.002419114 0.9986292 0.0522871 -0.00333178 0.9989083 0.04659426 -0.004169583 0.9991033 0.04213452 -0.004792153 0.9992255 0.03905659 -0.005502223 0.9993444 0.03578513 -0.006268978 0.9994526 0.03248244 -0.007123351 0.9995531 0.02903193 -0.008048236 0.9996419 0.02551907 -0.009052991 0.9997188 0.02191871 -0.01015537 0.9997832 0.01818174 -0.002239525 0.9990457 0.04361808 -3.36559e-4 0.9999197 0.01267147 -1.68121e-4 0.9999592 0.009036123 -7.79452e-4 0.9977706 -0.06673246 -0.001178681 0.9980553 -0.06232303 -0.003328263 0.9989073 -0.04661595 -0.002423167 0.9986305 -0.05226171 -0.001711964 0.9983419 -0.05753868 -5.62584e-5 0.9999853 0.005425333 0 0.9999984 0.001811146 0 0.9999983 -0.001814305 -0.009051263 0.9997186 -0.02192598 -5.59654e-5 0.9999853 -0.005415856 -1.68611e-4 0.9999591 -0.009051918 -0.001769423 0.9990466 -0.04361969 -0.01134556 0.9998326 -0.0143541 -0.01016026 0.9997833 -0.01816606 -0.008046269 0.9996418 -0.02552747 -0.007115364 0.9995522 -0.02906417 -0.006276607 0.9994536 -0.03245174 -0.005496859 0.9993435 -0.03580993 -0.004802286 0.9992273 -0.03900992 -0.004169344 0.9991031 -0.04213851 0.001306831 0.9974138 -0.07186061 -5.00296e-4 0.9975045 -0.07060128 -3.47363e-4 0.9973087 -0.07331621 -2.68784e-4 0.9971905 -0.07490688 -2.07986e-4 0.9970836 -0.07631736 -1.57602e-4 0.9969798 -0.07766216 -1.2248e-4 0.9968948 -0.0787453 -8.80941e-5 0.996797 -0.07997292 -7.28242e-5 0.9967463 -0.08060288 -4.9178e-5 0.9966548 -0.08172672 -4.63734e-5 0.9966422 -0.08187878 -2.48644e-5 0.9965337 -0.0831896 -3.53198e-5 0.9965919 -0.08248966 2.06837e-5 0.9964314 -0.08440726 6.8947e-5 0.9965501 -0.08299398 5.23997e-5 0.9965128 -0.08344042 1.02236e-4 0.9966127 -0.08223783 1.11643e-4 0.9966291 -0.08203953 1.69316e-4 0.9967147 -0.08099377 2.08737e-4 0.9967638 -0.08038526 2.95398e-4 0.9968547 -0.07925081 3.8613e-4 0.996934 -0.07824599 5.17202e-4 0.9970297 -0.07701629 6.7814e-4 0.997128 -0.07573246 8.88857e-4 0.9972357 -0.07429844 0.002094864 0.9976531 -0.06843954 0.003264069 0.9979066 -0.06458872 0.004892587 0.9981596 -0.06044399 0.007166981 0.9984112 -0.05589032 0.01022118 0.9986465 -0.05099624 0.0132339 0.9988041 -0.04706549 0.01554548 0.9988962 -0.04432642 0.01826429 0.9989762 -0.04138672 0.0213505 0.999037 -0.03832858 0.02489936 0.9990739 -0.03509092 0.02900493 0.9990788 -0.0316255 0.01370269 0.9989544 -0.04361569 0.004155397 0.999777 -0.02070289 0.002740383 0.9998567 -0.01670765 0.001636266 0.9999158 -0.01287674 8.09976e-4 0.9999583 -0.009102702 2.7176e-4 0.999985 -0.005452513 0 0.9999985 -0.001788794 -2.09592e-5 0.7686317 0.6396916 -1.29835e-4 0.7715399 0.636181 -3.43709e-4 0.7746648 0.6323721 -6.85627e-4 0.7779592 0.6283143 -0.001205325 0.7815846 0.6237981 -0.001753509 0.7845181 0.6201034 -0.002146661 0.7863877 0.6177296 -0.002510309 0.7879395 0.6157475 -0.003159523 0.7904436 0.6125268 -0.003649592 0.7921619 0.6103 -0.004345953 0.7943963 0.6073842 -0.005071222 0.7965367 0.604569 -0.005855143 0.798675 0.6017341 -0.006778776 0.8010138 0.5986075 -0.00770682 0.8032044 0.5956538 -0.003306627 0.7933458 0.6087623 -0.001144111 0.805628 0.5924209 -7.81678e-4 0.807995 0.5891888 -5.17538e-4 0.8100671 0.586337 -3.00947e-4 0.8122009 0.5833778 -1.38413e-4 0.8143573 0.5803637 0.003140509 0.7364852 0.6764464 0.01292049 0.74564 0.6662237 0.005038976 0.7385486 0.6741814 0.01179993 0.744769 0.6672182 0.0102995 0.7435361 0.6686165 0.009273827 0.7426475 0.6696183 0.007714331 0.741226 0.6712112 0.007168292 0.7407039 0.6717934 0.0055812 0.7391159 0.6735551 -0.003713071 0.7432666 0.6689851 0.002509057 0.7357721 0.6772246 7.67636e-4 0.7337355 0.6794348 -0.00139141 0.7311238 0.6822435 -0.002713501 0.7405371 0.6720101 -0.004198789 0.7445639 0.667538 -0.004869818 0.7463139 0.6655763 -0.005270302 0.7473319 0.66443 -0.005889296 0.7488629 0.6626988 -0.006479859 0.7502813 0.661087 -0.007090687 0.7517036 0.659463 -0.007555246 0.7527513 0.6582617 -0.008364081 0.7545149 0.6562296 -3.1542e-4 0.73728 0.6755873 1.25434e-6 0.7654191 0.6435322 1.67667e-6 0.7665367 0.6422006 0.002250134 0.7772035 0.6292453 0.001104891 0.7742238 0.632911 4.10801e-4 0.7713451 0.636417 1.68459e-4 0.8164502 0.5774157 6.46268e-4 0.8143919 0.5803149 0.001419365 0.8122363 0.5833269 0.002457916 0.8100939 0.586295 0.003819346 0.8078579 0.5893651 0.005499482 0.8055524 0.5924991 0.007581055 0.8030851 0.5958161 0.01685196 0.7932375 0.6086791 0.02832806 0.7988494 0.6008638 0.02346229 0.7963035 0.6044421 0.01987761 0.7942422 0.607276 0.01660394 0.7921653 0.6100806 0.01351964 0.789994 0.6129657 0.01123517 0.7881987 0.6153183 0.009184777 0.78639 0.6176621 0.007578492 0.7847869 0.6197194 0.00599116 0.7829796 0.6220185 0.004058063 0.7804449 0.6252115 6.56214e-5 0.7685946 0.6397362 -5.23495e-6 0.7665401 0.6421965 2.8411e-5 0.73728 0.6755873 0.01618397 0.7479679 0.6635376 0.01460158 0.7468738 0.6648055 0.004268646 0.8516037 0.5241687 -0.00634402 0.8366033 0.5477725 -0.005081534 0.8395977 0.543185 -0.003956317 0.8425895 0.5385419 -3.60908e-5 0.8164433 0.5774257 0 0.8180367 0.5751661 0 0.8433941 0.5372955 -0.01415717 0.8222286 0.5689813 -0.01279431 0.8244358 0.5658109 -0.0114932 0.8266294 0.5626292 -0.01043319 0.8284944 0.5599002 -0.009302079 0.8305752 0.5568287 -0.008425056 0.832266 0.5543126 -0.007552266 0.8340328 0.5516631 -0.003083109 0.8452078 0.5344288 -0.002377152 0.8476068 0.5306195 -0.001855134 0.849623 0.5273874 -6.21553e-4 0.8624658 0.5061151 -0.001534998 0.8510297 0.5251153 -0.001364648 0.8518267 0.5238218 -0.001138746 0.8529506 0.5219904 -8.98398e-4 0.8633331 0.5046337 -0.001054286 0.8533965 0.5212612 -0.001010775 0.8536403 0.5208619 -7.60771e-4 0.8551181 0.5184325 -7.24107e-4 0.855346 0.5180568 -7.25228e-4 0.8553386 0.5180689 -6.07204e-4 0.8561392 0.516745 4.78802e-4 0.8590747 0.5118502 3.81705e-4 0.859366 0.5113608 9.64919e-4 0.8576788 0.5141848 7.7482e-4 0.8582046 0.5133072 0.001287817 0.856859 0.5155491 0.001370072 0.8566556 0.515887 0.001493453 0.8563698 0.5163608 0.002023935 0.8552247 0.5182535 0.002175092 0.8549218 0.5187523 0.002433061 0.8544448 0.5195366 0.002953946 0.8535572 0.5209909 0.003442406 0.852792 0.5222393 0.005698919 0.8498793 0.5269466 0.007695257 0.8478611 0.5301625 0.01028764 0.8456569 0.5336276 2.73325e-4 0.8223669 0.5689576 0 0.8203611 0.5718458 0 0.8180367 0.5751661 0.01378977 0.8431365 0.5375227 0.01802372 0.8405333 0.54146 0.02220946 0.8383119 0.5447384 0.02559131 0.836629 0.5471718 0.02889478 0.835084 0.549363 0.009469687 0.8433562 0.5372714 0.001520097 0.8265395 0.5628767 8.63259e-4 0.8247154 0.5655472 -1.11702e-4 0.2665951 0.9638086 -3.09104e-4 0.2708512 0.9626211 -4.50135e-4 0.2731876 0.9619607 -7.30931e-4 0.2769389 0.9608873 -9.94393e-4 0.279874 0.9600362 -0.001378297 0.283525 0.9589638 -0.001748859 0.2865894 0.9580519 -0.00213164 0.2893857 0.9572103 -0.002737879 0.2933428 0.9560034 -0.003255128 0.2963914 0.955061 -0.00384289 0.2995471 0.9540738 -0.004721224 0.3038744 0.9527003 -0.004030525 0.3007268 0.9537019 -0.002924203 0.3071025 0.951672 -0.002303838 0.3110399 0.9503941 -0.001835167 0.3143557 0.9493035 -0.001394152 0.3178817 0.9481294 -0.00112015 0.3204 0.9472817 -6.74403e-4 0.3252167 0.9456393 -5.22692e-4 0.3272026 0.944954 -2.94132e-4 0.3309851 0.943636 0.01543796 0.2264775 0.973894 0.01920038 0.2302348 0.9729456 8.80454e-6 0.2164418 0.9762955 0.0270363 0.2366825 0.9712108 0.02354246 0.2340222 0.9719462 0.002551376 0.2070808 0.9783205 0.01229202 0.2228912 0.9747658 0.01070749 0.2208396 0.9752514 0.009505391 0.219185 0.975637 0.003749072 0.2095469 0.9777914 0.008286714 0.2174046 0.9760465 0.007377207 0.2159974 0.9763661 0.006664514 0.2148329 0.9766281 0.005641043 0.2130709 0.9770205 0.004616081 0.2112168 0.9774283 0.0040735 0.2101888 0.9776523 0.001350939 0.2045159 0.9788622 7.84852e-4 0.2032654 0.9791234 -8.45389e-4 0.199555 0.9798862 -0.002048969 0.2124891 0.9771613 -0.002666056 0.2156953 0.9764571 -0.002854764 0.2166545 0.9762442 -0.002984762 0.2172995 0.9761004 -0.003843307 0.2214457 0.9751651 -0.003766059 0.2210834 0.9752476 -0.004568755 0.2247324 0.9744098 -0.00447309 0.2243116 0.9745072 -0.005419135 0.2283279 0.9735692 -0.005569636 0.2289438 0.9734237 -0.006340563 0.2319808 0.9726997 -0.007569909 0.2364547 0.9716131 -0.00895977 0.241112 0.9704559 -0.01045179 0.2457081 0.9692875 -1.60313e-4 0.2164417 0.9762955 2.16494e-6 0.2584117 0.966035 2.43494e-6 0.2609038 0.9653648 0 0.3390239 0.9407778 5.2157e-4 0.3349999 0.942218 0.001286864 0.3311984 0.9435603 0.002224445 0.3278079 0.9447418 0.003060519 0.3254485 0.9455548 0.004812598 0.3214094 0.9469281 0.006597697 0.3179379 0.9480886 0.008215188 0.3152177 0.9489838 0.01124191 0.3107275 0.9504325 0.01429462 0.3066645 0.9517104 0.01923733 0.3006736 0.9535331 0.0216273 0.3029394 0.9527643 0.0172944 0.2984756 0.9542606 0.01372653 0.2944375 0.9555722 0.01162487 0.291801 0.9564084 0.00868082 0.2876612 0.9576929 0.007219791 0.2853311 0.9584019 0.005368769 0.2819356 0.9594183 0.003728747 0.2784166 0.9604532 0.002961039 0.2764521 0.9610232 0.001818954 0.2728735 0.9620482 0.001114428 0.270075 0.9628387 4.20073e-4 0.2664059 0.9638608 -0.006917297 0.3677423 0.929902 -0.0118525 0.352395 0.9357763 -0.01008653 0.3573976 0.9338979 -0.008535504 0.3622148 0.9320557 -1.23205e-4 0.3348116 0.9422851 0 0.3390239 0.9407778 0 0.3826839 0.9238794 -0.01727265 0.3381815 0.9409224 -0.01285272 0.3496834 0.9367798 -0.005694687 0.3723457 0.9280766 -0.004642307 0.3767186 0.926316 -0.003888487 0.3801733 0.9249071 -0.003261089 0.3833364 0.923603 -0.003234565 0.3834763 0.9235451 -0.002679288 0.3865407 0.9222685 -0.001887559 0.410725 0.9117573 -0.002600014 0.3869972 0.9220772 -0.002187371 0.3894711 0.9210361 -0.00201404 0.3905504 0.9205794 -0.001803398 0.3919087 0.9200024 -0.001935958 0.3910255 0.9203777 -0.001380264 0.3948341 0.9187514 -3.09436e-4 0.4057645 0.9139776 2.64307e-4 0.4040027 0.9147577 0.001204609 0.4011973 0.9159909 0.001448929 0.4004923 0.916299 0.002058506 0.3988006 0.9170354 0.003039717 0.3961907 0.9181632 0.002994358 0.3963058 0.9181138 0.003491103 0.3951094 0.9186275 0.003901541 0.3941738 0.9190276 0.004795849 0.3922517 0.9198455 0.005127727 0.391581 0.9201293 0.006327748 0.3893073 0.9210862 0.006587028 0.3888479 0.9212784 0.008128821 0.3862972 0.9223386 0.01017647 0.3833599 0.923543 0.01307427 0.3797687 0.9249892 0.01663827 0.3759567 0.9264879 0.02154344 0.3714206 0.9282148 0.02679812 0.3672021 0.9297552 0.03277635 0.3630087 0.9312091 0.002462029 0.3826828 0.9238765 3.27034e-5 0.3437228 0.9390712 0 0.3306381 0.9437577 -1.38761e-4 -0.3342792 0.9424741 -2.63391e-4 -0.3314933 0.9434576 -5.06685e-4 -0.3274677 0.9448623 -6.99051e-4 -0.3249506 0.9457308 -0.001085758 -0.3207718 0.9471559 -0.001440048 -0.317515 0.9482521 -0.003913462 -0.2998951 0.9539642 -0.001788854 -0.3147265 0.9491807 -0.002361595 -0.3106735 0.9505138 -0.003926753 -0.3007269 0.9537022 -0.005503773 -0.3074095 0.9515614 -0.004648566 -0.3035166 0.9528149 -0.003196537 -0.2960464 0.9551682 -0.002791762 -0.2936608 0.9559057 -0.00208646 -0.289056 0.95731 -0.001811444 -0.2870467 0.9579148 -0.001327574 -0.2830429 0.9591064 -9.74933e-4 -0.2796888 0.9600902 -7.45754e-4 -0.2771368 0.9608302 -4.97004e-4 -0.273814 0.9617826 -2.79407e-4 -0.2702112 0.962801 0.01663827 -0.3759567 0.9264879 0.01307427 -0.3797687 0.9249891 0.01017647 -0.3833599 0.923543 0.03303533 -0.3628265 0.9312709 0.02679812 -0.3672021 0.9297552 0.02154344 -0.3714206 0.9282148 0 -0.3826839 0.9238793 0.04993581 -0.3521866 0.9345967 0.03641629 -0.3605987 0.9320098 0.001492202 -0.4003676 0.9163534 0.008128821 -0.3862972 0.9223386 0.006843745 -0.3884235 0.9214556 0.006082594 -0.3897721 0.9208913 0.00201857 -0.3989063 0.9169895 0.005039274 -0.3917486 0.9200585 0.004881441 -0.3920676 0.9199234 0.003772616 -0.3944509 0.9189093 0.003621339 -0.3947955 0.9187619 0.003369092 -0.3954032 0.9185014 0.002654373 -0.3972162 0.9177212 0.001265108 -0.4010227 0.9160673 1.91375e-4 -0.4042268 0.9146588 -2.62786e-4 -0.4056214 0.9140412 -9.87781e-4 -0.3975997 0.9175584 -0.001437664 -0.3944411 0.9189201 -0.001947641 -0.3909452 0.9204119 -0.00179255 -0.3919785 0.9199726 -0.001912891 -0.3912028 0.9203025 -0.002285897 -0.3888806 0.9212853 -0.002493739 -0.3876347 0.9218097 -0.002784371 -0.3859612 0.9225109 -0.003116369 -0.3841292 0.9232741 -0.003380179 -0.3827363 0.9238514 -0.003888487 -0.3801733 0.9249071 -0.004642307 -0.3767187 0.9263162 -0.005694687 -0.3723457 0.9280766 -0.006917297 -0.3677422 0.929902 -0.008535504 -0.3622148 0.9320557 -0.01008653 -0.3573976 0.9338979 -0.01187372 -0.3523349 0.9357987 -0.01282727 -0.3497493 0.9367555 -3.07385e-5 -0.3826839 0.9238793 0 -0.3306381 0.9437577 0 -0.3390239 0.9407778 0.008194327 -0.315253 0.9489723 4.20073e-4 -0.2664059 0.9638608 0.001070976 -0.2698454 0.962903 0.001891434 -0.2731008 0.9619836 0.002904951 -0.2762765 0.9610738 0.003803968 -0.2785781 0.960406 0.005304932 -0.2817988 0.9594588 0.01127833 -0.3106793 0.9504479 0.007296621 -0.2854537 0.9583647 0.008750736 -0.2877728 0.9576588 0.01154577 -0.2917017 0.9564396 0.01411193 -0.2949205 0.9554175 0.01683783 -0.2980046 0.9544159 0.01942551 -0.3006725 0.9535296 0.0171734 -0.3031834 0.9527775 0.0142551 -0.3067172 0.9516939 0.006341218 -0.318369 0.9479456 0.00499469 -0.3209891 0.9470698 0.00304377 -0.325487 0.9455416 0.002233684 -0.3277745 0.9447534 0.001090824 -0.3319068 0.9433116 6.18638e-4 -0.3342503 0.9424842 -1.11702e-4 -0.2665951 0.9638086 2.43494e-6 -0.2609038 0.9653648 -2.35636e-6 -0.2164418 0.9762956 -0.01164591 -0.2490897 0.9684103 -0.01045179 -0.2457081 0.9692875 -0.008959829 -0.241112 0.9704559 -0.007569909 -0.2364547 0.9716131 -0.006340563 -0.2319808 0.9726997 -0.00566858 -0.2293338 0.9733313 -0.005320727 -0.2279103 0.9736676 -0.004558563 -0.2246745 0.9744232 -0.001899242 -0.1970905 0.9803835 -0.004481971 -0.224338 0.9745011 -0.003979027 -0.2220518 0.9750267 -0.003620326 -0.2203692 0.9754098 -0.00297749 -0.2172642 0.9761083 -0.002862572 -0.2166942 0.9762353 -0.002710938 -0.2159236 0.9764065 -8.20381e-4 -0.199612 0.9798746 7.42039e-4 -0.203168 0.9791437 0.001393198 -0.2046063 0.9788434 0.002579987 -0.2071419 0.9783075 0.003720283 -0.20949 0.9778037 0.004164934 -0.2103697 0.977613 0.00452578 -0.2110534 0.9774641 0.005736529 -0.2132436 0.9769822 0.006567895 -0.214675 0.9766635 0.00765407 -0.2164497 0.9762637 0.008009314 -0.2169991 0.976139 0.009656012 -0.219405 0.9755861 0.01054972 -0.2206353 0.9752994 0.01229202 -0.2228912 0.9747658 0.01543796 -0.2264775 0.973894 0.01920038 -0.2302348 0.9729457 0.02354246 -0.2340222 0.9719462 5.941e-4 -0.2164417 0.9762954 -8.0912e-6 -0.2584163 0.9660336 -9.10013e-6 -0.2609087 0.9653635 -1.29836e-4 -0.7715398 0.636181 -0.001205325 -0.7815846 0.6237981 -6.85627e-4 -0.7779592 0.6283143 -3.43709e-4 -0.7746648 0.6323721 -3.45244e-5 -0.8165126 0.5773277 -1.43441e-4 -0.8142908 0.5804572 -2.96097e-4 -0.8122654 0.583288 -5.25466e-4 -0.810005 0.5864227 -7.72374e-4 -0.8080682 0.5890884 -0.002994596 -0.7933465 0.6087629 -0.00862658 -0.8052363 0.5928912 -0.007734358 -0.8032653 0.5955712 -0.00675553 -0.8009551 0.5986862 -0.005780398 -0.7984852 0.6019867 -0.005135416 -0.7967258 0.6043192 -0.004350721 -0.7944103 0.6073659 -0.003642559 -0.7921373 0.6103321 -0.003083646 -0.7901768 0.6128712 -0.002576529 -0.7882215 0.6153863 -0.002154171 -0.7864198 0.6176885 -0.001748204 -0.7844898 0.6201393 -0.001855134 -0.849623 0.5273874 0.005698919 -0.8498793 0.5269466 0.01378977 -0.8431365 0.5375227 0.01028764 -0.8456569 0.5336276 0.007695257 -0.8478611 0.5301625 2.87574e-4 -0.8224711 0.568807 8.21688e-4 -0.8245996 0.5657161 0.007740199 -0.8433688 0.5372795 0.03342396 -0.8330795 0.5521427 0.02902585 -0.8350225 0.5494497 0.02555072 -0.8366479 0.5471448 0.02223104 -0.8383004 0.5447552 0.01802372 -0.8405333 0.54146 0.004268705 -0.8516037 0.5241687 0.003441214 -0.8527937 0.5222365 0.002956092 -0.8535535 0.5209968 9.88356e-4 -0.8576453 0.5142408 0.002398133 -0.8545041 0.519439 0.002207458 -0.8548569 0.518859 0.001898825 -0.855475 0.5178406 0.001617789 -0.8560818 0.5168379 0.001466095 -0.8564333 0.5162557 0.00118941 -0.8571177 0.5151193 7.31086e-4 -0.8583565 0.5130532 4.4829e-4 -0.8591739 0.5116835 3.98232e-4 -0.8593242 0.511431 -5.61684e-4 -0.8564329 0.5162581 -2.96056e-4 -0.8583462 0.513071 -5.036e-4 -0.8568402 0.5155819 -7.38266e-4 -0.8552501 0.518215 -7.12073e-4 -0.8554206 0.5179334 -8.00607e-4 -0.8548706 0.5188407 -9.7253e-4 -0.8538545 0.5205108 -0.001057386 -0.853379 0.5212898 -0.001135289 -0.8529676 0.5219628 -0.001350224 -0.8518986 0.5237052 -0.001549601 -0.8509659 0.5252187 -0.002377152 -0.8476068 0.5306195 -0.003083109 -0.8452078 0.5344288 -0.003956317 -0.8425896 0.5385418 -0.005081534 -0.8395977 0.543185 -0.00634402 -0.8366033 0.5477725 -0.007527291 -0.8340862 0.5515828 -0.008450031 -0.8322179 0.5543844 -0.009259939 -0.8306567 0.5567079 -0.01047617 -0.828419 0.5600109 -0.0115081 -0.8266032 0.5626676 -0.01278406 -0.8244524 0.565787 -7.05144e-4 -0.8433938 0.5372954 0 -0.8203611 0.5718458 0 -0.8180367 0.5751661 6.56206e-5 -0.7685945 0.6397362 4.10801e-4 -0.7713451 0.636417 0.001104891 -0.7742238 0.632911 0.002250134 -0.7772035 0.6292453 0.004058063 -0.7804448 0.6252115 0.006060063 -0.7830697 0.6219044 0.007501959 -0.7847103 0.6198173 0.008959233 -0.7861653 0.6179513 0.0114994 -0.788407 0.6150466 0.01360774 -0.7900629 0.6128748 0.01649147 -0.7920937 0.6101767 0.01974987 -0.7941614 0.6073858 0.02362257 -0.7963879 0.6043247 0.01766514 -0.7932263 0.6086707 0.00992316 -0.8006471 0.599054 0.007412075 -0.8032861 0.5955472 0.005654215 -0.8053696 0.592746 0.003716528 -0.8080272 0.5891335 0.00237447 -0.8102305 0.5861064 0.001469373 -0.8120964 0.5835214 6.09089e-4 -0.8144953 0.5801699 1.78709e-4 -0.8163536 0.5775524 0 -0.8180367 0.5751661 0 -0.8203611 0.5718458 -2.09595e-5 -0.7686317 0.6396916 1.67667e-6 -0.7665367 0.6422006 -9.10659e-6 -0.73728 0.6755874 -0.008984982 -0.755822 0.6547155 -0.00837773 -0.7545437 0.6561964 -0.007543563 -0.7527251 0.6582918 -0.007061898 -0.7516387 0.6595374 -0.006510794 -0.7503554 0.6610025 -0.005822539 -0.7487022 0.6628808 -0.005337417 -0.7475023 0.6642377 -0.00485289 -0.7462708 0.6656248 -0.00421673 -0.7446117 0.6674845 -0.004748344 -0.7268629 0.6867662 -0.002640187 -0.7295645 0.6839069 -0.001325964 -0.7312031 0.6821585 0.001224458 -0.7342864 0.6788389 0.002087473 -0.7352953 0.6777437 0.003203094 -0.7365558 0.6763692 0.004976511 -0.7384843 0.6742522 0.005810737 -0.7393555 0.6732903 0.006940543 -0.7404859 0.6720359 0.007947266 -0.7414485 0.6709626 0.009040415 -0.7424451 0.6698461 0.01046073 -0.7436755 0.6684589 0.01164382 -0.7446475 0.6673565 0.01287293 -0.7456031 0.6662659 0.01464647 -0.7469049 0.6647695 9.60073e-4 -0.7372797 0.6755871 -3.91665e-6 -0.7654219 0.6435288 -5.23495e-6 -0.7665401 0.6421965 0.002094864 -0.9976531 -0.06843954 0.007166981 -0.9984112 -0.05589032 0.004892587 -0.9981596 -0.06044399 0.003264069 -0.9979066 -0.06458872 0 -0.9999983 -0.001793444 2.69655e-4 -0.9999852 -0.005438208 8.13448e-4 -0.999958 -0.009126245 0.001633048 -0.999916 -0.01286572 0.002735733 -0.999857 -0.01669156 0.01227742 -0.9989729 -0.04361647 0.03370273 -0.9990413 -0.02794045 0.02900052 -0.9990788 -0.03162896 0.0249136 -0.9990739 -0.03507792 0.02135241 -0.9990372 -0.03832679 0.01827049 -0.9989765 -0.04138004 0.01556241 -0.9988967 -0.04430812 0.0132088 -0.9988029 -0.04709827 0.01022118 -0.9986465 -0.05099624 0.001306831 -0.9974138 -0.07186061 8.93843e-4 -0.9972379 -0.07426941 6.74388e-4 -0.9971258 -0.07576239 5.16283e-4 -0.9970291 -0.07702362 3.8635e-4 -0.9969342 -0.07824361 2.92282e-4 -0.9968519 -0.07928532 2.11621e-4 -0.9967674 -0.08034074 1.60135e-4 -0.9967031 -0.08113545 1.20204e-4 -0.996644 -0.08185911 8.53113e-5 -0.9965833 -0.08259457 7.06391e-5 -0.9965538 -0.08294838 6.88278e-5 -0.9965498 -0.0829972 -1.32653e-5 -0.9964603 -0.08406525 -3.53032e-5 -0.9965919 -0.0824908 -2.81264e-5 -0.9965519 -0.08297121 -4.34623e-5 -0.9966293 -0.08203661 -4.91766e-5 -0.9966548 -0.08172678 -7.28264e-5 -0.9967463 -0.08060276 -9.0497e-5 -0.996805 -0.07987374 -1.19915e-4 -0.9968885 -0.0788244 -1.58759e-4 -0.9969826 -0.07762652 -2.06494e-4 -0.9970809 -0.07635194 -2.7028e-4 -0.9971931 -0.07487219 -3.45429e-4 -0.9973062 -0.07335054 -5.00296e-4 -0.9975045 -0.07060128 -7.79452e-4 -0.9977706 -0.06673246 -0.001178681 -0.9980553 -0.06232297 -0.001711964 -0.9983419 -0.05753868 -0.002423167 -0.9986305 -0.05226171 -0.003328263 -0.9989073 -0.04661595 -0.00417006 -0.9991032 -0.04213476 -0.004799544 -0.9992268 -0.03902256 -0.005502223 -0.9993444 -0.03578513 -0.006268978 -0.9994526 -0.03248244 -0.007117271 -0.9995524 -0.02905642 -0.008048593 -0.9996419 -0.02551919 -0.00905323 -0.9997188 -0.02191877 -0.01016008 -0.9997833 -0.0181666 -0.002239048 -0.9990456 -0.04361969 -3.37078e-4 -0.9999196 -0.01268267 -1.68121e-4 -0.9999592 -0.009036123 0.001297056 -0.9974108 0.07190304 -7.82574e-4 -0.9977735 0.06668919 -0.001174747 -0.9980531 0.06235855 -0.00333178 -0.9989083 0.04659426 -0.002419114 -0.9986292 0.0522871 -0.001715362 -0.9983436 0.05750805 -5.61117e-5 -0.9999853 -0.005420625 0 -0.9999983 -0.001812756 0 -0.9999983 0.001812756 -0.009050965 -0.9997186 0.02192592 -5.61118e-5 -0.9999853 0.005420625 -1.68365e-4 -0.9999591 0.009043991 -0.001769959 -0.9990467 0.04361814 -0.01134556 -0.9998326 0.0143541 -0.01015555 -0.9997832 0.01818114 -0.008045971 -0.9996418 0.02552735 -0.007121443 -0.9995529 0.02903962 -0.006269752 -0.9994528 0.03247928 -0.005503594 -0.9993446 0.03577899 -0.004802286 -0.9992273 0.03900992 -0.004161775 -0.9991015 0.04217594 -4.96616e-4 -0.9975009 0.0706523 -3.46602e-4 -0.9973088 0.07331484 -2.74566e-4 -0.9972006 0.07477271 -2.07986e-4 -0.9970836 0.07631736 -1.57602e-4 -0.9969798 0.07766216 -1.16233e-4 -0.9968796 0.07893788 -9.36198e-5 -0.9968153 0.07974493 -6.63751e-5 -0.9967248 0.08086889 -5.52731e-5 -0.9966818 0.08139628 -3.87136e-5 -0.9966081 0.08229404 -3.34942e-5 -0.9965818 0.08261191 -2.20206e-5 -0.9965178 0.08337992 1.9878e-5 -0.9964345 0.08437025 4.28873e-5 -0.9964912 0.08369702 7.06604e-5 -0.9965539 0.08294779 8.52872e-5 -0.9965832 0.08259505 1.2554e-4 -0.9966532 0.08174663 1.54256e-4 -0.9966957 0.08122617 2.21902e-4 -0.9967802 0.08018207 2.80241e-4 -0.9968413 0.07941865 3.8613e-4 -0.996934 0.07824599 5.17202e-4 -0.9970297 0.07701629 6.7814e-4 -0.997128 0.07573246 9.0431e-4 -0.9972434 0.07419329 0.002103507 -0.9976556 0.06840217 0.003252685 -0.9979048 0.06461769 0.004902839 -0.9981611 0.06041789 0.007154107 -0.9984101 0.05591094 0.01023286 -0.9986475 0.05097752 0.01320713 -0.998803 0.0470972 0.01554548 -0.9988962 0.04432642 0.01826429 -0.9989762 0.04138672 0.0213505 -0.999037 0.03832858 0.02492505 -0.9990741 0.03506743 0.02900356 -0.9990789 0.03162509 0.01370203 -0.9989545 0.04361414 0.00416392 -0.9997766 0.02072346 0.002741515 -0.9998567 0.01670783 0.001637101 -0.9999158 0.01287686 8.08785e-4 -0.9999583 0.009094595 2.7176e-4 -0.999985 0.005452513 0 -0.9999985 0.001788794 -2.09592e-5 -0.7686317 -0.6396916 -1.29835e-4 -0.7715399 -0.636181 -3.43709e-4 -0.7746648 -0.6323721 -6.85627e-4 -0.7779592 -0.6283143 -0.001205325 -0.7815846 -0.6237981 -0.001686453 -0.7841604 -0.6205559 -0.002154171 -0.7863854 -0.6177325 -0.002597272 -0.7882757 -0.6153167 -0.003074347 -0.7901157 -0.61295 -0.003748834 -0.792481 -0.609885 -0.004345953 -0.7943963 -0.6073842 -0.005071222 -0.7965367 -0.604569 -0.005855143 -0.798675 -0.6017341 -0.006778776 -0.8010138 -0.5986075 -0.007579207 -0.8029039 -0.5960604 -0.003314793 -0.7933458 -0.6087623 -0.001097142 -0.8059355 -0.5920025 -7.81678e-4 -0.807995 -0.5891888 -5.17538e-4 -0.8100671 -0.586337 -3.00947e-4 -0.8122009 -0.5833778 -1.38413e-4 -0.8143573 -0.5803637 0.003640711 -0.7370301 -0.6758502 0.01292049 -0.74564 -0.6662237 0.004564106 -0.7380338 -0.6747483 0.01179993 -0.744769 -0.6672182 0.0102995 -0.7435361 -0.6686165 0.009273827 -0.7426475 -0.6696183 0.008147537 -0.7416214 -0.6707691 0.006728649 -0.7402647 -0.672282 0.006039202 -0.7395748 -0.6730473 -0.003352999 -0.7422843 -0.6700766 0.001981258 -0.7351558 -0.6778954 7.67636e-4 -0.7337355 -0.6794348 -7.75846e-4 -0.7318699 -0.681444 -0.003118872 -0.7416462 -0.670784 -0.004201889 -0.7445536 -0.6675495 -0.004873275 -0.7463046 -0.6655868 -0.005556523 -0.7480404 -0.66363 -0.005889296 -0.7488629 -0.6626988 -0.006479859 -0.7502813 -0.661087 -0.007090687 -0.7517036 -0.659463 -0.007555246 -0.7527513 -0.6582617 -0.008364081 -0.7545149 -0.6562296 -3.1542e-4 -0.73728 -0.6755873 1.25434e-6 -0.7654191 -0.6435322 1.67667e-6 -0.7665367 -0.6422006 0.002250134 -0.7772035 -0.6292453 0.001104891 -0.7742238 -0.632911 4.10801e-4 -0.7713451 -0.636417 2.35106e-4 -0.8161638 -0.5778205 6.46268e-4 -0.8143919 -0.5803149 0.001419365 -0.8122363 -0.5833269 0.002457916 -0.8100939 -0.586295 0.003819346 -0.8078579 -0.5893651 0.005271255 -0.8058664 -0.592074 0.007621467 -0.8030822 -0.5958194 0.01689058 -0.793237 -0.6086788 0.02782762 -0.7985891 -0.601233 0.02346229 -0.7963035 -0.6044421 0.01987761 -0.7942422 -0.607276 0.01660394 -0.7921653 -0.6100806 0.0138911 -0.7902563 -0.6126189 0.01126283 -0.7881919 -0.6153265 0.009211778 -0.7863824 -0.6176713 0.007322669 -0.7844962 -0.6200904 0.00599116 -0.7829796 -0.6220185 0.004058063 -0.7804449 -0.6252115 6.56214e-5 -0.7685946 -0.6397362 -5.23495e-6 -0.7665401 -0.6421965 2.8411e-5 -0.73728 -0.6755873 0.01618397 -0.7479679 -0.6635376 0.01460158 -0.7468738 -0.6648055 -0.006406664 -0.8364705 -0.5479745 -0.005029261 -0.8397373 -0.5429697 -0.003956317 -0.8425895 -0.5385419 -5.04185e-5 -0.8161519 -0.5778375 0 -0.8183758 -0.5746834 0 -0.8433941 -0.5372955 -0.01415717 -0.8222286 -0.5689813 -0.01279431 -0.8244358 -0.5658109 -0.0114932 -0.8266294 -0.5626292 -0.01043319 -0.8284944 -0.5599002 -0.009443938 -0.8303151 -0.5572143 -0.008431375 -0.8322677 -0.5543099 -0.007428884 -0.8342962 -0.5512663 0.004268646 -0.8516037 -0.5241687 -0.003083109 -0.8452078 -0.5344288 -0.002377152 -0.8476068 -0.5306195 -0.001855134 -0.849623 -0.5273874 -1.15742e-4 -0.8609118 -0.5087543 -0.001534998 -0.8510297 -0.5251153 -0.001364648 -0.8518267 -0.5238218 -0.001234173 -0.8524762 -0.5227646 -0.001646459 -0.8656984 -0.5005633 -0.001058876 -0.8534027 -0.5212512 -9.13172e-4 -0.8542182 -0.5199139 -8.69442e-4 -0.8544767 -0.519489 -7.28229e-4 -0.8553547 -0.5180425 -5.98557e-4 -0.8561977 -0.5166479 -6.07204e-4 -0.8561392 -0.516745 8.83451e-5 -0.8602825 -0.5098178 7.07279e-4 -0.8584254 -0.512938 6.88341e-4 -0.8584801 -0.5128462 0.001027166 -0.8575434 -0.5144107 0.001061737 -0.8574528 -0.5145615 0.001377761 -0.8566717 -0.5158601 0.001704335 -0.8559151 -0.5171136 0.001828312 -0.8556475 -0.5175559 0.002184569 -0.8549344 -0.5187315 0.00263518 -0.8541008 -0.520101 0.002953946 -0.8535572 -0.5209909 0.003442406 -0.852792 -0.5222393 0.005698919 -0.8498793 -0.5269466 0.007695257 -0.8478611 -0.5301625 0.01028764 -0.8456569 -0.5336276 2.73325e-4 -0.8223669 -0.5689576 0 -0.8203611 -0.5718458 0 -0.8183758 -0.5746834 0.0136494 -0.8432381 -0.5373669 0.01819962 -0.8404405 -0.5415982 0.02220946 -0.8383119 -0.5447384 0.02520406 -0.8368226 -0.5468937 0.02933049 -0.8348928 -0.5496305 0.009469687 -0.8433562 -0.5372714 0.001520097 -0.8265395 -0.5628767 8.63259e-4 -0.8247154 -0.5655472 -1.11702e-4 -0.2665951 -0.9638086 -2.67576e-4 -0.2699562 -0.9628725 -5.14707e-4 -0.2740506 -0.9617152 -7.30931e-4 -0.2769389 -0.9608873 -9.94393e-4 -0.279874 -0.9600362 -0.001292824 -0.2827128 -0.9592037 -0.001761138 -0.286586 -0.9580529 -0.002252399 -0.2901743 -0.9569712 -0.002617359 -0.2925565 -0.9562446 -0.003267586 -0.2963895 -0.9550616 -0.004000484 -0.3003239 -0.9538289 -0.004721224 -0.3038744 -0.9527003 -0.004023373 -0.3006941 -0.9537122 -0.002911329 -0.3071027 -0.9516719 -0.002414107 -0.3102593 -0.9506489 -0.001835167 -0.3143557 -0.9493035 -0.001394152 -0.3178817 -0.9481294 -0.001035809 -0.3211747 -0.9470195 -7.33893e-4 -0.3244376 -0.9459068 -4.62783e-4 -0.3279864 -0.9446823 -2.81779e-4 -0.3309817 -0.9436372 0.01543796 -0.2264775 -0.973894 0.01890617 -0.2299411 -0.9730209 8.80454e-6 -0.2164418 -0.9762955 0.0270363 -0.2366825 -0.9712108 0.02387738 -0.2342773 -0.9718766 0.002551376 -0.2070808 -0.9783205 0.01257866 -0.2232181 -0.9746873 0.01016312 -0.2200905 -0.9754266 0.009505391 -0.219185 -0.975637 0.003100156 -0.2082109 -0.978079 0.008286714 -0.2174046 -0.9760465 0.007377207 -0.2159974 -0.9763661 0.006664514 -0.2148329 -0.9766281 0.005641043 -0.2130709 -0.9770205 0.005216896 -0.2123038 -0.9771898 0.00408107 -0.2101519 -0.9776602 0.002093315 -0.2061023 -0.9785282 -2.55891e-5 -0.2014213 -0.9795047 4.98137e-5 -0.2015929 -0.9794694 -0.002048969 -0.2124891 -0.9771613 -0.002196133 -0.2132542 -0.9769943 -0.00285995 -0.2166292 -0.9762498 -0.003377914 -0.2191988 -0.9756743 -0.00348401 -0.2197109 -0.9755588 -0.004111826 -0.2226555 -0.9748885 -0.004247069 -0.2232703 -0.9747473 -0.004788935 -0.2256529 -0.974196 -0.005120158 -0.2270591 -0.9738675 -0.005577325 -0.2289302 -0.9734269 -0.006488084 -0.2325179 -0.9725704 -0.007569909 -0.2364547 -0.9716131 -0.008822858 -0.2406533 -0.970571 -0.01060003 -0.2461282 -0.9691793 -1.60313e-4 -0.2164417 -0.9762955 2.16494e-6 -0.2584117 -0.966035 2.43494e-6 -0.2609038 -0.9653648 0 -0.3390239 -0.9407778 6.2289e-4 -0.3342176 -0.9424958 0.001233458 -0.3311837 -0.9435654 0.001963675 -0.3285435 -0.9444868 0.003323495 -0.3247058 -0.9458092 0.004756629 -0.3214012 -0.9469311 0.00615704 -0.3186784 -0.9478428 0.008664727 -0.3144612 -0.9492307 0.01118165 -0.3107265 -0.9504336 0.01362997 -0.3074686 -0.9514607 0.0192644 -0.3006408 -0.953543 0.02091002 -0.3022013 -0.9530149 0.0172944 -0.2984756 -0.9542606 0.01435202 -0.295146 -0.9553444 0.01111942 -0.2910909 -0.9566308 0.009179472 -0.2883629 -0.9574772 0.006827175 -0.2846112 -0.9586188 0.005368769 -0.2819356 -0.9594183 0.004069864 -0.2791489 -0.9602392 0.002715587 -0.2756834 -0.9612447 0.001818954 -0.2728735 -0.9620482 0.001114428 -0.270075 -0.9628387 4.20073e-4 -0.2664059 -0.9638608 -0.006908059 -0.3677343 -0.9299052 -0.01184231 -0.3523898 -0.9357784 -0.01020765 -0.3570209 -0.9340406 -0.008411049 -0.3626007 -0.9319067 -1.46792e-4 -0.3340044 -0.9425715 0 -0.3390239 -0.9407778 0 -0.3826839 -0.9238794 -0.01043319 -0.3559207 -0.934458 -0.01284235 -0.3496786 -0.9367817 -0.005685806 -0.3723367 -0.9280803 -0.004747688 -0.3762352 -0.9265121 -0.003774166 -0.3806967 -0.9246923 -0.003481864 -0.3821707 -0.9240852 -0.003001272 -0.3847074 -0.9230337 -0.002671837 -0.3865251 -0.9222751 -0.001881361 -0.4106391 -0.911796 -0.002592802 -0.3869801 -0.9220844 -0.002180457 -0.3894523 -0.921044 -0.002287805 -0.3887835 -0.9213263 -0.001803398 -0.3919087 -0.9200024 -0.001602709 -0.3932449 -0.9194324 -0.001375138 -0.3948036 -0.9187645 -3.07696e-4 -0.4056923 -0.9140097 2.62805e-4 -0.4039403 -0.9147853 0.001200616 -0.401142 -0.9160151 0.001443028 -0.4004428 -0.9163207 0.002050876 -0.3987555 -0.917055 0.002515673 -0.3975197 -0.9175902 0.002994358 -0.3963058 -0.9181138 0.003962337 -0.3939735 -0.9191132 0.003889203 -0.3941404 -0.9190421 0.004782497 -0.3922202 -0.9198589 0.005113542 -0.3915514 -0.920142 0.005871176 -0.3901162 -0.9207469 0.007030487 -0.3880617 -0.9216066 0.007890462 -0.3866388 -0.9221975 0.01040685 -0.3830291 -0.9236777 0.01305383 -0.3797482 -0.9249978 0.0166161 -0.375938 -0.9264958 0.02123069 -0.3716711 -0.9281216 0.02711844 -0.3669443 -0.9298476 0.03274828 -0.3629947 -0.9312155 0.00241214 -0.3826828 -0.9238767 -1.95437e-5 -0.3436986 -0.9390801 0 -0.3514243 -0.9362163 -1.38761e-4 0.3342792 -0.9424741 -2.99005e-4 0.3306968 -0.9437371 -4.94283e-4 0.3274648 -0.9448632 -6.86598e-4 0.3249483 -0.9457315 -0.001073241 0.32077 -0.9471565 -0.00134319 0.3182886 -0.9479929 -0.003913462 0.2998951 -0.9539642 -0.001886248 0.313947 -0.9494386 -0.00234884 0.3106732 -0.9505139 -0.003919005 0.3006942 -0.9537126 -0.005503773 0.3074095 -0.9515614 -0.004648566 0.3035166 -0.9528149 -0.003341495 0.2968251 -0.9549261 -0.002671539 0.2928762 -0.9561467 -0.002207458 0.2898462 -0.9570707 -0.001714646 0.2862463 -0.9581545 -0.001327574 0.2830429 -0.9591064 -9.74933e-4 0.2796888 -0.9600902 -7.45754e-4 0.2771368 -0.9608302 -4.97004e-4 0.273814 -0.9617826 -2.79407e-4 0.2702112 -0.962801 0.0166161 0.375938 -0.9264958 0.01305383 0.3797482 -0.9249978 0.01040685 0.3830291 -0.9236777 0.032292 0.3633155 -0.9311064 0.02711844 0.3669443 -0.9298476 0.02123069 0.3716711 -0.9281216 0 0.3826839 -0.9238793 0.03024685 0.3643732 -0.9307617 0.03717321 0.3600991 -0.9321732 0.001486241 0.400318 -0.9163751 0.007890462 0.3866388 -0.9221975 0.006827831 0.3883968 -0.921467 0.006067514 0.3897441 -0.9209032 0.00201106 0.3988613 -0.9170091 0.005025029 0.3917189 -0.9200712 0.00486809 0.3920361 -0.9199369 0.004228889 0.3934105 -0.9193533 0.003621339 0.3947955 -0.9187619 0.002869486 0.3966065 -0.9179842 0.002645373 0.3971747 -0.9177392 0.001261174 0.4009674 -0.9160914 1.89878e-4 0.4041644 -0.9146863 -2.6105e-4 0.4055491 -0.9140732 -9.83469e-4 0.3975638 -0.917574 -0.001432538 0.3944107 -0.9189332 -0.001614511 0.393164 -0.919467 -0.00179255 0.3919785 -0.9199726 -0.002185165 0.3894461 -0.9210466 -0.002278983 0.388862 -0.9212933 -0.002486526 0.3876177 -0.921817 -0.002776861 0.3859456 -0.9225173 -0.00310862 0.3841148 -0.9232801 -0.003372251 0.382723 -0.923857 -0.003774166 0.3806967 -0.9246923 -0.004747688 0.3762352 -0.9265121 -0.005685806 0.3723367 -0.9280803 -0.006908059 0.3677343 -0.9299052 -0.008411049 0.3626007 -0.9319067 -0.01020765 0.3570209 -0.9340406 -0.01186352 0.3523297 -0.9358007 -0.01281696 0.3497446 -0.9367574 -1.86954e-5 0.3826839 -0.9238793 0 0.3514243 -0.9362162 0 0.3390239 -0.9407778 0.008642613 0.3144985 -0.9492186 4.20073e-4 0.2664059 -0.9638608 0.001070976 0.2698454 -0.962903 0.001891434 0.2731008 -0.9619836 0.002904951 0.2762765 -0.9610738 0.003803968 0.2785781 -0.960406 0.005304932 0.2817988 -0.9594588 0.01121789 0.3106781 -0.9504491 0.006905198 0.2847357 -0.9585812 0.009248256 0.2884726 -0.9574435 0.01103889 0.2909897 -0.9566625 0.01416563 0.2949124 -0.9554193 0.01753532 0.2987241 -0.9541783 0.01939392 0.30064 -0.9535405 0.01786333 0.3023469 -0.9530305 0.01359194 0.3075191 -0.9514448 0.006341218 0.318369 -0.9479456 0.004616975 0.3217235 -0.9468224 0.003305912 0.3247464 -0.9457954 0.001972377 0.328512 -0.9444977 0.001244306 0.3311445 -0.9435792 6.18638e-4 0.3342503 -0.9424842 -1.11702e-4 0.2665951 -0.9638086 2.43494e-6 0.2609038 -0.9653648 -2.35636e-6 0.2164418 -0.9762956 -0.01164591 0.2490897 -0.9684103 -0.01060003 0.2461282 -0.9691793 -0.008822858 0.2406533 -0.970571 -0.007569909 0.2364547 -0.9716131 -0.006488084 0.2325179 -0.9725704 -0.00537765 0.2281433 -0.9736127 -0.005320727 0.2279103 -0.9736676 -0.004558563 0.2246745 -0.9744232 -0.001899242 0.1970905 -0.9803835 -0.004481971 0.224338 -0.9745011 -0.003979027 0.2220518 -0.9750267 -0.003620326 0.2203692 -0.9754098 -0.003370523 0.219163 -0.9756824 -0.002867758 0.2166689 -0.976241 -0.002239942 0.2134768 -0.9769455 -8.20381e-4 0.199612 -0.9798746 7.42039e-4 0.203168 -0.9791437 0.001393198 0.2046063 -0.9788434 0.002579987 0.2071419 -0.9783075 0.003072202 0.2081556 -0.978091 0.004172503 0.2103328 -0.9776209 0.005125105 0.2121377 -0.9772263 0.005736529 0.2132436 -0.9769822 0.006567895 0.214675 -0.9766635 0.007105767 0.2155539 -0.9764661 0.008567392 0.2178146 -0.9759525 0.009656012 0.219405 -0.9755861 0.01000654 0.2198876 -0.9754739 0.01257866 0.2232181 -0.9746873 0.01543796 0.2264775 -0.973894 0.01890617 0.2299411 -0.9730209 0.02387738 0.2342773 -0.9718766 5.941e-4 0.2164417 -0.9762954 -8.0912e-6 0.2584163 -0.9660336 -9.10013e-6 0.2609087 -0.9653635 -1.29836e-4 0.7715398 -0.636181 -0.001205325 0.7815846 -0.6237981 -6.85627e-4 0.7779592 -0.6283143 -3.43709e-4 0.7746648 -0.6323721 -4.88559e-5 0.8162209 -0.57774 -1.43441e-4 0.8142908 -0.5804572 -2.96097e-4 0.8122654 -0.583288 -5.25466e-4 0.810005 -0.5864227 -7.72374e-4 0.8080682 -0.5890884 -0.002994596 0.7933465 -0.6087629 -0.008770406 0.8055356 -0.5924824 -0.007606625 0.8029646 -0.5959783 -0.00675553 0.8009551 -0.5986862 -0.005900561 0.7987902 -0.6015806 -0.005029976 0.7964153 -0.6047291 -0.004350721 0.7944103 -0.6073659 -0.003742218 0.7924579 -0.6099152 -0.003091216 0.790175 -0.6128736 -0.00258404 0.7882195 -0.6153889 -0.002080976 0.7860725 -0.6181309 -0.001748204 0.7844898 -0.6201393 0.005698919 0.8498793 -0.5269466 0.0136494 0.8432381 -0.5373669 0.01028764 0.8456569 -0.5336276 0.007695257 0.8478611 -0.5301625 2.87574e-4 0.8224711 -0.568807 8.21688e-4 0.8245996 -0.5657161 0.007740199 0.8433688 -0.5372795 0.03342396 0.8330795 -0.5521427 0.0294606 0.8348315 -0.5497166 0.02556961 0.8366526 -0.5471367 0.02186983 0.8384932 -0.5444731 0.01819962 0.8404405 -0.5415982 -0.001855134 0.849623 -0.5273874 0.004268705 0.8516037 -0.5241687 0.003441214 0.8527937 -0.5222365 0.002956092 0.8535535 -0.5209968 9.88356e-4 0.8576453 -0.5142408 0.002599239 0.854162 -0.5200006 0.002216935 0.8548696 -0.5188383 0.001907765 0.8554886 -0.5178181 0.001626133 0.8560965 -0.5168134 0.00125426 0.8569574 -0.5153858 0.00118941 0.8571177 -0.5151193 7.31086e-4 0.8583565 -0.5130532 4.4829e-4 0.8591739 -0.5116835 3.98232e-4 0.8593242 -0.511431 -3.84289e-4 0.8577122 -0.51413 -2.96056e-4 0.8583462 -0.513071 -6.53272e-4 0.8558269 -0.5172619 -6.11582e-4 0.8561095 -0.5167941 -7.16193e-4 0.8554293 -0.5179191 -9.08931e-4 0.8542308 -0.5198932 -8.74594e-4 0.8544337 -0.5195597 -0.001062035 0.8533852 -0.5212798 -0.001230537 0.8524943 -0.5227351 -0.001350224 0.8518986 -0.5237052 -0.001549601 0.8509659 -0.5252187 -0.002377152 0.8476068 -0.5306195 -0.003083109 0.8452078 -0.5344288 -0.003956317 0.8425896 -0.5385418 -0.005029261 0.8397373 -0.5429697 -0.006406664 0.8364705 -0.5479745 -0.007527291 0.8340862 -0.5515828 -0.008320808 0.8324801 -0.5539925 -0.009402036 0.830396 -0.5570943 -0.01047617 0.828419 -0.5600109 -0.0115081 0.8266032 -0.5626676 -0.01278406 0.8244524 -0.565787 -7.05144e-4 0.8433938 -0.5372954 0 0.8203611 -0.5718458 0 0.8183758 -0.5746834 6.56206e-5 0.7685945 -0.6397362 4.10801e-4 0.7713451 -0.636417 0.001104891 0.7742238 -0.632911 0.002250134 0.7772035 -0.6292453 0.004058063 0.7804448 -0.6252115 0.005829036 0.7827677 -0.6222867 0.007528364 0.7847021 -0.6198274 0.009269893 0.7864403 -0.6175968 0.01118725 0.7881323 -0.6154042 0.01397991 0.7903259 -0.6125273 0.01649147 0.7920937 -0.6101767 0.01974987 0.7941614 -0.6073858 0.02362257 0.7963879 -0.6043247 0.01766514 0.7932263 -0.6086707 0.00992316 0.8006471 -0.599054 0.007729887 0.8029533 -0.595992 0.005425095 0.8056848 -0.5923196 0.003716528 0.8080272 -0.5891335 0.002555787 0.8099336 -0.586516 0.001365184 0.8123877 -0.5831162 7.12178e-4 0.8142086 -0.580572 2.14648e-4 0.8163567 -0.5775479 0 0.8183758 -0.5746834 0 0.8203611 -0.5718458 -2.09595e-5 0.7686317 -0.6396916 1.67667e-6 0.7665367 -0.6422006 -9.10659e-6 0.73728 -0.6755874 -0.008984982 0.755822 -0.6547155 -0.00837773 0.7545437 -0.6561964 -0.007543563 0.7527251 -0.6582918 -0.007061898 0.7516387 -0.6595374 -0.006510794 0.7503554 -0.6610025 -0.006092965 0.7493525 -0.6621434 -0.005341172 0.7474939 -0.6642473 -0.004856348 0.7462615 -0.6656352 -0.00421983 0.7446014 -0.667496 -0.00550574 0.7258687 -0.6878112 -0.002642393 0.729542 -0.6839309 -7.12041e-4 0.7319472 -0.6813611 6.59026e-4 0.7336045 -0.6795765 0.002089142 0.7352778 -0.6777626 0.003703773 0.7371011 -0.6757723 0.004502415 0.7379696 -0.6748189 0.005815029 0.7393411 -0.6733061 0.00694555 0.7404723 -0.672051 0.007952928 0.7414355 -0.6709769 0.009463965 0.7428124 -0.6694328 0.01046073 0.7436755 -0.6684589 0.01164382 0.7446475 -0.6673565 0.01287293 0.7456031 -0.6662659 0.01464647 0.7469049 -0.6647695 9.60073e-4 0.7372797 -0.6755871 -3.91665e-6 0.7654219 -0.6435288 -5.23495e-6 0.7665401 -0.6421965 -0.001050472 -0.397083 -0.9177821 0 -0.4046022 -0.9144928 0 -0.4617572 -0.8870064 0 -0.4617572 -0.8870064 0 -0.5373076 -0.8433863 0 -0.5373076 -0.8433863 0 -0.6087623 -0.7933527 0 -0.6087623 -0.7933527 0 -0.6755828 -0.7372842 0 -0.6755828 -0.7372842 0 -0.7329079 -0.6803279 -0.002566933 -0.7296385 -0.6838283 -4.39072e-4 -0.8573177 -0.5147876 0 -0.8604651 -0.5095093 0 -0.8870128 -0.4617446 0 -0.8870128 -0.4617446 0 -0.9238792 -0.3826842 0 -0.9238792 -0.3826842 0 -0.9537145 -0.3007137 0 -0.9537145 -0.3007137 0 -0.9762966 -0.2164371 0 -0.9762966 -0.2164371 0 -0.9914449 -0.1305258 0 -0.9914449 -0.1305258 0 -0.9963774 -0.08504146 2.07435e-5 -0.9964315 -0.08440542 -1.27382e-5 -0.9964622 0.0840426 0 -0.9963827 0.08497935 0 -0.9914449 0.1305258 0 -0.9914449 0.1305258 0 -0.9762948 0.2164447 0 -0.9762948 0.2164447 0 -0.9537178 0.3007034 0 -0.9537178 0.3007034 0 -0.9238792 0.3826842 0 -0.9238792 0.3826842 0 -0.8870128 0.4617446 0 -0.8870128 0.4617446 0 -0.8605132 0.5094282 -5.69634e-4 -0.8623066 0.5063862 -0.003819882 -0.7435522 0.668667 0 -0.7330511 0.6801736 0 -0.6755828 0.7372842 0 -0.6755828 0.7372842 0 -0.6087623 0.7933527 0 -0.6087623 0.7933527 0 -0.5373076 0.8433863 0 -0.5373076 0.8433863 0 -0.4617289 0.8870211 0 -0.4617289 0.8870211 0 -0.4046686 0.9144634 -0.001939296 -0.4108908 0.9116825 -0.002000212 -0.2122312 0.9772174 0 -0.2016274 0.9794623 0 -0.1304985 0.9914485 0 -0.1304985 0.9914485 0 -0.04361915 0.9990482 0 -0.04361915 0.9990482 0 0.04361915 0.9990482 0 0.04361915 0.9990482 0 0.1304985 0.9914485 0 0.1304985 0.9914485 0 0.2016274 0.9794623 -0.001867949 0.1971653 0.9803686 -0.001054823 0.3971189 0.9177665 0 0.4046686 0.9144634 0 0.4617289 0.8870211 0 0.4617289 0.8870211 0 0.5373076 0.8433863 0 0.5373076 0.8433863 0 0.6087623 0.7933527 0 0.6087623 0.7933527 0 0.6755828 0.7372842 0 0.6755828 0.7372842 0 0.7329275 0.6803069 -0.002564787 0.729661 0.6838044 -4.39072e-4 0.8573177 0.5147876 0 0.8604651 0.5095093 0 0.8870128 0.4617446 0 0.8870128 0.4617446 0 0.9238792 0.3826842 0 0.9238792 0.3826842 0 0.9537178 0.3007034 0 0.9537178 0.3007034 0 0.9762948 0.2164447 0 0.9762948 0.2164447 0 0.9914449 0.1305258 0 0.9914449 0.1305258 0 0.9963827 0.08497935 1.99356e-5 0.9964346 0.08436852 -1.32523e-5 0.9964601 -0.08406621 0 0.9963774 -0.08504146 0 0.9914449 -0.1305258 0 0.9914449 -0.1305258 0 0.9762966 -0.2164371 0 0.9762966 -0.2164371 0 0.9537145 -0.3007137 0 0.9537145 -0.3007137 0 0.9238792 -0.3826842 0 0.9238792 -0.3826842 0 0.8870128 -0.4617446 0 0.8870128 -0.4617446 0 0.8605132 -0.5094282 -5.69634e-4 0.8623066 -0.5063862 -0.003459274 0.7425689 -0.6697607 0 0.7330511 -0.6801736 0 0.6755828 -0.7372842 0 0.6755828 -0.7372842 0 0.6087623 -0.7933527 0 0.6087623 -0.7933527 0 0.5373076 -0.8433863 0 0.5373076 -0.8433863 0 0.4617572 -0.8870064 0 0.4617572 -0.8870064 0 0.4046022 -0.9144928 -0.001933097 0.410805 -0.9117212 -0.002000212 0.2122312 -0.9772174 0 0.2016274 -0.9794623 0 0.1305338 -0.9914439 0 0.1305338 -0.9914439 0 0.04361915 -0.9990482 0 0.04361915 -0.9990482 0 -0.04361915 -0.9990482 0 -0.04361915 -0.9990482 0 -0.1305338 -0.9914439 0 -0.1305338 -0.9914439 0 -0.2016274 -0.9794623 -0.002883315 -0.1947378 -0.9808512 0.7372332 -0.6425698 -0.2087853 -0.9940572 -0.1035307 -0.03363919 -0.9883587 -0.1446952 -0.04701441 -0.9883589 -0.1446945 -0.04701423 -0.9807861 -0.1855377 -0.06028503 -0.9807853 -0.1855419 -0.06028628 -0.9713305 -0.2260978 -0.07346343 -0.9713341 -0.2260837 -0.0734592 -0.9600467 -0.2661433 -0.08647537 -0.9600476 -0.2661407 -0.08647459 -0.9468985 -0.3057956 -0.09935927 -0.9469003 -0.3057906 -0.09935778 -0.9320157 -0.3446798 -0.1119937 -0.9320149 -0.3446818 -0.1119943 -0.9153221 -0.3830118 -0.1244485 -0.9153242 -0.3830071 -0.1244471 -0.8969188 -0.4205526 -0.1366464 -0.8968852 -0.4206178 -0.136666 -0.8767122 -0.457473 -0.1486411 -0.8767238 -0.4574528 -0.148635 -0.8434246 -0.510953 -0.1660181 -0.8434184 -0.5109624 -0.1660208 -0.7976943 -0.5735465 -0.1863554 -0.7933356 -0.5789161 -0.1883474 -0.7706326 -0.6060897 -0.1969282 -0.7372333 -0.6425709 -0.2087815 -0.7373012 -0.6424992 -0.2087624 -0.6856425 -0.69231 -0.224947 -0.6755561 -0.7013364 -0.2274891 -0.653035 -0.7202619 -0.2340256 -0.6088112 -0.754488 -0.2451463 -0.6087885 -0.7545049 -0.2451506 -0.5372884 -0.8021207 -0.2606217 -0.5373708 -0.8020696 -0.2606092 -0.4810181 -0.833801 -0.2709194 -0.4808247 -0.8339034 -0.2709481 -0.4422816 -0.8529812 -0.2771467 -0.4424065 -0.8529217 -0.2771303 -0.4028264 -0.8704798 -0.2828353 -0.4026471 -0.870556 -0.2828559 -0.3623894 -0.8864116 -0.2880077 -0.3625895 -0.8863362 -0.2879877 -0.3213052 -0.9006275 -0.2926312 -0.3213841 -0.9006015 -0.2926244 -0.2798233 -0.9130629 -0.2966734 -0.2797797 -0.9130753 -0.2966765 -0.2376703 -0.9238048 -0.3001627 -0.2377383 -0.9237885 -0.3001589 -0.1951431 -0.9327717 -0.3030778 -0.1950748 -0.932785 -0.3030806 -0.1520235 -0.9400021 -0.3054256 -0.1519808 -0.9400081 -0.3054285 -0.1089038 -0.9453995 -0.3071802 -0.109026 -0.9453876 -0.3071739 -0.06538009 -0.949022 -0.3083547 -0.06539618 -0.9490212 -0.3083541 -0.02192592 -0.9508284 -0.3089413 -0.02184224 -0.9508295 -0.3089434 0.02192169 -0.9508278 -0.3089429 0.02183938 -0.9508301 -0.3089419 0.06537485 -0.9490224 -0.3083546 0.06538844 -0.9490215 -0.3083546 0.1089015 -0.9454005 -0.307178 0.1090171 -0.9453877 -0.3071763 0.1520224 -0.9400021 -0.3054264 0.1519861 -0.9400077 -0.3054274 0.1950623 -0.9327874 -0.3030814 0.1951392 -0.9327724 -0.3030782 0.2377434 -0.9237872 -0.3001587 0.2376624 -0.9238066 -0.3001633 0.2797659 -0.9130791 -0.2966777 0.279819 -0.913064 -0.296674 0.3213918 -0.9005991 -0.2926238 0.3213068 -0.9006271 -0.292631 0.3623511 -0.8864245 -0.2880164 0.3623913 -0.8864094 -0.2880123 0.4028906 -0.8704525 -0.2828277 0.4028328 -0.8704771 -0.2828344 0.4424036 -0.852923 -0.2771307 0.4422742 -0.8529846 -0.2771477 0.48082 -0.8339058 -0.2709488 0.4810159 -0.8338023 -0.2709197 0.5372883 -0.8021195 -0.2606254 0.5373708 -0.8020708 -0.2606055 0.6087982 -0.754498 -0.2451483 0.6087751 -0.7545143 -0.2451549 0.6755448 -0.7012325 -0.2278426 0.6530662 -0.7206003 -0.2328944 0.6856425 -0.69231 -0.224947 0.7977029 -0.5734485 -0.18662 0.770632 -0.6060904 -0.1969284 0.7373015 -0.6425002 -0.2087585 0.7933536 -0.5789666 -0.1881165 0.8434123 -0.5109715 -0.1660237 0.8434062 -0.5109804 -0.1660271 0.8767307 -0.4574406 -0.148631 0.8767285 -0.4574445 -0.1486322 0.8968966 -0.4205959 -0.1366594 0.8969199 -0.4205504 -0.1366457 0.9153159 -0.3830252 -0.124453 0.9153044 -0.38305 -0.1244605 0.9320011 -0.3447155 -0.1120048 0.9320095 -0.3446949 -0.1119986 0.9469147 -0.3057503 -0.09934467 0.9469055 -0.305776 -0.09935241 0.9600326 -0.2661895 -0.08649003 0.9600374 -0.2661741 -0.08648538 0.9713612 -0.2259779 -0.07342481 0.9713513 -0.226017 -0.07343667 0.9807805 -0.1855652 -0.06029295 0.9807896 -0.1855213 -0.06027966 0.988365 -0.1446562 -0.04700177 0.988364 -0.1446633 -0.04700392 0.9940633 -0.1034778 -0.03362196 0.994065 -0.1034631 -0.03361749 0.9978584 -0.06220978 -0.02021336 0.9978585 -0.06220912 -0.02021318 0.9997615 -0.02076679 -0.006747603 0.9997615 -0.02076828 -0.00674802 0.9997637 0.02067232 0.006716847 0.9997639 0.02067095 0.00671643 0.9978592 0.06219714 0.02020925 0.9978592 0.06219738 0.02020931 0.9940494 0.1035984 0.03366142 0.9940504 0.1035904 0.03365868 0.9883571 0.1447052 0.04701775 0.9883574 0.1447033 0.04701703 0.9807824 0.1855551 0.06029069 0.9807761 0.1855852 0.06030112 0.9713332 0.226087 0.07346111 0.9713428 0.22605 0.0734483 0.9600496 0.2661338 0.08647233 0.9600558 0.2661136 0.08646529 0.9469307 0.3057057 0.09932953 0.9469195 0.3057367 0.09934031 0.9242256 0.3631579 0.1179977 0.9320275 0.3444012 0.1127498 0.9068767 0.4008961 0.129834 0.915363 0.3829234 0.1244199 0.8873727 0.438487 0.1424736 0.8968113 0.4210077 0.1359478 0.8669599 0.4738648 0.1543781 0.8767261 0.4574488 0.1486337 0.8434103 0.5109741 0.1660251 0.8433789 0.5110204 0.1660425 0.7933432 0.5789785 0.1881237 0.7933576 0.5789609 0.188117 0.7372365 0.6425665 0.2087838 0.7372907 0.6425111 0.2087625 0.6756149 0.7011715 0.2278223 0.675603 0.7011817 0.2278262 0.6087682 0.7545195 0.2451566 0.6087106 0.7545605 0.2451729 0.5372699 0.8021305 0.2606294 0.5373733 0.8020694 0.2606045 0.4812099 0.8337024 0.2708826 0.4809965 0.8338123 0.2709233 0.4421889 0.8530231 0.2771653 0.4422789 0.8529815 0.2771497 0.4026589 0.8705499 0.282858 0.4028291 0.8704798 0.2828314 0.3624674 0.8863827 0.2879984 0.3622737 0.8864531 0.2880256 0.3214201 0.9005905 0.2926191 0.3213415 0.9006153 0.292629 0.2797559 0.9130815 0.2966794 0.2797936 0.9130714 0.2966753 0.2378939 0.9237527 0.3001459 0.2378258 0.9237681 0.3001524 0.1950201 0.9327949 0.3030854 0.1950927 0.9327817 0.3030796 0.1522184 0.9399735 0.3054164 0.1522593 0.9399673 0.3054152 0.1089743 0.9453921 0.3071779 0.1088523 0.9454056 0.3071797 0.06527924 0.9490283 0.3083568 0.06526637 0.9490292 0.3083568 0.02184355 0.9508301 0.3089419 0.02191907 0.9508281 0.3089428 -0.02188003 0.9508288 0.308943 -0.0219593 0.9508277 0.3089411 -0.0653488 0.9490242 0.308355 -0.06532835 0.9490253 0.3083558 -0.1089424 0.9453963 0.3071767 -0.1088201 0.9454082 0.3071831 -0.1520893 0.9399923 0.3054233 -0.1521322 0.9399863 0.3054205 -0.195115 0.9327774 0.3030782 -0.1950318 0.9327926 0.3030849 -0.2377147 0.9237938 0.300161 -0.2377954 0.9237756 0.3001534 -0.2797642 0.9130795 0.296678 -0.2797411 0.9130858 0.2966805 -0.3214846 0.9005692 0.2926136 -0.321547 0.9005495 0.2926058 -0.3624612 0.8863838 0.2880031 -0.3624108 0.8864021 0.2880101 -0.4027232 0.8705226 0.2828506 -0.4027886 0.8704957 0.2828404 -0.4421894 0.8530235 0.2771633 -0.4423195 0.8529634 0.2771409 -0.4809069 0.8338604 0.270934 -0.4809088 0.8338596 0.2709336 -0.5372698 0.802132 0.2606249 -0.5373736 0.8020677 0.2606091 -0.6087813 0.7545089 0.2451562 -0.6087238 0.7545519 0.2451671 -0.6756149 0.7011713 0.2278228 -0.6756032 0.7011818 0.2278256 -0.7372364 0.6425675 0.2087808 -0.7372906 0.6425102 0.2087655 -0.7933301 0.578995 0.1881281 -0.7933447 0.5789767 0.1881231 -0.8434227 0.510955 0.1660212 -0.8433912 0.5110028 0.1660344 -0.8767002 0.4574937 0.1486483 -0.866343 0.4748765 0.154732 -0.8968526 0.4209293 0.1359186 -0.8873727 0.438487 0.1424736 -0.9073938 0.3997112 0.1298746 -0.9153211 0.3830185 0.1244346 -0.92423 0.3630205 0.1183849 -0.9319965 0.3447268 0.112009 -0.9469357 0.3056914 0.09932553 -0.9469454 0.3056643 0.09931617 -0.9600684 0.2660728 0.08645206 -0.9600632 0.2660897 0.08645796 -0.9713366 0.2260736 0.07345592 -0.9713407 0.2260578 0.07345044 -0.9807997 0.1854731 0.06026369 -0.9807969 0.1854867 0.06026846 -0.9883482 0.1447606 0.04703569 -0.9883489 0.1447562 0.04703414 -0.9940577 0.1035268 0.03363788 -0.9940562 0.1035393 0.03364223 -0.9978552 0.06225544 0.0202282 -0.9978563 0.0622403 0.02022296 -0.9997603 0.02082473 0.006766319 -0.9997602 0.02082854 0.00676763 -0.9997608 -0.02079796 -0.006757676 -0.9997608 -0.02080035 -0.006758511 -0.9978577 -0.06221932 -0.02021652 -0.997858 -0.0622158 -0.02021533 -0.9940584 -0.1035205 -0.03363615 0 0.04377502 -0.9990414 0 0.1303619 -0.9914665 0 0.1303619 -0.9914665 0 0.2164583 -0.9762919 0 0.2164583 -0.9762919 0 0.3008507 -0.9536713 0 0.3008507 -0.9536713 0 0.3826224 -0.9239048 0 0.3826224 -0.9239048 0 0.4617083 -0.8870319 0 0.4617083 -0.8870319 0 0.5373713 -0.8433458 0 0.5373713 -0.8433458 0 0.6087504 -0.7933618 0 0.6087504 -0.7933618 0 0.6755385 -0.7373247 0 0.6755385 -0.7373247 0 0.737338 -0.6755241 0 0.737338 -0.6755241 0 0.7933265 -0.6087965 0 0.7933265 -0.6087965 0 0.8433772 -0.5373219 0 0.8433772 -0.5373219 0 0.8870343 -0.4617035 0 0.8870343 -0.4617035 0 0.9238795 -0.3826837 0 0.9238795 -0.3826837 0 0.9537087 -0.3007323 0 0.9537087 -0.3007323 0 0.9762991 -0.2164259 0 0.9762991 -0.2164259 0 0.9914435 -0.1305366 0 0.9914435 -0.1305366 0 0.9990482 -0.04361838 0 0.9990482 -0.04361838 0 0.9990482 0.04361838 0 0.9990482 0.04361838 0 0.9914435 0.1305366 0 0.9914435 0.1305366 0 0.9762991 0.2164259 0 0.9762991 0.2164259 0 0.9537087 0.3007323 0 0.9537087 0.3007323 0 0.9238795 0.3826837 0 0.9238795 0.3826837 0 0.8870343 0.4617035 0 0.8870343 0.4617035 0 0.8433772 0.5373219 0 0.8433772 0.5373219 0 0.7933265 0.6087965 0 0.7933265 0.6087965 0 0.737338 0.6755241 0 0.737338 0.6755241 0 0.6755385 0.7373247 0 0.6755385 0.7373247 0 0.6087504 0.7933618 0 0.6087504 0.7933618 0 0.5373713 0.8433458 0 0.5373713 0.8433458 0 0.4617083 0.8870319 0 0.4617083 0.8870319 0 0.3826224 0.9239048 0 0.3826224 0.9239048 0 0.3008507 0.9536713 0 0.3008507 0.9536713 0 0.2162277 0.9763429 0 0.2162277 0.9763429 0 0.1305996 0.9914351 0 0.1305996 0.9914351 0 0.04353362 0.9990519 0 0.04353362 0.9990519 0 -0.0435338 0.9990519 0 -0.0435338 0.9990519 0 -0.1305996 0.9914351 0 -0.1305996 0.9914351 0 -0.2162269 0.9763432 0 -0.2162269 0.9763432 0 -0.3008507 0.9536713 0 -0.3008507 0.9536713 0 -0.3826237 0.9239043 0 -0.3826237 0.9239043 0 -0.4617083 0.8870319 0 -0.4617083 0.8870319 0 -0.5373696 0.8433468 0 -0.5373696 0.8433468 0 -0.6087504 0.7933618 0 -0.6087504 0.7933618 0 -0.6755405 0.7373229 0 -0.6755405 0.7373229 0 -0.737338 0.6755241 0 -0.737338 0.6755241 0 -0.7933256 0.6087976 0 -0.7933256 0.6087976 0 -0.8433772 0.5373219 0 -0.8433772 0.5373219 0 -0.8870335 0.461705 0 -0.8870335 0.461705 0 -0.9238795 0.3826837 0 -0.9238795 0.3826837 0 -0.9537092 0.3007307 0 -0.9537092 0.3007307 0 -0.9762991 0.2164259 0 -0.9762991 0.2164259 0 -0.9914435 0.1305366 0 -0.9914435 0.1305366 0 -0.9990482 0.04361838 0 -0.9990482 0.04361838 0 -0.9990482 -0.04361838 0 -0.9990482 -0.04361838 0 -0.9914435 -0.1305366 0 -0.9914435 -0.1305366 0 -0.9762991 -0.2164259 0 -0.9762991 -0.2164259 0 -0.9537092 -0.3007307 0 -0.9537092 -0.3007307 0 -0.9238795 -0.3826837 0 -0.9238795 -0.3826837 0 -0.8870335 -0.461705 0 -0.8870335 -0.461705 0 -0.8433772 -0.5373219 0 -0.8433772 -0.5373219 0 -0.7933256 -0.6087976 0 -0.7933256 -0.6087976 0 -0.737338 -0.6755241 0 -0.737338 -0.6755241 0 -0.6755405 -0.7373229 0 -0.6755405 -0.7373229 0 -0.6087504 -0.7933618 0 -0.6087504 -0.7933618 0 -0.5373696 -0.8433468 0 -0.5373696 -0.8433468 0 -0.4617083 -0.8870319 0 -0.4617083 -0.8870319 0 -0.3826237 -0.9239043 0 -0.3826237 -0.9239043 0 -0.3008507 -0.9536713 0 -0.3008507 -0.9536713 0 -0.2164574 -0.9762921 0 -0.2164574 -0.9762921 0 -0.1303619 -0.9914665 0 -0.1303619 -0.9914665 0 -0.0437752 -0.9990414 0 -0.0437752 -0.9990414 0 0.04377502 -0.9990414 -0.9940522 -0.06401282 -0.08810508 -0.9883544 -0.0894435 -0.123107 -0.9883594 -0.08942407 -0.1230814 -0.9807975 -0.1146353 -0.1577816 -0.9807963 -0.1146389 -0.1577863 -0.9713253 -0.1397489 -0.1923468 -0.9713177 -0.1397678 -0.1923717 -0.9600335 -0.1645136 -0.2264309 -0.9600546 -0.1644698 -0.2263732 -0.9468934 -0.1890009 -0.2601373 -0.9469395 -0.188919 -0.2600294 -0.9320062 -0.2130358 -0.2932239 -0.932005 -0.2130377 -0.2932264 -0.915391 -0.2366196 -0.3256847 -0.9152989 -0.2367463 -0.3258515 -0.8968848 -0.2599575 -0.3577986 -0.8967955 -0.260067 -0.3579427 -0.876688 -0.2827642 -0.3891821 -0.8768172 -0.2826215 -0.3889946 -0.8434047 -0.3158049 -0.4346677 -0.843398 -0.3158113 -0.4346756 -0.793372 -0.3578074 -0.4924781 -0.7933029 -0.3578639 -0.4925484 -0.7371608 -0.3971815 -0.5466634 -0.737276 -0.3971022 -0.5465655 -0.6756563 -0.4333245 -0.5964213 -0.6756053 -0.4333542 -0.5964577 -0.6088837 -0.4662679 -0.6417592 -0.6087692 -0.4663242 -0.6418269 -0.556313 -0.4884402 -0.6722664 -0.5372819 -0.4954029 -0.6825718 -0.5196936 -0.5021831 -0.6911807 -0.4808379 -0.5153831 -0.7093485 -0.4812225 -0.5152521 -0.7091827 -0.4423206 -0.5271597 -0.7255722 -0.442043 -0.5272452 -0.7256795 -0.4026766 -0.5380302 -0.7405236 -0.4027819 -0.5380011 -0.7404874 -0.3625524 -0.5477979 -0.7539716 -0.362562 -0.5477956 -0.7539686 -0.3213281 -0.5566173 -0.7661106 -0.3217608 -0.5565237 -0.765997 -0.2801136 -0.5642506 -0.7766323 -0.2796924 -0.5643297 -0.7767266 -0.2370735 -0.5710318 -0.785951 -0.237751 -0.5709233 -0.7858251 -0.1952763 -0.5764614 -0.7934479 -0.195078 -0.5764878 -0.7934774 -0.1519373 -0.5809563 -0.799628 -0.1524054 -0.5809215 -0.7995642 -0.1092009 -0.5842728 -0.8041769 -0.1085318 -0.5843052 -0.8042439 -0.06530827 -0.5865224 -0.8072957 -0.08826267 -0.5858468 -0.8056012 -0.02171558 -0.5870422 -0.8092651 -0.04149448 -0.5872738 -0.808324 0.02171885 -0.5876414 -0.80883 0.0414921 -0.5869596 -0.8085523 0.06529748 -0.5865548 -0.807273 0.08826094 -0.5854833 -0.8058655 0.1092228 -0.5842608 -0.8041827 0.1085454 -0.5843151 -0.8042348 0.1519128 -0.5809661 -0.7996254 0.1523882 -0.5809155 -0.7995718 0.1950874 -0.5764867 -0.7934759 0.1953129 -0.5764566 -0.7934423 0.2377365 -0.5709249 -0.7858283 0.2370261 -0.5710385 -0.7859604 0.2796403 -0.5643386 -0.7767388 0.2800554 -0.5642607 -0.776646 0.3218047 -0.5565151 -0.7659848 0.3213818 -0.5566066 -0.7660958 0.3625891 -0.5477894 -0.7539601 0.3626162 -0.5477827 -0.753952 0.4027686 -0.5380038 -0.7404926 0.4026232 -0.538044 -0.7405425 0.4420831 -0.5272335 -0.7256634 0.4423682 -0.5271459 -0.7255535 0.4811772 -0.5152665 -0.709203 0.4807832 -0.5154007 -0.7093728 0.5196706 -0.5021913 -0.691192 0.5372819 -0.4954024 -0.6825721 0.5563392 -0.4884298 -0.6722522 0.6088708 -0.4662783 -0.6417639 0.6087559 -0.4663257 -0.6418386 0.6756564 -0.4333266 -0.5964196 0.6756045 -0.4333524 -0.5964598 0.7371606 -0.3971762 -0.5466674 0.7372761 -0.3971075 -0.5465615 0.7933852 -0.3578009 -0.4924616 0.7933161 -0.3578503 -0.4925371 0.8433923 -0.3158167 -0.4346829 0.8433857 -0.3158224 -0.4346917 0.8766857 -0.2827624 -0.3891885 0.8767342 -0.2827087 -0.389118 0.8969237 -0.2599087 -0.3577364 0.8968604 -0.2599865 -0.3578386 0.9153072 -0.2367352 -0.3258361 0.9152817 -0.2367702 -0.3258822 0.9319776 -0.2130832 -0.2932803 0.9320743 -0.2129329 -0.2930823 0.946965 -0.1888746 -0.2599683 0.9469166 -0.1889609 -0.260082 0.9600311 -0.1645175 -0.2264385 0.960012 -0.1645572 -0.2264909 0.9713482 -0.1396948 -0.1922711 0.9713774 -0.1396222 -0.1921754 0.9807894 -0.1146585 -0.1578151 0.9807798 -0.1146876 -0.1578535 0.988368 -0.08939135 -0.1230363 0.9883629 -0.08941143 -0.1230628 0.994057 -0.06398677 -0.0880692 0.994066 -0.06393718 -0.08800375 0.9978598 -0.03843444 -0.0529015 0.997858 -0.03845083 -0.05292314 0.9997616 -0.01283329 -0.01766359 0.9997615 -0.01283496 -0.0176658 0.9997636 0.0127803 0.01759052 0.9997637 0.01277852 0.01758813 0.997861 0.03842359 0.05288565 0.9978598 0.03843545 0.05290132 0.9940544 0.06400138 0.08808946 0.9940462 0.06404376 0.08815032 0.9883438 0.0894823 0.1231641 0.9883555 0.08943891 0.1231018 0.981382 0.1128938 0.1553846 0.9773445 0.1246812 0.1710331 0.9720619 0.1378982 0.1899467 0.9672487 0.149199 0.2053526 0.9600794 0.164421 0.2263035 0.9600615 0.164456 0.226354 0.946915 0.1889637 0.2600858 0.9469382 0.1889248 0.2600299 0.9320152 0.2130261 0.2932021 0.9320198 0.2130195 0.2931925 0.9152828 0.2367686 0.32588 0.9152574 0.2368016 0.3259275 0.8968939 0.2599466 0.3577836 0.8968291 0.2600215 0.3578916 0.8768138 0.2826234 0.3890007 0.8768623 0.282573 0.388928 0.8432974 0.3159037 0.4348037 0.8433052 0.3158969 0.4347935 0.7934355 0.3577588 0.4924113 0.7933775 0.3578002 0.4924745 0.7372415 0.3971224 0.5465975 0.7372829 0.3970978 0.5465595 0.6755532 0.4333801 0.5964978 0.6756026 0.4333555 0.5964596 0.6087203 0.4663415 0.6418608 0.6088375 0.4662933 0.6417846 0.5372918 0.4957427 0.6823173 0.5372998 0.4957399 0.6823129 0.481345 0.5152193 0.7091234 0.480966 0.5153347 0.7092966 0.4420049 0.5272513 0.7256982 0.4422876 0.5271743 0.7255818 0.4026817 0.538029 0.7405217 0.4025381 0.5380636 0.7405746 0.3628741 0.5477238 0.7538707 0.3622803 0.5478495 0.7540649 0.3211628 0.5566396 0.7661637 0.3213649 0.5566027 0.7661057 0.2800616 0.5642595 0.7766446 0.2798281 0.5642957 0.7767025 0.2374753 0.5709631 0.7858796 0.2381241 0.5708803 0.7857434 0.1948733 0.5765193 0.7935047 0.1950877 0.5764977 0.7934678 0.1520808 0.5809546 0.7996019 0.1523046 0.5809307 0.7995766 0.1089913 0.5842865 0.8041954 0.1089648 0.5842885 0.8041974 0.06551158 0.5865258 0.8072767 0.06522947 0.5865411 0.8072885 0.02142709 0.5876581 0.8088257 0.02225595 0.5876343 0.8088205 -0.0214082 0.5876452 0.8088355 -0.02223712 0.5876477 0.8088113 -0.06563967 0.5865254 0.8072665 -0.06534951 0.5865321 0.8072854 -0.1092308 0.5842714 0.8041739 -0.108489 0.5843074 0.8042482 -0.1516835 0.5809755 0.7996622 -0.1526147 0.5809062 0.7995353 -0.1953606 0.5764658 0.7934238 -0.1944435 0.5765582 0.793582 -0.2377691 0.5709202 0.785822 -0.2378098 0.5709149 0.7858133 -0.2794222 0.5643652 0.7767981 -0.2803155 0.5642269 0.7765767 -0.3218745 0.5565117 0.7659578 -0.3210256 0.5566669 0.7662013 -0.3623883 0.5478249 0.754031 -0.3623718 0.5478283 0.7540363 -0.4025092 0.5380608 0.7405923 -0.4032404 0.5378844 0.7403226 -0.4422681 0.52718 0.7255896 -0.4419706 0.5272609 0.725712 -0.4808108 0.5153846 0.7093657 -0.4811994 0.5152664 0.7091881 -0.5372917 0.4957429 0.682317 -0.5372987 0.4957401 0.6823136 -0.6087332 0.4663404 0.6418493 -0.6088508 0.4662826 0.6417797 -0.6755531 0.4333822 0.5964964 -0.6756025 0.4333535 0.5964613 -0.7372415 0.3971244 0.5465961 -0.7372831 0.3970957 0.5465607 -0.7934225 0.3577657 0.4924272 -0.7933646 0.3578131 0.4924859 -0.8433098 0.3158928 0.4347879 -0.8433174 0.3158853 0.4347784 -0.8767411 0.2827029 0.3891068 -0.876855 0.2825847 0.3889361 -0.8969511 0.2598811 0.357688 -0.8968787 0.2599647 0.3578085 -0.9152733 0.2367806 0.3258986 -0.9152988 0.2367473 0.3258507 -0.9319484 0.2131273 0.2933409 -0.9319441 0.2131337 0.2933502 -0.946956 0.1888937 0.2599871 -0.9469311 0.1889357 0.2600474 -0.9600727 0.1644333 0.2263228 -0.9600919 0.1643956 0.2262686 -0.9720615 0.1379698 0.189897 -0.9672506 0.1488383 0.2056052 -0.9813795 0.1134638 0.1549842 -0.9773457 0.1244048 0.1712281 -0.9883427 0.08948749 0.1231687 -0.9883481 0.0894677 0.1231403 -0.9940553 0.06399613 0.08808207 -0.9940547 0.06399917 0.08808642 -0.9978564 0.03846609 0.05294352 -0.9978551 0.03847718 0.05295944 -0.9997602 0.01287233 0.0177173 -0.9997603 0.01287072 0.01771497 -0.999761 -0.01285135 -0.01768833 -0.999761 -0.01285302 -0.01769071 -0.9978587 -0.03844439 -0.05291438 -0.997857 -0.03845965 -0.05293619 -0.9940612 -0.06396377 -0.08804029 0 0.0437752 -0.9990414 0 0.1303619 -0.9914665 0 0.1303619 -0.9914665 0 0.2164574 -0.9762921 0 0.2164574 -0.9762921 0 0.3008507 -0.9536713 0 0.3008507 -0.9536713 0 0.3826237 -0.9239043 0 0.3826237 -0.9239043 0 0.4617083 -0.8870319 0 0.4617083 -0.8870319 0 0.5373696 -0.8433468 0 0.5373696 -0.8433468 0 0.6087504 -0.7933618 0 0.6087504 -0.7933618 0 0.6755405 -0.7373229 0 0.6755405 -0.7373229 0 0.737338 -0.6755241 0 0.737338 -0.6755241 0 0.7933256 -0.6087976 0 0.7933256 -0.6087976 0 0.8433772 -0.5373219 0 0.8433772 -0.5373219 0 0.8870335 -0.461705 0 0.8870335 -0.461705 0 0.9238795 -0.3826837 0 0.9238795 -0.3826837 0 0.9537092 -0.3007307 0 0.9537092 -0.3007307 0 0.9762991 -0.2164259 0 0.9762991 -0.2164259 0 0.9914435 -0.1305366 0 0.9914435 -0.1305366 0 0.9990482 -0.04361838 0 0.9990482 -0.04361838 0 0.9990482 0.04361838 0 0.9990482 0.04361838 0 0.9914435 0.1305366 0 0.9914435 0.1305366 0 0.9762991 0.2164259 0 0.9762991 0.2164259 0 0.9537092 0.3007307 0 0.9537092 0.3007307 0 0.9238795 0.3826837 0 0.9238795 0.3826837 0 0.8870335 0.461705 0 0.8870335 0.461705 0 0.8433772 0.5373219 0 0.8433772 0.5373219 0 0.7933256 0.6087976 0 0.7933256 0.6087976 0 0.737338 0.6755241 0 0.737338 0.6755241 0 0.6755405 0.7373229 0 0.6755405 0.7373229 0 0.6087504 0.7933618 0 0.6087504 0.7933618 0 0.5373696 0.8433468 0 0.5373696 0.8433468 0 0.4617083 0.8870319 0 0.4617083 0.8870319 0 0.3826237 0.9239043 0 0.3826237 0.9239043 0 0.3008507 0.9536713 0 0.3008507 0.9536713 0 0.2162269 0.9763432 0 0.2162269 0.9763432 0 0.1305996 0.9914351 0 0.1305996 0.9914351 0 0.0435338 0.9990519 0 0.0435338 0.9990519 0 -0.04353362 0.9990519 0 -0.04353362 0.9990519 0 -0.1305996 0.9914351 0 -0.1305996 0.9914351 0 -0.2162277 0.9763429 0 -0.2162277 0.9763429 0 -0.3008507 0.9536713 0 -0.3008507 0.9536713 0 -0.3826224 0.9239048 0 -0.3826224 0.9239048 0 -0.4617083 0.8870319 0 -0.4617083 0.8870319 0 -0.5373713 0.8433458 0 -0.5373713 0.8433458 0 -0.6087504 0.7933618 0 -0.6087504 0.7933618 0 -0.6755385 0.7373247 0 -0.6755385 0.7373247 0 -0.737338 0.6755241 0 -0.737338 0.6755241 0 -0.7933265 0.6087965 0 -0.7933265 0.6087965 0 -0.8433772 0.5373219 0 -0.8433772 0.5373219 0 -0.8870343 0.4617035 0 -0.8870343 0.4617035 0 -0.9238795 0.3826837 0 -0.9238795 0.3826837 0 -0.9537087 0.3007323 0 -0.9537087 0.3007323 0 -0.9762991 0.2164259 0 -0.9762991 0.2164259 0 -0.9914435 0.1305366 0 -0.9914435 0.1305366 0 -0.9990482 0.04361838 0 -0.9990482 0.04361838 0 -0.9990482 -0.04361838 0 -0.9990482 -0.04361838 0 -0.9914435 -0.1305366 0 -0.9914435 -0.1305366 0 -0.9762991 -0.2164259 0 -0.9762991 -0.2164259 0 -0.9537087 -0.3007323 0 -0.9537087 -0.3007323 0 -0.9238795 -0.3826837 0 -0.9238795 -0.3826837 0 -0.8870343 -0.4617035 0 -0.8870343 -0.4617035 0 -0.8433772 -0.5373219 0 -0.8433772 -0.5373219 0 -0.7933265 -0.6087965 0 -0.7933265 -0.6087965 0 -0.737338 -0.6755241 0 -0.737338 -0.6755241 0 -0.6755385 -0.7373247 0 -0.6755385 -0.7373247 0 -0.6087504 -0.7933618 0 -0.6087504 -0.7933618 0 -0.5373713 -0.8433458 0 -0.5373713 -0.8433458 0 -0.4617083 -0.8870319 0 -0.4617083 -0.8870319 0 -0.3826224 -0.9239048 0 -0.3826224 -0.9239048 0 -0.3008507 -0.9536713 0 -0.3008507 -0.9536713 0 -0.2164583 -0.9762919 0 -0.2164583 -0.9762919 0 -0.1303619 -0.9914665 0 -0.1303619 -0.9914665 0 -0.04377502 -0.9990414 0 -0.04377502 -0.9990414 0 0.0437752 -0.9990414 -0.9940527 0 -0.1089009 -0.9883567 0 -0.1521549 -0.9883567 0 -0.1521549 -0.9807925 0 -0.1950538 -0.9808029 1.04379e-6 -0.1950017 -0.9713431 1.03373e-6 -0.2376817 -0.9713305 0 -0.2377329 -0.9599952 0 -0.2800167 -0.960063 4.76344e-6 -0.279784 -0.9469314 5.47258e-6 -0.3214356 -0.9468416 0 -0.3217001 -0.9320941 0 -0.3622161 -0.9320942 0 -0.3622161 -0.915259 0 -0.4028658 -0.915259 0 -0.4028658 -0.8969119 0 -0.4422093 -0.8968904 -9.54032e-7 -0.4422529 -0.8767727 -9.32632e-7 -0.4809051 -0.8767955 0 -0.4808635 -0.8433722 0 -0.5373298 -0.8433722 0 -0.5373298 -0.7933672 0 -0.6087434 -0.7933671 0 -0.6087434 -0.7371631 0 -0.6757148 -0.7371631 0 -0.6757147 -0.6757406 0 -0.7371395 -0.6757406 0 -0.7371395 -0.6086803 0 -0.7934156 -0.6086803 0 -0.7934156 -0.537428 0 -0.8433097 -0.537428 0 -0.8433097 -0.4808958 0 -0.8767777 -0.4808958 0 -0.8767777 -0.4421133 0 -0.8969592 -0.4421134 0 -0.8969593 -0.4026858 0 -0.9153382 -0.4026657 -4.27522e-7 -0.915347 -0.3624802 -3.84856e-7 -0.9319915 -0.3624984 0 -0.9319843 -0.321736 0 -0.9468294 -0.321736 0 -0.9468294 -0.2792567 0 -0.9602165 -0.2792566 0 -0.9602165 -0.2382774 0 -0.9711971 -0.2382649 -2.52899e-7 -0.9712003 -0.1944983 -2.06445e-7 -0.9809029 -0.1945086 0 -0.9809008 -0.152791 0 -0.9882586 -0.152791 0 -0.9882585 -0.1083268 0 -0.9941153 -0.1083268 0 -0.9941154 -0.06610405 0 -0.9978128 -0.06610405 0 -0.9978127 -0.02162474 0 -0.9997662 -0.02162474 0 -0.9997662 0.02162706 0 -0.9997662 0.02162826 0 -0.9997661 0.06609332 0 -0.9978134 0.06608968 0 -0.9978137 0.108356 0 -0.9941122 0.1083559 0 -0.9941122 0.1527583 0 -0.9882636 0.1527583 0 -0.9882636 0.1945397 0 -0.9808947 0.19455 2.065e-7 -0.9808926 0.2382273 2.5286e-7 -0.9712094 0.2382147 0 -0.9712125 0.2791838 0 -0.9602378 0.2791692 -2.96354e-7 -0.960242 0.321802 -3.41611e-7 -0.946807 0.3218184 0 -0.9468014 0.3625532 0 -0.931963 0.3625715 3.84953e-7 -0.9319559 0.4026256 4.2748e-7 -0.9153647 0.4026057 0 -0.9153736 0.4421778 0 -0.8969274 0.4421993 4.69587e-7 -0.8969169 0.4808272 5.10608e-7 -0.8768154 0.4808044 0 -0.8768279 0.537428 0 -0.8433097 0.537428 0 -0.8433097 0.6086672 0 -0.7934257 0.6086672 0 -0.7934257 0.6757406 0 -0.7371395 0.6757406 0 -0.7371395 0.7371631 0 -0.6757148 0.7371631 0 -0.6757148 0.7933803 0 -0.6087263 0.7933803 0 -0.6087264 0.8433599 0 -0.5373491 0.8433598 0 -0.5373491 0.8768411 0 -0.4807803 0.8768411 0 -0.4807803 0.8968687 0 -0.4422966 0.8968688 0 -0.4422967 0.915279 0 -0.4028204 0.9152791 0 -0.4028204 0.9320576 0 -0.3623103 0.9320576 0 -0.3623103 0.9468747 0 -0.3216027 0.9468748 0 -0.3216027 0.9600339 0 -0.2798836 0.9600339 0 -0.2798836 0.9713899 0 -0.2374905 0.9713774 -1.03376e-6 -0.2375416 0.9807765 -1.04377e-6 -0.1951345 0.9807868 0 -0.1950823 0.9883604 0 -0.1521304 0.9883604 0 -0.1521304 0.99406 0 -0.1088339 0.9940599 0 -0.1088339 0.997859 0 -0.0654031 0.9978589 0 -0.0654031 0.9997614 0 -0.02183997 0.9997615 0 -0.02183997 0.9997639 0 0.02173399 0.9997639 0 0.02173399 0.9978594 0 0.06539523 0.9978594 0 0.06539523 0.9940527 0 0.1089003 0.9940526 0 0.1089002 0.9883616 0 0.1521224 0.9883617 0 0.1521224 0.9807718 0 0.195158 0.9807718 0 0.195158 0.9713191 0 0.2377799 0.971319 0 0.2377798 0.9601165 0 0.2796003 0.9601165 0 0.2796003 0.9468963 0 0.3215394 0.9468961 0 0.3215393 0.9320454 0 0.3623414 0.9320455 0 0.3623414 0.9153414 0 0.4026789 0.9153413 0 0.4026788 0.8967091 0 0.4426203 0.8967091 0 0.4426203 0.8767296 0 0.4809836 0.8767296 0 0.4809836 0.8434851 0 0.5371526 0.8434851 0 0.5371526 0.7932195 0 0.6089358 0.7932195 0 0.6089359 0.7373612 0 0.6754987 0.7373611 0 0.6754987 0.6755048 0 0.7373555 0.6755048 0 0.7373555 0.6089402 0 0.7932161 0.6089402 0 0.7932161 0.5371195 0 0.8435063 0.5371194 0 0.8435062 0.4809836 0 0.8767296 0.4809836 0 0.8767297 0.4427974 0 0.8966216 0.4427974 0 0.8966217 0.4024413 0 0.9154458 0.4024413 0 0.9154458 0.3625485 0 0.9319649 0.3625485 0 0.9319649 0.3216191 0 0.9468691 0.3216191 0 0.9468691 0.2794605 0 0.9601572 0.2794605 0 0.9601572 0.2379983 0 0.9712656 0.2379983 0 0.9712656 0.1948875 0 0.9808256 0.1948875 0 0.9808256 0.1520898 0 0.9883667 0.1520817 1.61409e-7 0.988368 0.1090833 0 0.9940327 0.1090891 0 0.9940319 0.06491398 0 0.9978909 0.0649175 0 0.9978907 0.02173161 0 0.9997639 0.02173042 0 0.9997639 -0.02167981 0 0.999765 -0.02168095 0 0.999765 -0.06507205 0 0.9978806 -0.06506854 0 0.9978808 -0.1086075 0 0.9940847 -0.1086075 0 0.9940847 -0.1523988 0 0.988319 -0.1523988 0 0.9883191 -0.1952815 0 0.9807472 -0.1952711 -2.07265e-7 0.9807493 -0.2375224 -2.52111e-7 0.971382 -0.2375349 0 0.971379 -0.2796489 0 0.9601024 -0.2796633 2.96878e-7 0.9600982 -0.3215512 3.41345e-7 0.9468922 -0.3215346 0 0.9468978 -0.3625509 0 0.9319639 -0.3625509 0 0.9319639 -0.4025133 0 0.9154142 -0.4025133 0 0.9154141 -0.4423404 0 0.8968473 -0.4423404 0 0.8968473 -0.4812458 0 0.8765857 -0.4812458 0 0.8765857 -0.5371193 0 0.8435062 -0.5371193 0 0.8435062 -0.6089533 0 0.7932061 -0.6089533 0 0.7932061 -0.6755049 0 0.7373556 -0.6755048 0 0.7373555 -0.7373611 0 0.6754987 -0.7373612 0 0.6754988 -0.7932063 0 0.6089529 -0.7932064 0 0.6089529 -0.8434973 0 0.5371333 -0.8434974 0 0.5371333 -0.8766966 0 0.4810438 -0.8766965 0 0.4810438 -0.8967565 0 0.4425242 -0.8967566 0 0.4425242 -0.9153575 0 0.4026421 -0.9153575 0 0.4026421 -0.9319742 0 0.3625246 -0.9319742 0 0.3625246 -0.946967 0 0.321331 -0.946967 0 0.321331 -0.9600876 0 0.2796995 -0.9600876 0 0.2796994 -0.971341 0 0.2376904 -0.971341 0 0.2376904 -0.9807765 0 0.1951345 -0.9807765 0 0.1951345 -0.9883611 0 0.1521264 -0.9883611 0 0.1521264 -0.9940556 0 0.1088737 -0.9940555 0 0.1088737 -0.9978548 0 0.06546515 -0.9978548 0 0.06546515 -0.9997603 0 0.02189135 -0.9997603 0 0.02189135 -0.9997606 0 -0.02187514 -0.9997608 0 -0.02187514 -0.9978587 0 -0.06540572 -0.9978587 0 -0.06540578 -0.9940526 0 -0.1089008 -0.7372332 0.6425698 -0.2087853 -0.9940582 -0.1035214 0.03363609 -0.9883581 -0.1446984 0.0470153 -0.988357 -0.1447064 0.04701805 -0.980782 -0.1855575 0.06029146 -0.9807872 -0.1855329 0.06028288 -0.9713397 -0.2260621 0.07345181 -0.9713351 -0.22608 0.07345801 -0.9600402 -0.2661644 0.08648222 -0.9600486 -0.2661375 0.08647292 -0.9469076 -0.3057702 0.09935027 -0.9468939 -0.3058084 0.09936356 -0.9242256 -0.3631579 0.1179977 -0.932028 -0.3444001 0.1127495 -0.907385 -0.3998461 0.1295198 -0.9153405 -0.382972 0.1244357 -0.8873727 -0.438487 0.1424736 -0.8968725 -0.4208914 0.1359044 -0.8663432 -0.4748757 0.1547343 -0.8767331 -0.4574366 0.1486297 -0.8434227 -0.5109558 0.1660191 -0.8433912 -0.5110021 0.1660366 -0.7933301 -0.5789948 0.188129 -0.7933444 -0.5789771 0.1881222 -0.7372365 -0.6425665 0.2087838 -0.7372907 -0.6425111 0.2087625 -0.6756149 -0.7011715 0.2278223 -0.675603 -0.7011817 0.2278262 -0.6087812 -0.7545099 0.2451534 -0.6087238 -0.754551 0.2451698 -0.5372699 -0.8021305 0.2606294 -0.5373733 -0.8020694 0.2606045 -0.4810594 -0.833781 0.2709081 -0.4808713 -0.8338778 0.270944 -0.4422658 -0.8529872 0.2771531 -0.4423307 -0.8529571 0.2771418 -0.4029325 -0.8704355 0.2828208 -0.4028689 -0.8704617 0.2828307 -0.3623707 -0.8864169 0.2880149 -0.3624164 -0.8864003 0.2880085 -0.3213151 -0.9006243 0.2926301 -0.3214705 -0.9005751 0.2926108 -0.2797826 -0.9130757 0.2966724 -0.2795783 -0.913131 0.2966947 -0.2377811 -0.923779 0.3001545 -0.2377063 -0.9237958 0.3001616 -0.1950321 -0.9327927 0.3030847 -0.1951093 -0.9327786 0.3030785 -0.1521848 -0.9399785 0.305418 -0.1522213 -0.9399729 0.3054169 -0.1089606 -0.9453937 0.3071782 -0.1088442 -0.9454065 0.30718 -0.0654121 -0.94902 0.3083541 -0.06539547 -0.9490212 0.3083541 -0.02192872 -0.9508283 0.3089413 -0.02200514 -0.9508262 0.3089421 0.0219236 -0.9508278 0.3089427 0.02199584 -0.9508268 0.3089409 0.06540781 -0.9490205 0.3083539 0.06539416 -0.9490211 0.3083544 0.1089638 -0.945394 0.3071759 0.1088354 -0.9454067 0.3071827 0.1521772 -0.9399794 0.3054192 0.1522265 -0.9399724 0.305416 0.1951032 -0.9327797 0.3030789 0.1950343 -0.9327923 0.3030844 0.2377052 -0.9237962 0.3001614 0.2377671 -0.9237822 0.3001555 0.2795646 -0.9131348 0.296696 0.2797664 -0.9130801 0.2966738 0.321479 -0.9005724 0.2926099 0.3213282 -0.9006201 0.2926287 0.3624099 -0.8864027 0.2880093 0.3623727 -0.8864163 0.2880145 0.4028881 -0.8704536 0.2828279 0.4029389 -0.8704327 0.2828199 0.4423331 -0.8529561 0.2771415 0.4422585 -0.8529905 0.2771543 0.4808614 -0.8338829 0.2709459 0.4810571 -0.8337822 0.2709085 0.5372698 -0.802132 0.2606249 0.5373736 -0.8020677 0.2606091 0.6087682 -0.7545185 0.2451593 0.6087107 -0.7545614 0.2451702 0.6756149 -0.7011713 0.2278228 0.6756032 -0.7011818 0.2278256 0.7372364 -0.6425675 0.2087808 0.7372906 -0.6425102 0.2087655 0.7933432 -0.5789788 0.1881228 0.7933577 -0.5789604 0.1881178 0.8434104 -0.5109733 0.1660273 0.8433789 -0.5110211 0.1660403 0.8767401 -0.4574244 0.1486257 0.86696 -0.4738641 0.1543803 0.8968838 -0.42087 0.1358965 0.8873727 -0.438487 0.1424736 0.9068862 -0.4007518 0.1302127 0.9153226 -0.3830155 0.1244326 0.92423 -0.3630204 0.1183849 0.9320152 -0.344681 0.1119942 0.946909 -0.3057662 0.09934985 0.9469153 -0.3057484 0.09934371 0.9600331 -0.2661881 0.08648973 0.9600304 -0.2661967 0.08649277 0.9713612 -0.2259781 0.07342493 0.9713444 -0.2260437 0.0734477 0.9807831 -0.1855518 0.06029099 0.9807965 -0.1854888 0.06026911 0.9883629 -0.144669 0.04700595 0.9883632 -0.1446673 0.04700535 0.9940645 -0.1034681 0.03361886 0.9940631 -0.1034787 0.03362256 0.9978585 -0.06220692 0.02021241 0.9978596 -0.06219303 0.02020758 0.9997615 -0.02077233 0.006749272 0.9997615 -0.02077579 0.006750464 0.9997639 0.02066707 -0.006715178 0.9997639 0.02066922 -0.006715893 0.9978591 0.06219905 -0.0202099 0.9978592 0.06219649 -0.02020901 0.9940515 0.1035808 -0.0336557 0.9940496 0.1035975 -0.03366076 0.9883573 0.144704 -0.04701709 0.9883589 0.1446939 -0.04701399 0.9807764 0.185584 -0.06030005 0.9807745 0.1855932 -0.06030285 0.9713392 0.2260642 -0.07345265 0.9713414 0.2260552 -0.07344996 0.9600541 0.2661193 -0.08646756 0.9600524 0.266125 -0.08646929 0.9469242 0.3057237 -0.09933573 0.9469293 0.3057094 -0.09933137 0.9320455 0.3446069 -0.11197 0.9320412 0.3446174 -0.1119732 0.9153075 0.3830435 -0.1244586 0.9153137 0.3830299 -0.1244545 0.8968623 0.4206615 -0.1366818 0.8968427 0.4206994 -0.1366932 0.8766962 0.4575005 -0.1486506 0.8766939 0.4575047 -0.1486518 0.8434123 0.5109713 -0.1660242 0.843406 0.5109807 -0.1660267 0.7977099 0.5735267 -0.186349 0.7933487 0.5788998 -0.1883423 0.7706326 0.6060897 -0.1969282 0.7372333 0.6425709 -0.2087815 0.7373012 0.6424992 -0.2087624 0.6856425 0.69231 -0.224947 0.6755561 0.7013364 -0.2274891 0.653035 0.7202619 -0.2340256 0.6087981 0.7544977 -0.2451494 0.6087754 0.7545145 -0.2451537 0.5372884 0.8021207 -0.2606217 0.5373708 0.8020696 -0.2606092 0.4809323 0.8338459 -0.2709339 0.4809195 0.8338527 -0.2709358 0.4424505 0.8529005 -0.2771248 0.4423863 0.8529311 -0.2771334 0.402618 0.8705672 -0.2828636 0.4026777 0.8705417 -0.2828567 0.3624188 0.8863991 -0.2880091 0.3623747 0.8864157 -0.2880135 0.3213871 0.900601 -0.2926226 0.3214657 0.9005752 -0.2926159 0.2798202 0.9130637 -0.2966737 0.2797762 0.9130762 -0.2966768 0.2377647 0.9237828 -0.3001555 0.2378391 0.923765 -0.3001514 0.1951495 0.9327705 -0.3030775 0.1950764 0.9327847 -0.3030806 0.1520569 0.9399972 -0.305424 0.1520124 0.9400035 -0.305427 0.1089186 0.945398 -0.3071798 0.1090402 0.9453861 -0.3071733 0.06551992 0.9490134 -0.3083519 0.0652734 0.9490272 -0.3083615 0.02156537 0.9508342 -0.3089487 0.0217489 0.9508315 -0.3089441 -0.02161061 0.9508344 -0.308945 -0.02179598 0.9508294 -0.3089472 -0.06558269 0.9490079 -0.3083553 -0.06532901 0.9490252 -0.3083558 -0.1088668 0.9454041 -0.3071792 -0.1087242 0.9454197 -0.3071813 -0.1519481 0.9400146 -0.3054251 -0.1521663 0.9399812 -0.3054188 -0.1950742 0.9327851 -0.3030807 -0.195149 0.9327705 -0.3030775 -0.237752 0.9237853 -0.300158 -0.2376785 0.9238029 -0.3001621 -0.2797825 0.9130745 -0.2966762 -0.2798349 0.9130597 -0.2966725 -0.3215744 0.9005401 -0.2926047 -0.3214849 0.9005696 -0.2926123 -0.3623628 0.88642 -0.2880149 -0.3623958 0.8864076 -0.2880116 -0.4027635 0.8705058 -0.2828448 -0.4027152 0.8705264 -0.2828503 -0.4422228 0.8530077 -0.2771582 -0.442299 0.8529716 -0.2771482 -0.4808992 0.8338631 -0.2709395 -0.4809022 0.8338615 -0.270939 -0.5372883 0.8021195 -0.2606254 -0.5373708 0.8020708 -0.2606055 -0.6088113 0.7544884 -0.2451452 -0.6087883 0.7545048 -0.2451517 -0.6755448 0.7012325 -0.2278426 -0.6530662 0.7206003 -0.2328944 -0.6856425 0.69231 -0.224947 -0.7976872 0.5734682 -0.1866262 -0.770632 0.6060904 -0.1969284 -0.7373015 0.6425002 -0.2087585 -0.7933405 0.5789828 -0.1881218 -0.8434246 0.5109531 -0.1660178 -0.8434185 0.5109621 -0.1660211 -0.8766785 0.4575313 -0.1486605 -0.8767428 0.4574188 -0.1486267 -0.8968756 0.4206355 -0.1366749 -0.8968427 0.4206992 -0.1366941 -0.915305 0.3830488 -0.1244606 -0.9152966 0.383067 -0.1244661 -0.93199 0.3447427 -0.1120138 -0.9319959 0.3447282 -0.1120094 -0.9469211 0.3057323 -0.09933882 -0.9469417 0.3056745 -0.09932136 -0.9600835 0.2660233 -0.0864377 -0.9600656 0.2660818 -0.08645534 -0.9713515 0.226016 -0.07343721 -0.9713478 0.2260305 -0.07344156 -0.9807871 0.1855332 -0.06028324 -0.9807901 0.1855193 -0.06027901 -0.9883499 0.1447495 -0.04703205 -0.9883493 0.144753 -0.04703313 -0.9940567 0.1035351 -0.03364062 -0.994058 0.103523 -0.03363698 -0.9978563 0.06224161 -0.02022367 -0.9978551 0.06225657 -0.0202282 -0.9997603 0.02082479 -0.006766319 -0.9997603 0.02082109 -0.006765186 -0.9997606 -0.02080351 0.006759464 -0.9997608 -0.02080225 0.006759107 -0.9978579 -0.0622164 0.02021551 -0.9978578 -0.06221628 0.02021545 -0.9940565 -0.1035368 0.03364139 0 0.04353362 -0.9990519 0 0.1305996 -0.9914351 0 0.1305996 -0.9914351 0 0.2164583 -0.9762919 0 0.2164583 -0.9762919 0 0.3006307 -0.9537407 0 0.3006307 -0.9537407 0 0.3826224 -0.9239048 0 0.3826224 -0.9239048 0 0.4618985 -0.8869328 0 0.4618985 -0.8869328 0 0.5371993 -0.8434554 0 0.5371993 -0.8434554 0 0.6087504 -0.7933618 0 0.6087504 -0.7933618 0 0.67567 -0.7372042 0 0.67567 -0.7372042 0 0.7372276 -0.6756445 0 0.7372276 -0.6756445 0 0.7934162 -0.6086797 0 0.7934162 -0.6086797 0 0.8433772 -0.5373219 0 0.8433772 -0.5373219 0 0.8869827 -0.4618026 0 0.8869827 -0.4618026 0 0.9238795 -0.3826837 0 0.9238795 -0.3826837 0 0.9537305 -0.300663 0 0.9537305 -0.300663 0 0.9762877 -0.216477 0 0.9762877 -0.216477 0 0.9914476 -0.1305053 0 0.9914476 -0.1305053 0 0.9990482 -0.04361838 0 0.9990482 -0.04361838 0 0.9990478 0.04362893 0 0.9990478 0.04362893 0 0.9914476 0.1305053 0 0.9914476 0.1305053 0 0.9762877 0.216477 0 0.9762877 0.216477 0 0.9537305 0.300663 0 0.9537305 0.300663 0 0.9238795 0.3826837 0 0.9238795 0.3826837 0 0.8869827 0.4618026 0 0.8869827 0.4618026 0 0.8434471 0.5372124 0 0.8434471 0.5372124 0 0.7933265 0.6087965 0 0.7933265 0.6087965 0 0.7372276 0.6756445 0 0.7372276 0.6756445 0 0.67567 0.7372042 0 0.67567 0.7372042 0 0.6087504 0.7933618 0 0.6087504 0.7933618 0 0.5371993 0.8434554 0 0.5371993 0.8434554 0 0.4618985 0.8869328 0 0.4618985 0.8869328 0 0.3826224 0.9239048 0 0.3826224 0.9239048 0 0.3006307 0.9537407 0 0.3006307 0.9537407 0 0.2164583 0.9762919 0 0.2164583 0.9762919 0 0.1305996 0.9914351 0 0.1305996 0.9914351 0 0.04353362 0.9990519 0 0.04353362 0.9990519 0 -0.0435338 0.9990519 0 -0.0435338 0.9990519 0 -0.1305996 0.9914351 0 -0.1305996 0.9914351 0 -0.2164574 0.9762921 0 -0.2164574 0.9762921 0 -0.3006307 0.9537407 0 -0.3006307 0.9537407 0 -0.3826237 0.9239043 0 -0.3826237 0.9239043 0 -0.4618985 0.8869328 0 -0.4618985 0.8869328 0 -0.5371975 0.8434565 0 -0.5371975 0.8434565 0 -0.6087504 0.7933618 0 -0.6087504 0.7933618 0 -0.6756719 0.7372025 0 -0.6756719 0.7372025 0 -0.7372276 0.6756445 0 -0.7372276 0.6756445 0 -0.7933256 0.6087976 0 -0.7933256 0.6087976 0 -0.8434471 0.5372124 0 -0.8434471 0.5372124 0 -0.8869819 0.4618041 0 -0.8869819 0.4618041 0 -0.9238795 0.3826837 0 -0.9238795 0.3826837 0 -0.953731 0.3006613 0 -0.953731 0.3006613 0 -0.9762877 0.216477 0 -0.9762877 0.216477 0 -0.9914476 0.1305053 0 -0.9914476 0.1305053 0 -0.9990478 0.04362893 0 -0.9990478 0.04362893 0 -0.9990482 -0.04361838 0 -0.9990482 -0.04361838 0 -0.9914476 -0.1305053 0 -0.9914476 -0.1305053 0 -0.9762877 -0.216477 0 -0.9762877 -0.216477 0 -0.953731 -0.3006613 0 -0.953731 -0.3006613 0 -0.9238795 -0.3826837 0 -0.9238795 -0.3826837 0 -0.8869819 -0.4618041 0 -0.8869819 -0.4618041 0 -0.8433772 -0.5373219 0 -0.8433772 -0.5373219 0 -0.7934151 -0.6086808 0 -0.7934151 -0.6086808 0 -0.7372276 -0.6756445 0 -0.7372276 -0.6756445 0 -0.6756719 -0.7372025 0 -0.6756719 -0.7372025 0 -0.6087504 -0.7933618 0 -0.6087504 -0.7933618 0 -0.5371975 -0.8434565 0 -0.5371975 -0.8434565 0 -0.4618985 -0.8869328 0 -0.4618985 -0.8869328 0 -0.3826237 -0.9239043 0 -0.3826237 -0.9239043 0 -0.3006307 -0.9537407 0 -0.3006307 -0.9537407 0 -0.2164574 -0.9762921 0 -0.2164574 -0.9762921 0 -0.1305996 -0.9914351 0 -0.1305996 -0.9914351 0 -0.0435338 -0.9990519 0 -0.0435338 -0.9990519 0 0.04353362 -0.9990519 -0.9940593 -0.06397479 0.08805274 -0.9883502 -0.08945959 0.1231291 -0.9883449 -0.08947938 0.1231575 -0.981382 -0.1128938 0.1553846 -0.9773445 -0.1246812 0.1710331 -0.9720619 -0.1378982 0.1899467 -0.9672487 -0.149199 0.2053526 -0.9600586 -0.164463 0.2263613 -0.9600406 -0.1644982 0.2264119 -0.9469071 -0.1889774 0.2601047 -0.9469304 -0.1889382 0.2600482 -0.9320008 -0.2130481 0.2932322 -0.9320073 -0.2130384 0.2932183 -0.9152786 -0.2367745 0.3258879 -0.9152504 -0.2368111 0.3259406 -0.8969493 -0.2598806 0.3576927 -0.8968657 -0.2599772 0.3578321 -0.8768306 -0.2826047 0.3889764 -0.8768981 -0.2825346 0.3888751 -0.8433098 -0.3158924 0.4347882 -0.8433175 -0.3158856 0.4347779 -0.7934224 -0.3577688 0.4924251 -0.7933644 -0.3578102 0.4924883 -0.7372415 -0.3971224 0.5465975 -0.7372829 -0.3970978 0.5465595 -0.6755532 -0.4333801 0.5964978 -0.6756026 -0.4333555 0.5964596 -0.6087333 -0.4663356 0.6418526 -0.6088506 -0.4662875 0.6417765 -0.5372918 -0.4957427 0.6823173 -0.5372998 -0.4957399 0.6823129 -0.4813497 -0.5152179 0.7091213 -0.4809715 -0.5153331 0.7092942 -0.4419188 -0.5272762 0.7257325 -0.4422022 -0.5271991 0.7256158 -0.4032863 -0.5378725 0.7403063 -0.4025459 -0.5380512 0.7405793 -0.3624341 -0.5478141 0.7540168 -0.362454 -0.5478098 0.7540103 -0.3213321 -0.5566058 0.7661172 -0.3215196 -0.5565716 0.7660635 -0.2798062 -0.5643031 0.776705 -0.2795868 -0.564337 0.7767593 -0.2377498 -0.5709237 0.7858253 -0.2377244 -0.5709268 0.7858306 -0.1944903 -0.5765529 0.7935743 -0.1953921 -0.5764622 0.7934187 -0.1519801 -0.5809637 0.7996145 -0.1522125 -0.5809389 0.7995882 -0.1090427 -0.5842829 0.8041909 -0.1090114 -0.5842856 0.8041933 -0.0650742 -0.5865426 0.8072999 -0.06548786 -0.5865201 0.8072827 -0.02208489 -0.5876386 0.8088222 -0.02221125 -0.5876349 0.8088213 0.02208721 -0.5876365 0.8088236 0.02221482 -0.5876369 0.8088198 0.06506478 -0.5865365 0.8073052 0.06547361 -0.5865273 0.8072788 0.1090728 -0.5842816 0.804188 0.1090407 -0.5842831 0.8041911 0.1519477 -0.5809628 0.7996212 0.1521798 -0.5809457 0.7995896 0.1954069 -0.5764604 0.7934163 0.1945113 -0.5765506 0.7935709 0.2377028 -0.5709301 0.7858347 0.2377173 -0.5709283 0.7858317 0.2795278 -0.5643471 0.7767733 0.279748 -0.5643129 0.7767187 0.3215703 -0.5565614 0.7660495 0.3213859 -0.5565951 0.7661024 0.3624958 -0.5478003 0.7539972 0.3624978 -0.5477999 0.7539964 0.4025183 -0.5380588 0.7405887 0.4032328 -0.5378863 0.7403253 0.4422425 -0.5271874 0.7255998 0.4419791 -0.5272591 0.7257082 0.4809275 -0.5153476 0.7093133 0.4812827 -0.5152395 0.7091511 0.5372917 -0.4957429 0.682317 0.5372987 -0.4957401 0.6823136 0.6087201 -0.4663463 0.6418575 0.6088378 -0.4662886 0.6417878 0.6755531 -0.4333822 0.5964964 0.6756025 -0.4333535 0.5964613 0.7372415 -0.3971244 0.5465961 0.7372831 -0.3970957 0.5465607 0.7934356 -0.3577557 0.4924134 0.7933777 -0.3578031 0.4924721 0.8432974 -0.3159042 0.4348034 0.8433051 -0.3158966 0.434794 0.8767672 -0.2826749 0.3890683 0.8768805 -0.2825572 0.3888984 0.896994 -0.2598298 0.3576174 0.8969219 -0.2599133 0.3577378 0.9152599 -0.2367983 0.3259229 0.9152832 -0.2367683 0.3258798 0.931979 -0.213081 0.2932773 0.9319767 -0.2130844 0.2932823 0.9469553 -0.1888952 0.259989 0.9469303 -0.1889372 0.2600495 0.9600178 -0.1645443 0.2264755 0.9600369 -0.1645065 0.2264212 0.9720615 -0.1379698 0.189897 0.9672506 -0.1488383 0.2056052 0.9813795 -0.1134638 0.1549842 0.9773457 -0.1244048 0.1712281 0.9883534 -0.0894472 0.1231132 0.9883584 -0.08942878 0.1230868 0.9940643 -0.06394809 0.08801603 0.9940639 -0.06395012 0.08801895 0.9978589 -0.03844416 0.05291336 0.9978575 -0.03845554 0.05292963 0.9997615 -0.01283723 0.01766902 0.9997615 -0.01283556 0.01766657 0.9997638 0.01277631 -0.01758503 0.9997637 0.0127781 -0.0175876 0.997862 0.03841459 -0.05287331 0.9978604 0.03842937 -0.05289453 0.9940486 0.06403094 -0.08813279 0.9940479 0.06403523 -0.08813846 0.988364 0.08940559 -0.1230583 0.988353 0.08944851 -0.123115 0.980781 0.114684 -0.1578486 0.9807731 0.114708 -0.1578803 0.9713442 0.1397044 -0.1922844 0.9713435 0.1397058 -0.1922863 0.9600493 0.1644818 -0.2263871 0.9600704 0.1644378 -0.2263292 0.946908 0.1889758 -0.2601027 0.9469538 0.1888942 -0.2599952 0.9320123 0.2130266 -0.2932112 0.9320078 0.2130335 -0.2932204 0.9154052 0.2366006 -0.3256583 0.9153171 0.2367219 -0.3258179 0.8968576 0.2599898 -0.3578431 0.896789 0.2600742 -0.357954 0.8766371 0.2828179 -0.3892574 0.8767454 0.2826983 -0.3891004 0.8433923 0.3158162 -0.4346832 0.8433858 0.3158227 -0.4346913 0.7933852 0.3577974 -0.4924643 0.793316 0.357854 -0.4925346 0.7371608 0.3971815 -0.5466634 0.737276 0.3971022 -0.5465655 0.6756563 0.4333245 -0.5964213 0.6756053 0.4333542 -0.5964577 0.6088707 0.4662738 -0.6417673 0.6087561 0.46633 -0.641835 0.5563392 0.4884298 -0.6722522 0.5372819 0.4954024 -0.6825721 0.5196706 0.5021913 -0.691192 0.4807953 0.5153968 -0.7093674 0.4811683 0.5152698 -0.7092067 0.4424442 0.5271241 -0.7255228 0.44218 0.5272054 -0.7256248 0.4027546 0.53801 -0.7404959 0.4028928 0.5379718 -0.7404483 0.3622854 0.5478584 -0.754056 0.3622641 0.5478637 -0.7540624 0.32113 0.5566568 -0.7661648 0.3215577 0.5565643 -0.7660527 0.2803976 0.564202 -0.7765651 0.2799838 0.5642797 -0.7766578 0.2374304 0.5709805 -0.7858805 0.2374524 0.5709769 -0.7858763 0.1950142 0.5765029 -0.7934821 0.1954879 0.5764398 -0.7934114 0.1520361 0.5809474 -0.7996158 0.1524977 0.580913 -0.7995527 0.1091476 0.5842761 -0.8041817 0.1084856 0.5843082 -0.804248 0.065072 0.5865315 -0.8073081 0.08826267 0.5858523 -0.8055971 0.0217359 0.5870425 -0.8092643 0.04149329 0.5872738 -0.808324 -0.0217247 0.5876413 -0.8088299 -0.04149329 0.5869604 -0.8085517 -0.06518894 0.5865592 -0.8072786 -0.08826094 0.5854833 -0.8058655 -0.1093568 0.5842521 -0.8041708 -0.108687 0.5843059 -0.8042224 -0.151671 0.5809879 -0.7996556 -0.1521383 0.5809382 -0.7996029 -0.1950393 0.5764923 -0.7934836 -0.1952446 0.576465 -0.793453 -0.2378047 0.5709154 -0.7858145 -0.2371183 0.5710253 -0.7859422 -0.2802766 0.5642295 -0.7765887 -0.2800498 0.5642721 -0.7766395 -0.3213868 0.5566089 -0.7660922 -0.3215804 0.556567 -0.7660413 -0.3624262 0.5478267 -0.7540114 -0.3624351 0.5478245 -0.7540087 -0.4028094 0.5379936 -0.7404779 -0.4026857 0.5380278 -0.7405203 -0.4420384 0.5272464 -0.7256813 -0.4423221 0.5271592 -0.7255718 -0.4811278 0.5152825 -0.7092249 -0.4807377 0.5154153 -0.7093929 -0.5196936 0.5021831 -0.6911807 -0.5372819 0.4954029 -0.6825717 -0.556313 0.4884402 -0.6722664 -0.6088839 0.4662724 -0.6417557 -0.6087689 0.4663197 -0.6418305 -0.6756564 0.4333266 -0.5964196 -0.6756045 0.4333524 -0.5964598 -0.7371606 0.3971762 -0.5466674 -0.7372761 0.3971075 -0.5465615 -0.7933721 0.3578109 -0.4924754 -0.793303 0.3578603 -0.4925509 -0.8434047 0.3158053 -0.4346674 -0.8433979 0.315811 -0.4346761 -0.8766392 0.2828121 -0.3892571 -0.8766899 0.2827563 -0.3891837 -0.8968977 0.2599396 -0.3577789 -0.896833 0.2600192 -0.3578835 -0.9153112 0.2367296 -0.3258285 -0.9152871 0.236763 -0.3258723 -0.9319544 0.2131183 -0.2933286 -0.9320498 0.2129699 -0.2931333 -0.9469758 0.1888561 -0.2599429 -0.9469274 0.1889422 -0.2600563 -0.9600785 0.1644217 -0.2263067 -0.9600592 0.1644616 -0.2263593 -0.9713447 0.1397032 -0.1922828 -0.9713441 0.1397044 -0.1922842 -0.9807919 0.1146526 -0.157804 -0.9808003 0.1146267 -0.1577697 -0.9883572 0.08943277 -0.1230934 -0.9883524 0.08945161 -0.1231182 -0.9940483 0.06403374 -0.08813399 -0.9940571 0.06398522 -0.08806985 -0.9978573 0.03845703 -0.05293262 -0.9978556 0.03847306 -0.05295377 -0.9997603 0.01286816 -0.01771157 -0.9997603 0.01286995 -0.0177139 -0.9997608 -0.01285529 0.01769375 -0.9997608 -0.01285362 0.01769155 -0.9978577 -0.0384534 0.05292671 -0.9978564 -0.03846514 0.05294221 -0.9940588 -0.06397771 0.08805692 0 0.0435338 -0.9990519 0 0.1305996 -0.9914351 0 0.1305996 -0.9914351 0 0.2164574 -0.9762921 0 0.2164574 -0.9762921 0 0.3006307 -0.9537407 0 0.3006307 -0.9537407 0 0.3826237 -0.9239043 0 0.3826237 -0.9239043 0 0.4618985 -0.8869328 0 0.4618985 -0.8869328 0 0.5371975 -0.8434565 0 0.5371975 -0.8434565 0 0.6087504 -0.7933618 0 0.6087504 -0.7933618 0 0.6756719 -0.7372025 0 0.6756719 -0.7372025 0 0.7372276 -0.6756445 0 0.7372276 -0.6756445 0 0.7934151 -0.6086808 0 0.7934151 -0.6086808 0 0.8433772 -0.5373219 0 0.8433772 -0.5373219 0 0.8869819 -0.4618041 0 0.8869819 -0.4618041 0 0.9238795 -0.3826837 0 0.9238795 -0.3826837 0 0.953731 -0.3006613 0 0.953731 -0.3006613 0 0.9762877 -0.216477 0 0.9762877 -0.216477 0 0.9914476 -0.1305053 0 0.9914476 -0.1305053 0 0.9990482 -0.04361838 0 0.9990482 -0.04361838 0 0.9990478 0.04362893 0 0.9990478 0.04362893 0 0.9914476 0.1305053 0 0.9914476 0.1305053 0 0.9762877 0.216477 0 0.9762877 0.216477 0 0.953731 0.3006613 0 0.953731 0.3006613 0 0.9238795 0.3826837 0 0.9238795 0.3826837 0 0.8869819 0.4618041 0 0.8869819 0.4618041 0 0.8434471 0.5372124 0 0.8434471 0.5372124 0 0.7933256 0.6087976 0 0.7933256 0.6087976 0 0.7372276 0.6756445 0 0.7372276 0.6756445 0 0.6756719 0.7372025 0 0.6756719 0.7372025 0 0.6087504 0.7933618 0 0.6087504 0.7933618 0 0.5371975 0.8434565 0 0.5371975 0.8434565 0 0.4618985 0.8869328 0 0.4618985 0.8869328 0 0.3826237 0.9239043 0 0.3826237 0.9239043 0 0.3006307 0.9537407 0 0.3006307 0.9537407 0 0.2164574 0.9762921 0 0.2164574 0.9762921 0 0.1305996 0.9914351 0 0.1305996 0.9914351 0 0.0435338 0.9990519 0 0.0435338 0.9990519 0 -0.04353362 0.9990519 0 -0.04353362 0.9990519 0 -0.1305996 0.9914351 0 -0.1305996 0.9914351 0 -0.2164583 0.9762919 0 -0.2164583 0.9762919 0 -0.3006307 0.9537407 0 -0.3006307 0.9537407 0 -0.3826224 0.9239048 0 -0.3826224 0.9239048 0 -0.4618985 0.8869328 0 -0.4618985 0.8869328 0 -0.5371993 0.8434554 0 -0.5371993 0.8434554 0 -0.6087504 0.7933618 0 -0.6087504 0.7933618 0 -0.67567 0.7372042 0 -0.67567 0.7372042 0 -0.7372276 0.6756445 0 -0.7372276 0.6756445 0 -0.7933265 0.6087965 0 -0.7933265 0.6087965 0 -0.8434471 0.5372124 0 -0.8434471 0.5372124 0 -0.8869827 0.4618026 0 -0.8869827 0.4618026 0 -0.9238795 0.3826837 0 -0.9238795 0.3826837 0 -0.9537305 0.300663 0 -0.9537305 0.300663 0 -0.9762877 0.216477 0 -0.9762877 0.216477 0 -0.9914476 0.1305053 0 -0.9914476 0.1305053 0 -0.9990478 0.04362893 0 -0.9990478 0.04362893 0 -0.9990482 -0.04361838 0 -0.9990482 -0.04361838 0 -0.9914476 -0.1305053 0 -0.9914476 -0.1305053 0 -0.9762877 -0.216477 0 -0.9762877 -0.216477 0 -0.9537305 -0.300663 0 -0.9537305 -0.300663 0 -0.9238795 -0.3826837 0 -0.9238795 -0.3826837 0 -0.8869827 -0.4618026 0 -0.8869827 -0.4618026 0 -0.8433772 -0.5373219 0 -0.8433772 -0.5373219 0 -0.7934162 -0.6086797 0 -0.7934162 -0.6086797 0 -0.7372276 -0.6756445 0 -0.7372276 -0.6756445 0 -0.67567 -0.7372042 0 -0.67567 -0.7372042 0 -0.6087504 -0.7933618 0 -0.6087504 -0.7933618 0 -0.5371993 -0.8434554 0 -0.5371993 -0.8434554 0 -0.4618985 -0.8869328 0 -0.4618985 -0.8869328 0 -0.3826224 -0.9239048 0 -0.3826224 -0.9239048 0 -0.3006307 -0.9537407 0 -0.3006307 -0.9537407 0 -0.2164583 -0.9762919 0 -0.2164583 -0.9762919 0 -0.1305996 -0.9914351 0 -0.1305996 -0.9914351 0 -0.04353362 -0.9990519 0 -0.04353362 -0.9990519 0 0.0435338 -0.9990519 1 0 0 1 0 0 1 0 0 1 0 0 1 0 0 1 0 0 1 0 0 1 0 0 1 0 0 1 0 0 1 0 0 1 0 0 1 0 0 1 0 0 1 0 0 1 0 0 1 0 0 1 0 0 1 0 0 1 0 0 1 0 0 1 0 0 1 0 0 1 0 0 1 0 0 1 0 0 1 0 0 1 0 0 1 0 0 1 0 0 1 0 0 1 0 0 1 0 0 1 0 0 1 0 0 1 0 0 1 0 0 1 0 0 1 0 0 1 0 0 1 0 0 1 0 0 1 0 0 1 0 0 1 0 0 1 0 0 1 0 0 1 0 0 1 0 0 1 0 0 1 0 0 1 0 0 1 0 0 1 0 0 1 0 0 1 0 0 1 0 0 1 0 0 1 0 0 1 0 0 1 0 0 1 0 0 1 0 0 1 0 0 1 0 0 1 0 0 1 0 0 1 0 0 1 0 0 1 0 0 1 0 0 1 0 0 1 0 0 1 0 0 1 0 0 1 0 0 1 0 0 1 0 0 1 0 0 1 0 0 1 0 0 1 0 0 1 0 0 1 0 0 1 0 0 1 0 0 1 0 0 1 0 0 1 0 0 1 0 0 1 0 0 1 0 0 1 0 0 1 0 0 1 0 0 1 0 0 1 0 0 1 0 0 1 0 0 1 0 0 1 0 0 1 0 0 1 0 0 1 0 0 1 0 0 1 0 0 1 0 0 1 0 0 1 0 0 1 0 0 1 0 0 1 0 0 1 0 0 1 0 0 1 0 0 1 0 0 1 0 0 1 0 0 1 0 0 1 0 0 1 0 0 1 0 0 1 0 0 1 0 0 1 0 0 1 0 0 1 0 0 1 0 0 1 0 0 1 0 0 1 0 0 1 0 0 1 0 0 1 0 0 1 0 0 1 0 0 1 0 0 1 0 0 1 0 0 1 0 0 1 0 0 1 0 0 1 0 0 1 0 0 1 0 0 1 0 0 1 0 0 1 0 0 1 0 0 1 0 0 1 0 0 1 0 0 1 0 0 1 0 0 1 0 0 1 0 0 1 0 0 1 0 0 1 0 0 1 0 0 1 0 0 1 0 0 1 0 0 1 0 0 1 0 0 1 0 0 1 0 0 1 0 0 1 0 0 1 0 0 1 0 0 1 0 0 1 0 0 1 0 0 1 0 0 1 0 0 1 0 0 1 0 0 1 0 0 1 0 0 1 0 0 1 0 0 1 0 0 1 0 0 1 0 0 1 0 0 1 0 0 1 0 0 1 0 0 1 0 0 1 0 0 1 0 0 1 0 0 1 0 0 1 0 0 1 0 0 1 0 0 1 0 0 1 0 0 1 0 0 1 0 0 1 0 0 1 0 0 1 0 0 1 0 0 1 0 0 1 0 0 1 0 0 1 0 0 1 0 0 1 0 0 1 0 0 1 0 0 1 0 0 1 0 0 1 0 0 1 0 0 1 0 0 1 0 0 1 0 0 1 0 0 1 0 0 1 0 0 1 0 0 1 0 0 1 0 0 1 0 0 1 0 0 1 0 0 1 0 0 1 0 0 1 0 0 1 0 0 1 0 0 1 0 0 1 0 0 1 0 0 1 0 0 1 0 0 1 0 0 1 0 0 1 0 0 1 0 0 1 0 0 1 0 0 1 0 0 1 0 0 1 0 0 1 0 0 1 0 0 1 0 0 1 0 0 1 0 0 1 0 0 1 0 0 1 0 0 1 0 0 1 0 0 1 0 0 1 0 0 1 0 0 1 0 0 1 0 0 1 0 0 1 0 0 1 0 0 1 0 0 1 0 0 1 0 0 1 0 0 1 0 0 1 0 0 1 0 0 1 0 0 1 0 0 1 0 0 1 0 0 1 0 0 1 0 0 1 0 0 1 0 0 1 0 0 1 0 0 1 0 0 1 0 0 1 0 0 1 0 0 1 0 0 1 0 0 1 0 0 1 0 0 1 0 0 1 0 0 1 0 0 1 0 0 1 0 0 1 0 0 1 0 0 1 0 0 1 0 0 1 0 0 1 0 0 1 0 0 1 0 0 1 0 0 1 0 0 1 0 0 1 0 0 1 0 0 1 0 0 1 0 0 1 0 0 1 0 0 1 0 0 1 0 0 1 0 0 1 0 0 1 0 0 1 0 0 1 0 0 1 0 0 1 0 0 1 0 0 1 0 0 1 0 0 1 0 0 1 0 0 1 0 0 1 0 0 1 0 0 1 0 0 1 0 0 1 0 0 1 0 0 1 0 0 1 0 0 1 0 0 1 0 0 1 0 0 1 0 0 1 0 0 1 0 0 1 0 0 1 0 0 1 0 0 1 0 0 1 0 0 1 0 0 1 0 0 1 0 0 1 0 0 1 0 0 1 0 0 1 0 0 1 0 0 1 0 0 1 0 0 1 0 0 1 0 0 1 0 0 1 0 0 1 0 0 1 0 0 1 0 0 1 0 0 1 0 0 1 0 0 1 0 0 1 0 0 1 0 0 1 0 0 1 0 0 1 0 0 1 0 0 1 0 0 1 0 0 1 0 0 1 0 0 1 0 0 1 0 0 1 0 0 1 0 0 1 0 0 1 0 0 1 0 0 1 0 0 1 0 0 1 0 0 1 0 0 1 0 0 1 0 0 1 0 0 1 0 0 1 0 0 1 0 0 1 0 0 1 0 0 1 0 0 1 0 0 1 0 0 1 0 0 1 0 0 1 0 0 1 0 0 1 0 0 1 0 0 1 0 0 1 0 0 1 0 0 1 0 0 1 0 0 1 0 0 1 0 0 1 0 0 1 0 0 1 0 0 1 0 0 1 0 0 1 0 0 1 0 0 1 0 0 1 0 0 1 0 0 1 0 0 1 0 0 1 0 0 1 0 0 1 0 0 1 0 0 1 0 0 1 0 0 1 0 0 0 0.04355633 -0.999051 0 0.1304564 -0.9914541 0 0.1304564 -0.9914541 0 0.2164974 -0.9762832 0 0.2164974 -0.9762832 0 0.3006309 -0.9537406 0 0.3006309 -0.9537406 0 0.3828047 -0.9238293 0 0.3828047 -0.9238293 0 0.4616413 -0.8870667 0 0.4616413 -0.8870667 0 0.5373759 -0.8433428 0 0.5373759 -0.8433428 0 0.6087352 -0.7933735 0 0.6087352 -0.7933735 0 0.675568 -0.7372978 0 0.675568 -0.7372978 0 0.7372672 -0.6756014 0 0.7372672 -0.6756014 0 0.7933739 -0.6087346 0 0.7933739 -0.6087346 0 0.8433845 -0.5373106 0 0.8433845 -0.5373106 0 0.8870384 -0.4616956 0 0.8870384 -0.4616956 0 0.9238776 -0.3826882 0 0.9238776 -0.3826882 0 0.9537199 -0.3006963 0 0.9537199 -0.3006963 0 0.9762901 -0.2164662 0 0.9762901 -0.2164662 0 0.9914467 -0.1305123 0 0.9914467 -0.1305123 0 0.9990481 -0.04362094 0 0.9990481 -0.04362094 0 0.9990481 0.04362094 0 0.9990481 0.04362094 0 0.9914467 0.1305123 0 0.9914467 0.1305123 0 0.9762901 0.2164662 0 0.9762901 0.2164662 0 0.9537199 0.3006963 0 0.9537199 0.3006963 0 0.9238776 0.3826882 0 0.9238776 0.3826882 0 0.8869929 0.4617831 0 0.8869929 0.4617831 0 0.8433845 0.5373106 0 0.8433845 0.5373106 0 0.7933739 0.6087346 0 0.7933739 0.6087346 0 0.7372672 0.6756014 0 0.7372672 0.6756014 0 0.675684 0.7371914 0 0.675684 0.7371914 0 0.6087352 0.7933735 0 0.6087352 0.7933735 0 0.5372241 0.8434395 0 0.5372241 0.8434395 0 0.4618092 0.8869792 0 0.4618092 0.8869792 0 0.3826224 0.9239048 0 0.3826224 0.9239048 0 0.3008251 0.9536794 0 0.3008251 0.9536794 0 0.2162938 0.9763283 0 0.2162938 0.9763283 0 0.1306663 0.9914264 0 0.1306663 0.9914264 0 0.04355633 0.999051 0 0.04355633 0.999051 0 -0.04355633 0.999051 0 -0.04355633 0.999051 0 -0.1306667 0.9914264 0 -0.1306667 0.9914264 0 -0.2162938 0.9763283 0 -0.2162938 0.9763283 0 -0.3008251 0.9536794 0 -0.3008251 0.9536794 0 -0.3826224 0.9239048 0 -0.3826224 0.9239048 0 -0.4618079 0.8869799 0 -0.4618079 0.8869799 0 -0.5372256 0.8434386 0 -0.5372256 0.8434386 0 -0.6087352 0.7933735 0 -0.6087352 0.7933735 0 -0.675684 0.7371914 0 -0.675684 0.7371914 0 -0.7372663 0.6756023 0 -0.7372663 0.6756023 0 -0.7933731 0.6087357 0 -0.7933731 0.6087357 0 -0.8433852 0.5373095 0 -0.8433852 0.5373095 0 -0.8869929 0.4617831 0 -0.8869929 0.4617831 0 -0.923877 0.3826896 0 -0.923877 0.3826896 0 -0.9537205 0.3006948 0 -0.9537205 0.3006948 0 -0.9762901 0.2164662 0 -0.9762901 0.2164662 0 -0.9914467 0.1305123 0 -0.9914467 0.1305123 0 -0.9990481 0.04362094 0 -0.9990481 0.04362094 0 -0.9990481 -0.04362094 0 -0.9990481 -0.04362094 0 -0.9914467 -0.1305123 0 -0.9914467 -0.1305123 0 -0.9762901 -0.2164662 0 -0.9762901 -0.2164662 0 -0.9537205 -0.3006948 0 -0.9537205 -0.3006948 0 -0.923877 -0.3826896 0 -0.923877 -0.3826896 0 -0.8870384 -0.4616956 0 -0.8870384 -0.4616956 0 -0.8433852 -0.5373095 0 -0.8433852 -0.5373095 0 -0.7933731 -0.6087357 0 -0.7933731 -0.6087357 0 -0.7372663 -0.6756023 0 -0.7372663 -0.6756023 0 -0.675568 -0.7372978 0 -0.675568 -0.7372978 0 -0.6087352 -0.7933735 0 -0.6087352 -0.7933735 0 -0.5373775 -0.8433418 0 -0.5373775 -0.8433418 0 -0.4616399 -0.8870674 0 -0.4616399 -0.8870674 0 -0.3828047 -0.9238293 0 -0.3828047 -0.9238293 0 -0.3006309 -0.9537406 0 -0.3006309 -0.9537406 0 -0.2164974 -0.9762832 0 -0.2164974 -0.9762832 0 -0.1304568 -0.991454 0 -0.1304568 -0.991454 0 -0.04355633 -0.999051 0 -0.04355633 -0.999051 0 0.04355633 -0.999051 1 0 0 1 0 0 1 0 0 1 0 0 1 0 0 1 0 0 1 0 0 1 0 0 1 0 0 1 0 0 1 0 0 1 0 0 1 0 0 1 0 0 1 0 0 1 0 0 1 0 0 1 0 0 1 0 0 1 0 0 1 0 0 1 0 0 1 0 0 1 0 0 1 0 0 1 0 0 1 0 0 1 0 0 1 0 0 1 0 0 1 0 0 1 0 0 1 0 0 1 0 0 1 0 0 1 0 0 1 0 0 1 0 0 1 0 0 1 0 0 1 0 0 1 0 0 1 0 0 1 0 0 1 0 0 1 0 0 1 0 0 1 0 0 1 0 0 1 0 0 1 0 0 1 0 0 1 0 0 1 0 0 1 0 0 1 0 0 1 0 0 1 0 0 1 0 0 1 0 0 1 0 0 1 0 0 1 0 0 1 0 0 1 0 0 1 0 0 1 0 0 1 0 0 1 0 0 1 0 0 1 0 0 1 0 0 1 0 0 1 0 0 1 0 0 1 0 0 1 0 0 1 0 0 1 0 0 1 0 0 1 0 0 1 0 0 1 0 0 1 0 0 1 0 0 1 0 0 1 0 0 1 0 0 1 0 0 1 0 0 1 0 0 1 0 0 1 0 0 1 0 0 1 0 0 1 0 0 1 0 0 1 0 0 1 0 0 1 0 0 1 0 0 1 0 0 1 0 0 1 0 0 1 0 0 1 0 0 1 0 0 1 0 0 1 0 0 1 0 0 1 0 0 1 0 0 1 0 0 1 0 0 1 0 0 1 0 0 1 0 0 1 0 0 1 0 0 1 0 0 1 0 0 1 0 0 1 0 0 1 0 0 1 0 0 1 0 0 1 0 0 1 0 0 1 0 0 1 0 0 1 0 0 1 0 0 1 0 0 1 0 0 1 0 0 1 0 0 1 0 0 1 0 0 1 0 0 1 0 0 1 0 0 1 0 0 1 0 0 1 0 0 1 0 0 1 0 0 1 0 0 1 0 0 1 0 0 1 0 0 1 0 0 1 0 0 1 0 0 1 0 0 1 0 0 1 0 0 1 0 0 1 0 0 1 0 0 1 0 0 1 0 0 1 0 0 1 0 0 1 0 0 1 0 0 1 0 0 1 0 0 1 0 0 1 0 0 1 0 0 1 0 0 1 0 0 1 0 0 1 0 0 1 0 0 1 0 0 1 0 0 1 0 0 1 0 0 1 0 0 1 0 0 1 0 0 1 0 0 1 0 0 1 0 0 1 0 0 1 0 0 1 0 0 1 0 0 1 0 0 1 0 0 1 0 0 1 0 0 1 0 0 1 0 0 1 0 0 1 0 0 1 0 0 1 0 0 1 0 0 1 0 0 1 0 0 1 0 0 1 0 0 1 0 0 1 0 0 1 0 0 1 0 0 1 0 0 1 0 0 1 0 0 1 0 0 1 0 0 1 0 0 1 0 0 1 0 0 1 0 0 1 0 0 1 0 0 1 0 0 1 0 0 1 0 0 1 0 0 1 0 0 1 0 0 1 0 0 1 0 0 1 0 0 1 0 0 1 0 0 1 0 0 1 0 0 1 0 0 1 0 0 1 0 0 1 0 0 1 0 0 1 0 0 1 0 0 1 0 0 1 0 0 1 0 0 1 0 0 1 0 0 1 0 0 1 0 0 1 0 0 1 0 0 1 0 0 1 0 0 1 0 0 1 0 0 1 0 0 1 0 0 1 0 0 1 0 0 1 0 0 1 0 0 1 0 0 1 0 0 1 0 0 1 0 0 1 0 0 1 0 0 1 0 0 1 0 0 1 0 0 1 0 0 1 0 0 1 0 0 1 0 0 1 0 0 1 0 0 1 0 0 1 0 0 1 0 0 1 0 0 1 0 0 1 0 0 1 0 0 1 0 0 1 0 0 1 0 0 1 0 0 1 0 0 1 0 0 1 0 0 1 0 0 0 0.04355633 -0.999051 0 0.1304568 -0.991454 0 0.1304568 -0.991454 0 0.2164974 -0.9762832 0 0.2164974 -0.9762832 0 0.3006309 -0.9537406 0 0.3006309 -0.9537406 0 0.3828047 -0.9238293 0 0.3828047 -0.9238293 0 0.4616399 -0.8870674 0 0.4616399 -0.8870674 0 0.5373775 -0.8433418 0 0.5373775 -0.8433418 0 0.6087352 -0.7933735 0 0.6087352 -0.7933735 0 0.675568 -0.7372978 0 0.675568 -0.7372978 0 0.7372663 -0.6756023 0 0.7372663 -0.6756023 0 0.7933731 -0.6087357 0 0.7933731 -0.6087357 0 0.8433852 -0.5373095 0 0.8433852 -0.5373095 0 0.8870384 -0.4616956 0 0.8870384 -0.4616956 0 0.923877 -0.3826896 0 0.923877 -0.3826896 0 0.9537205 -0.3006948 0 0.9537205 -0.3006948 0 0.9762901 -0.2164662 0 0.9762901 -0.2164662 0 0.9914467 -0.1305123 0 0.9914467 -0.1305123 0 0.9990481 -0.04362094 0 0.9990481 -0.04362094 0 0.9990481 0.04362094 0 0.9990481 0.04362094 0 0.9914467 0.1305123 0 0.9914467 0.1305123 0 0.9762901 0.2164662 0 0.9762901 0.2164662 0 0.9537205 0.3006948 0 0.9537205 0.3006948 0 0.923877 0.3826896 0 0.923877 0.3826896 0 0.8869929 0.4617831 0 0.8869929 0.4617831 0 0.8433852 0.5373095 0 0.8433852 0.5373095 0 0.7933731 0.6087357 0 0.7933731 0.6087357 0 0.7372663 0.6756023 0 0.7372663 0.6756023 0 0.675684 0.7371914 0 0.675684 0.7371914 0 0.6087352 0.7933735 0 0.6087352 0.7933735 0 0.5372256 0.8434386 0 0.5372256 0.8434386 0 0.4618079 0.8869799 0 0.4618079 0.8869799 0 0.3826224 0.9239048 0 0.3826224 0.9239048 0 0.3008251 0.9536794 0 0.3008251 0.9536794 0 0.2162938 0.9763283 0 0.2162938 0.9763283 0 0.1306667 0.9914264 0 0.1306667 0.9914264 0 0.04355633 0.999051 0 0.04355633 0.999051 0 -0.04355633 0.999051 0 -0.04355633 0.999051 0 -0.1306663 0.9914264 0 -0.1306663 0.9914264 0 -0.2162938 0.9763283 0 -0.2162938 0.9763283 0 -0.3008251 0.9536794 0 -0.3008251 0.9536794 0 -0.3826224 0.9239048 0 -0.3826224 0.9239048 0 -0.4618092 0.8869792 0 -0.4618092 0.8869792 0 -0.5372241 0.8434395 0 -0.5372241 0.8434395 0 -0.6087352 0.7933735 0 -0.6087352 0.7933735 0 -0.675684 0.7371914 0 -0.675684 0.7371914 0 -0.7372672 0.6756014 0 -0.7372672 0.6756014 0 -0.7933739 0.6087346 0 -0.7933739 0.6087346 0 -0.8433845 0.5373106 0 -0.8433845 0.5373106 0 -0.8869929 0.4617831 0 -0.8869929 0.4617831 0 -0.9238776 0.3826882 0 -0.9238776 0.3826882 0 -0.9537199 0.3006963 0 -0.9537199 0.3006963 0 -0.9762901 0.2164662 0 -0.9762901 0.2164662 0 -0.9914467 0.1305123 0 -0.9914467 0.1305123 0 -0.9990481 0.04362094 0 -0.9990481 0.04362094 0 -0.9990481 -0.04362094 0 -0.9990481 -0.04362094 0 -0.9914467 -0.1305123 0 -0.9914467 -0.1305123 0 -0.9762901 -0.2164662 0 -0.9762901 -0.2164662 0 -0.9537199 -0.3006963 0 -0.9537199 -0.3006963 0 -0.9238776 -0.3826882 0 -0.9238776 -0.3826882 0 -0.8870384 -0.4616956 0 -0.8870384 -0.4616956 0 -0.8433845 -0.5373106 0 -0.8433845 -0.5373106 0 -0.7933739 -0.6087346 0 -0.7933739 -0.6087346 0 -0.7372672 -0.6756014 0 -0.7372672 -0.6756014 0 -0.675568 -0.7372978 0 -0.675568 -0.7372978 0 -0.6087352 -0.7933735 0 -0.6087352 -0.7933735 0 -0.5373759 -0.8433428 0 -0.5373759 -0.8433428 0 -0.4616413 -0.8870667 0 -0.4616413 -0.8870667 0 -0.3828047 -0.9238293 0 -0.3828047 -0.9238293 0 -0.3006309 -0.9537406 0 -0.3006309 -0.9537406 0 -0.2164974 -0.9762832 0 -0.2164974 -0.9762832 0 -0.1304564 -0.9914541 0 -0.1304564 -0.9914541 0 -0.04355633 -0.999051 0 -0.04355633 -0.999051 0 0.04355633 -0.999051 1 0 0 1 0 0 1 0 0 1 0 0 1 0 0 1 0 0 1 0 0 1 0 0 1 0 0 1 0 0 1 0 0 1 0 0 1 0 0 1 0 0 1 0 0 1 0 0 1 0 0 1 0 0 1 0 0 1 0 0 1 0 0 1 0 0 1 0 0 1 0 0 1 0 0 1 0 0 1 0 0 1 0 0 1 0 0 1 0 0 1 0 0 1 0 0 1 0 0 1 0 0 1 0 0 1 0 0 1 0 0 1 0 0 1 0 0 1 0 0 1 0 0 1 0 0 1 0 0 1 0 0 1 0 0 1 0 0 1 0 0 1 0 0 1 0 0 1 0 0 1 0 0 1 0 0 1 0 0 1 0 0 1 0 0 1 0 0 1 0 0 1 0 0 1 0 0 1 0 0 1 0 0 1 0 0 1 0 0 1 0 0 1 0 0 1 0 0 1 0 0 1 0 0 1 0 0 1 0 0 1 0 0 1 0 0 1 0 0 1 0 0 1 0 0 1 0 0 1 0 0 1 0 0 1 0 0 1 0 0 1 0 0 1 0 0 1 0 0 1 0 0 1 0 0 1 0 0 1 0 0 1 0 0 1 0 0 1 0 0 1 0 0 1 0 0 1 0 0 1 0 0 1 0 0 1 0 0 1 0 0 1 0 0 1 0 0 1 0 0 1 0 0 1 0 0 1 0 0 1 0 0 1 0 0 1 0 0 1 0 0 1 0 0 1 0 0 1 0 0 1 0 0 1 0 0 1 0 0 1 0 0 1 0 0 1 0 0 1 0 0 1 0 0 1 0 0 1 0 0 1 0 0 1 0 0 1 0 0 1 0 0 1 0 0 1 0 0 1 0 0 1 0 0 1 0 0 1 0 0 1 0 0 1 0 0 1 0 0 1 0 0 1 0 0 1 0 0 1 0 0 1 0 0 1 0 0 1 0 0 1 0 0 1 0 0 1 0 0 1 0 0 0 -0.04335063 0.9990599 0 -0.04335063 0.9990599 0 -0.1305219 0.9914454 0 -0.1305219 0.9914454 0 -0.2162864 0.97633 0 -0.2162864 0.97633 0 -0.3010595 0.9536054 0 -0.3010595 0.9536054 0 -0.3826232 0.9239045 0 -0.3826232 0.9239045 0 -0.4617667 0.8870014 0 -0.4617667 0.8870014 0 -0.5372037 0.8434525 0 -0.5372037 0.8434525 0 -0.6087796 0.7933394 0 -0.6087796 0.7933394 0 -0.6756486 0.7372238 0 -0.6756486 0.7372238 0 -0.7371273 0.675754 0 -0.7371273 0.675754 0 -0.7934046 0.6086946 0 -0.7934046 0.6086946 0 -0.8434073 0.5372747 0 -0.8434073 0.5372747 0 -0.8870638 0.4616468 0 -0.8870638 0.4616468 0 -0.9238325 0.3827969 0 -0.9238325 0.3827969 0 -0.9537159 0.3007088 0 -0.9537159 0.3007088 0 -0.9762969 0.2164362 0 -0.9762969 0.2164362 0 -0.9914437 0.1305348 0 -0.9914437 0.1305348 0 -0.9990491 0.04359942 0 -0.9990491 0.04359942 0 -0.9990482 -0.04361999 0 -0.9990482 -0.04361999 0 -0.9914437 -0.1305348 0 -0.9914437 -0.1305348 0 -0.9762969 -0.2164362 0 -0.9762969 -0.2164362 0 -0.9537159 -0.3007088 0 -0.9537159 -0.3007088 0 -0.9239016 -0.3826302 0 -0.9239016 -0.3826302 0 -0.8869634 -0.4618398 0 -0.8869634 -0.4618398 0 -0.8434073 -0.5372747 0 -0.8434073 -0.5372747 0 -0.7934046 -0.6086946 0 -0.7934046 -0.6086946 0 -0.7371273 -0.675754 0 -0.7371273 -0.675754 0 -0.6756486 -0.7372238 0 -0.6756486 -0.7372238 0 -0.6087796 -0.7933394 0 -0.6087796 -0.7933394 0 -0.5372037 -0.8434525 0 -0.5372037 -0.8434525 0 -0.4617667 -0.8870014 0 -0.4617667 -0.8870014 0 -0.3826232 -0.9239045 0 -0.3826232 -0.9239045 0 -0.3010595 -0.9536054 0 -0.3010595 -0.9536054 0 -0.2162864 -0.97633 0 -0.2162864 -0.97633 0 -0.1305219 -0.9914454 0 -0.1305219 -0.9914454 0 -0.04335063 -0.9990599 0 -0.04335063 -0.9990599 0 0.04335063 -0.9990599 0 0.04335063 -0.9990599 0 0.1305209 -0.9914456 0 0.1305209 -0.9914456 0 0.216288 -0.9763296 0 0.216288 -0.9763296 0 0.3010595 -0.9536054 0 0.3010595 -0.9536054 0 0.3826232 -0.9239045 0 0.3826232 -0.9239045 0 0.4617667 -0.8870014 0 0.4617667 -0.8870014 0 0.5372037 -0.8434525 0 0.5372037 -0.8434525 0 0.608776 -0.7933421 0 0.608776 -0.7933421 0 0.6756486 -0.7372238 0 0.6756486 -0.7372238 0 0.7371309 -0.67575 0 0.7371309 -0.67575 0 0.7934046 -0.6086946 0 0.7934046 -0.6086946 0 0.8434073 -0.5372747 0 0.8434073 -0.5372747 0 0.8869634 -0.4618398 0 0.8869634 -0.4618398 0 0.9238989 -0.3826366 0 0.9238989 -0.3826366 0 0.9537159 -0.3007088 0 0.9537159 -0.3007088 0 0.9762969 -0.2164362 0 0.9762969 -0.2164362 0 0.9914447 -0.1305276 0 0.9914447 -0.1305276 0 0.9990479 -0.04362732 0 0.9990479 -0.04362732 0 0.9990488 0.04360681 0 0.9990488 0.04360681 0 0.9914447 0.1305276 0 0.9914447 0.1305276 0 0.9762969 0.2164362 0 0.9762969 0.2164362 0 0.9537159 0.3007088 0 0.9537159 0.3007088 0 0.9238299 0.3828032 0 0.9238299 0.3828032 0 0.8870638 0.4616468 0 0.8870638 0.4616468 0 0.8434073 0.5372747 0 0.8434073 0.5372747 0 0.7934046 0.6086946 0 0.7934046 0.6086946 0 0.7371309 0.67575 0 0.7371309 0.67575 0 0.6756486 0.7372238 0 0.6756486 0.7372238 0 0.608776 0.7933421 0 0.608776 0.7933421 0 0.5372037 0.8434525 0 0.5372037 0.8434525 0 0.4617667 0.8870014 0 0.4617667 0.8870014 0 0.3826232 0.9239045 0 0.3826232 0.9239045 0 0.3010595 0.9536054 0 0.3010595 0.9536054 0 0.216288 0.9763296 0 0.216288 0.9763296 0 0.1305209 0.9914456 0 0.1305209 0.9914456 0 0.04335063 0.9990599 0 0.04335063 0.9990599 -1 0 0 -1 0 0 -1 0 0 -1 0 0 -1 0 0 -1 0 0 -1 0 0 -1 0 0 -1 0 0 -1 0 0 -1 0 0 -1 0 0 -1 0 0 -1 0 0 -1 0 0 -1 0 0 -1 0 0 -1 0 0 -1 0 0 -1 0 0 -1 0 0 -1 0 0 -1 0 0 -1 0 0 -1 0 0 -1 0 0 -1 0 0 -1 0 0 -1 0 0 -1 0 0 -1 0 0 -1 0 0 -1 0 0 -1 0 0 -1 0 0 -1 0 0 -1 0 0 -1 0 0 -1 0 0 -1 0 0 -1 0 0 -1 0 0 -1 0 0 -1 0 0 -1 0 0 -1 0 0 -1 0 0 -1 0 0 -1 0 0 -1 0 0 -1 0 0 -1 0 0 -1 0 0 -1 0 0 -1 0 0 -1 0 0 -1 0 0 -1 0 0 -1 0 0 -1 0 0 -1 0 0 -1 0 0 -1 0 0 -1 0 0 -1 0 0 -1 0 0 -1 0 0 -1 0 0 -1 0 0 -1 0 0 -1 0 0 -1 0 0 -1 0 0 -1 0 0 -1 0 0 -1 0 0 -1 0 0 -1 0 0 -1 0 0 -1 0 0 -1 0 0 -1 0 0 -1 0 0 -1 0 0 -1 0 0 -1 0 0 -1 0 0 -1 0 0 -1 0 0 -1 0 0 -1 0 0 -1 0 0 -1 0 0 -1 0 0 -1 0 0 -1 0 0 -1 0 0 -1 0 0 -1 0 0 -1 0 0 -1 0 0 -1 0 0 -1 0 0 -1 0 0 -1 0 0 -1 0 0 -1 0 0 -1 0 0 -1 0 0 -1 0 0 -1 0 0 -1 0 0 -1 0 0 -1 0 0 -1 0 0 -1 0 0 -1 0 0 -1 0 0 -1 0 0 -1 0 0 -1 0 0 -1 0 0 -1 0 0 -1 0 0 -1 0 0 -1 0 0 -1 0 0 -1 0 0 -1 0 0 -1 0 0 -1 0 0 -1 0 0 -1 0 0 -1 0 0 -1 0 0 -1 0 0 -1 0 0 -1 0 0 -1 0 0 -1 0 0 -1 0 0 -1 0 0 -1 0 0 -1 0 0 0 -0.04335063 0.9990599 0 -0.04335063 0.9990599 0 -0.1305209 0.9914456 0 -0.1305209 0.9914456 0 -0.216288 0.9763296 0 -0.216288 0.9763296 0 -0.3010595 0.9536054 0 -0.3010595 0.9536054 0 -0.3826232 0.9239045 0 -0.3826232 0.9239045 0 -0.4617667 0.8870014 0 -0.4617667 0.8870014 0 -0.5372037 0.8434525 0 -0.5372037 0.8434525 0 -0.608776 0.7933421 0 -0.608776 0.7933421 0 -0.6756486 0.7372238 0 -0.6756486 0.7372238 0 -0.7371309 0.67575 0 -0.7371309 0.67575 0 -0.7934046 0.6086946 0 -0.7934046 0.6086946 0 -0.8434073 0.5372747 0 -0.8434073 0.5372747 0 -0.8870638 0.4616468 0 -0.8870638 0.4616468 0 -0.9238299 0.3828032 0 -0.9238299 0.3828032 0 -0.9537159 0.3007088 0 -0.9537159 0.3007088 0 -0.9762969 0.2164362 0 -0.9762969 0.2164362 0 -0.9914447 0.1305276 0 -0.9914447 0.1305276 0 -0.9990488 0.04360681 0 -0.9990488 0.04360681 0 -0.9990479 -0.04362732 0 -0.9990479 -0.04362732 0 -0.9914447 -0.1305276 0 -0.9914447 -0.1305276 0 -0.9762969 -0.2164362 0 -0.9762969 -0.2164362 0 -0.9537159 -0.3007088 0 -0.9537159 -0.3007088 0 -0.9238989 -0.3826366 0 -0.9238989 -0.3826366 0 -0.8869634 -0.4618398 0 -0.8869634 -0.4618398 0 -0.8434073 -0.5372747 0 -0.8434073 -0.5372747 0 -0.7934046 -0.6086946 0 -0.7934046 -0.6086946 0 -0.7371309 -0.67575 0 -0.7371309 -0.67575 0 -0.6756486 -0.7372238 0 -0.6756486 -0.7372238 0 -0.608776 -0.7933421 0 -0.608776 -0.7933421 0 -0.5372037 -0.8434525 0 -0.5372037 -0.8434525 0 -0.4617667 -0.8870014 0 -0.4617667 -0.8870014 0 -0.3826232 -0.9239045 0 -0.3826232 -0.9239045 0 -0.3010595 -0.9536054 0 -0.3010595 -0.9536054 0 -0.216288 -0.9763296 0 -0.216288 -0.9763296 0 -0.1305209 -0.9914456 0 -0.1305209 -0.9914456 0 -0.04335063 -0.9990599 0 -0.04335063 -0.9990599 0 0.04335063 -0.9990599 0 0.04335063 -0.9990599 0 0.1305219 -0.9914454 0 0.1305219 -0.9914454 0 0.2162864 -0.97633 0 0.2162864 -0.97633 0 0.3010595 -0.9536054 0 0.3010595 -0.9536054 0 0.3826232 -0.9239045 0 0.3826232 -0.9239045 0 0.4617667 -0.8870014 0 0.4617667 -0.8870014 0 0.5372037 -0.8434525 0 0.5372037 -0.8434525 0 0.6087796 -0.7933394 0 0.6087796 -0.7933394 0 0.6756486 -0.7372238 0 0.6756486 -0.7372238 0 0.7371273 -0.675754 0 0.7371273 -0.675754 0 0.7934046 -0.6086946 0 0.7934046 -0.6086946 0 0.8434073 -0.5372747 0 0.8434073 -0.5372747 0 0.8869634 -0.4618398 0 0.8869634 -0.4618398 0 0.9239016 -0.3826302 0 0.9239016 -0.3826302 0 0.9537159 -0.3007088 0 0.9537159 -0.3007088 0 0.9762969 -0.2164362 0 0.9762969 -0.2164362 0 0.9914437 -0.1305348 0 0.9914437 -0.1305348 0 0.9990482 -0.04361999 0 0.9990482 -0.04361999 0 0.9990491 0.04359942 0 0.9990491 0.04359942 0 0.9914437 0.1305348 0 0.9914437 0.1305348 0 0.9762969 0.2164362 0 0.9762969 0.2164362 0 0.9537159 0.3007088 0 0.9537159 0.3007088 0 0.9238325 0.3827969 0 0.9238325 0.3827969 0 0.8870638 0.4616468 0 0.8870638 0.4616468 0 0.8434073 0.5372747 0 0.8434073 0.5372747 0 0.7934046 0.6086946 0 0.7934046 0.6086946 0 0.7371273 0.675754 0 0.7371273 0.675754 0 0.6756486 0.7372238 0 0.6756486 0.7372238 0 0.6087796 0.7933394 0 0.6087796 0.7933394 0 0.5372037 0.8434525 0 0.5372037 0.8434525 0 0.4617667 0.8870014 0 0.4617667 0.8870014 0 0.3826232 0.9239045 0 0.3826232 0.9239045 0 0.3010595 0.9536054 0 0.3010595 0.9536054 0 0.2162864 0.97633 0 0.2162864 0.97633 0 0.1305219 0.9914454 0 0.1305219 0.9914454 0 0.04335063 0.9990599 0 0.04335063 0.9990599 -1 0 0 -1 0 0 -1 0 0 -1 0 0 -1 0 0 -1 0 0 -1 0 0 -1 0 0 -1 0 0 -1 0 0 -1 0 0 -1 0 0 -1 0 0 -1 0 0 -1 0 0 -1 0 0 -1 0 0 -1 0 0 -1 0 0 -1 0 0 -1 0 0 -1 0 0 -1 0 0 -1 0 0 -1 0 0 -1 0 0 -1 0 0 -1 0 0 -1 0 0 -1 0 0 -1 0 0 -1 0 0 -1 0 0 -1 0 0 -1 0 0 -1 0 0 -1 0 0 -1 0 0 -1 0 0 -1 0 0 -1 0 0 -1 0 0 -1 0 0 -1 0 0 -1 0 0 -1 0 0 -1 0 0 -1 0 0 -1 0 0 -1 0 0 -1 0 0 -1 0 0 -1 0 0 -1 0 0 -1 0 0 -1 0 0 -1 0 0 -1 0 0 -1 0 0 -1 0 0 -1 0 0 -1 0 0 -1 0 0 -1 0 0 -1 0 0 -1 0 0 -1 0 0 -1 0 0 -1 0 0 -1 0 0 -1 0 0 -1 0 0 -1 0 0 -1 0 0 -1 0 0 -1 0 0 -1 0 0 -1 0 0 -1 0 0 -1 0 0 -1 0 0 -1 0 0 -1 0 0 -1 0 0 -1 0 0 -1 0 0 -1 0 0 -1 0 0 -1 0 0 -1 0 0 -1 0 0 -1 0 0 -1 0 0 -1 0 0 -1 0 0 -1 0 0 -1 0 0 -1 0 0 -1 0 0 -1 0 0 -1 0 0 -1 0 0 -1 0 0 -1 0 0 -1 0 0 -1 0 0 -1 0 0 -1 0 0 -1 0 0 -1 0 0 -1 0 0 -1 0 0 -1 0 0 -1 0 0 -1 0 0 -1 0 0 -1 0 0 -1 0 0 -1 0 0 -1 0 0 -1 0 0 -1 0 0 -1 0 0 -1 0 0 -1 0 0 -1 0 0 -1 0 0 -1 0 0 -1 0 0 -1 0 0 -1 0 0 -1 0 0 -1 0 0 -1 0 0 -1 0 0 -1 0 0 -1 0 0 -1 0 0 -1 0 0 -1 0 0 -1 0 0 -1 0 0 -1 0 0 -1 0 0 0 -0.04335063 0.9990599 0 -0.04335063 0.9990599 0 -0.1305209 0.9914456 0 -0.1305209 0.9914456 0 -0.2167371 0.97623 0 -0.2167371 0.97623 0 -0.300631 0.9537406 0 -0.300631 0.9537406 0 -0.3826232 0.9239045 0 -0.3826232 0.9239045 0 -0.4617667 0.8870014 0 -0.4617667 0.8870014 0 -0.5372037 0.8434525 0 -0.5372037 0.8434525 0 -0.608776 0.7933421 0 -0.608776 0.7933421 0 -0.6756486 0.7372238 0 -0.6756486 0.7372238 0 -0.7373461 0.6755153 0 -0.7373461 0.6755153 0 -0.79323 0.6089221 0 -0.79323 0.6089221 0 -0.8434073 0.5372747 0 -0.8434073 0.5372747 0 -0.8870638 0.4616468 0 -0.8870638 0.4616468 0 -0.9238989 0.3826366 0 -0.9238989 0.3826366 0 -0.9537159 0.3007088 0 -0.9537159 0.3007088 0 -0.9762969 0.2164362 0 -0.9762969 0.2164362 0 -0.9914447 0.1305276 0 -0.9914447 0.1305276 0 -0.9990479 0.04362732 0 -0.9990479 0.04362732 0 -0.9990479 -0.04362732 0 -0.9990479 -0.04362732 0 -0.9914447 -0.1305276 0 -0.9914447 -0.1305276 0 -0.9762969 -0.2164362 0 -0.9762969 -0.2164362 0 -0.9537159 -0.3007088 0 -0.9537159 -0.3007088 0 -0.9238989 -0.3826366 0 -0.9238989 -0.3826366 0 -0.8869634 -0.4618398 0 -0.8869634 -0.4618398 0 -0.8434073 -0.5372747 0 -0.8434073 -0.5372747 0 -0.7934046 -0.6086946 0 -0.7934046 -0.6086946 0 -0.7373461 -0.6755153 0 -0.7373461 -0.6755153 0 -0.6753925 -0.7374585 0 -0.6753925 -0.7374585 0 -0.608776 -0.7933421 0 -0.608776 -0.7933421 0 -0.5375388 -0.843239 0 -0.5375388 -0.843239 0 -0.4617667 -0.8870014 0 -0.4617667 -0.8870014 0 -0.3826232 -0.9239045 0 -0.3826232 -0.9239045 0 -0.300631 -0.9537406 0 -0.300631 -0.9537406 0 -0.216288 -0.9763296 0 -0.216288 -0.9763296 0 -0.1305209 -0.9914456 0 -0.1305209 -0.9914456 0 -0.04382091 -0.9990394 0 -0.04382091 -0.9990394 0 0.04382091 -0.9990394 0 0.04382091 -0.9990394 0 0.1305219 -0.9914454 0 0.1305219 -0.9914454 0 0.2162864 -0.97633 0 0.2162864 -0.97633 0 0.300631 -0.9537406 0 0.300631 -0.9537406 0 0.3826232 -0.9239045 0 0.3826232 -0.9239045 0 0.4617667 -0.8870014 0 0.4617667 -0.8870014 0 0.5375388 -0.843239 0 0.5375388 -0.843239 0 0.6087796 -0.7933394 0 0.6087796 -0.7933394 0 0.6753925 -0.7374585 0 0.6753925 -0.7374585 0 0.7373424 -0.6755193 0 0.7373424 -0.6755193 0 0.7934046 -0.6086946 0 0.7934046 -0.6086946 0 0.8434073 -0.5372747 0 0.8434073 -0.5372747 0 0.8869634 -0.4618398 0 0.8869634 -0.4618398 0 0.9239016 -0.3826302 0 0.9239016 -0.3826302 0 0.9537159 -0.3007088 0 0.9537159 -0.3007088 0 0.9762969 -0.2164362 0 0.9762969 -0.2164362 0 0.9914437 -0.1305348 0 0.9914437 -0.1305348 0 0.9990482 -0.04361999 0 0.9990482 -0.04361999 0 0.9990482 0.04361999 0 0.9990482 0.04361999 0 0.9914437 0.1305348 0 0.9914437 0.1305348 0 0.9762969 0.2164362 0 0.9762969 0.2164362 0 0.9537159 0.3007088 0 0.9537159 0.3007088 0 0.9239016 0.3826302 0 0.9239016 0.3826302 0 0.8870638 0.4616468 0 0.8870638 0.4616468 0 0.8434073 0.5372747 0 0.8434073 0.5372747 0 0.79323 0.6089221 0 0.79323 0.6089221 0 0.7373424 0.6755193 0 0.7373424 0.6755193 0 0.6756486 0.7372238 0 0.6756486 0.7372238 0 0.6087796 0.7933394 0 0.6087796 0.7933394 0 0.5372037 0.8434525 0 0.5372037 0.8434525 0 0.4617667 0.8870014 0 0.4617667 0.8870014 0 0.3826232 0.9239045 0 0.3826232 0.9239045 0 0.300631 0.9537406 0 0.300631 0.9537406 0 0.2167356 0.9762303 0 0.2167356 0.9762303 0 0.1305219 0.9914454 0 0.1305219 0.9914454 0 0.04335063 0.9990599 0 0.04335063 0.9990599</float_array>
          <technique_common>
            <accessor source="#endeffector_visual_003-mesh-normals-array" count="12676" stride="3">
              <param name="X" type="float"/>
              <param name="Y" type="float"/>
              <param name="Z" type="float"/>
            </accessor>
          </technique_common>
        </source>
        <vertices id="endeffector_visual_003-mesh-vertices">
          <input semantic="POSITION" source="#endeffector_visual_003-mesh-positions"/>
        </vertices>
        <triangles material="endeffector_parts_material-material" count="12676">
          <input semantic="VERTEX" source="#endeffector_visual_003-mesh-vertices" offset="0"/>
          <input semantic="NORMAL" source="#endeffector_visual_003-mesh-normals" offset="1"/>
          <p>0 0 1 0 2 0 1 1 3 1 2 1 2 2 3 2 4 2 3 3 5 3 4 3 4 4 5 4 6 4 5 5 7 5 6 5 6 6 7 6 8 6 7 7 9 7 8 7 8 8 9 8 10 8 9 9 11 9 10 9 10 10 11 10 12 10 11 11 13 11 12 11 12 12 13 12 14 12 13 13 15 13 14 13 14 14 15 14 16 14 15 15 17 15 16 15 16 16 17 16 18 16 17 17 19 17 18 17 18 18 19 18 20 18 19 19 21 19 20 19 20 20 21 20 22 20 21 21 23 21 22 21 22 22 23 22 24 22 23 23 25 23 24 23 24 24 25 24 26 24 25 25 27 25 26 25 26 26 27 26 28 26 27 27 29 27 28 27 28 28 29 28 30 28 29 29 31 29 30 29 30 30 31 30 32 30 31 31 33 31 32 31 32 32 33 32 34 32 33 33 35 33 34 33 34 34 35 34 36 34 35 35 37 35 36 35 36 36 37 36 38 36 37 37 39 37 38 37 38 38 39 38 40 38 39 39 41 39 40 39 40 40 41 40 42 40 41 41 43 41 42 41 42 42 43 42 44 42 43 43 45 43 44 43 44 44 45 44 46 44 45 45 47 45 46 45 46 46 47 46 48 46 47 47 49 47 48 47 48 48 49 48 50 48 49 49 51 49 50 49 50 50 51 50 52 50 51 51 53 51 52 51 52 52 53 52 54 52 53 53 55 53 54 53 54 54 55 54 56 54 55 55 57 55 56 55 56 56 57 56 58 56 57 57 59 57 58 57 58 58 59 58 60 58 59 59 61 59 60 59 60 60 61 60 62 60 61 61 63 61 62 61 62 62 63 62 64 62 63 63 65 63 64 63 64 64 65 64 66 64 65 65 67 65 66 65 66 66 67 66 68 66 67 67 69 67 68 67 68 68 69 68 70 68 69 69 71 69 70 69 70 70 71 70 72 70 71 71 73 71 72 71 72 72 73 72 74 72 73 73 75 73 74 73 74 74 75 74 76 74 75 75 77 75 76 75 76 76 77 76 78 76 77 77 79 77 78 77 78 78 79 78 80 78 79 79 81 79 80 79 80 80 81 80 82 80 81 81 83 81 82 81 82 82 83 82 84 82 83 83 85 83 84 83 84 84 85 84 86 84 85 85 87 85 86 85 86 86 87 86 88 86 87 87 89 87 88 87 88 88 89 88 90 88 89 89 91 89 90 89 90 90 91 90 92 90 91 91 93 91 92 91 92 92 93 92 94 92 93 93 95 93 94 93 94 94 95 94 96 94 95 95 97 95 96 95 96 96 97 96 98 96 97 97 99 97 98 97 98 98 99 98 100 98 99 99 101 99 100 99 100 100 101 100 102 100 101 101 103 101 102 101 102 102 103 102 104 102 103 103 105 103 104 103 104 104 105 104 106 104 105 105 107 105 106 105 106 106 107 106 108 106 107 107 109 107 108 107 108 108 109 108 110 108 109 109 111 109 110 109 110 110 111 110 112 110 111 111 113 111 112 111 112 112 113 112 114 112 113 113 115 113 114 113 114 114 115 114 116 114 115 115 117 115 116 115 116 116 117 116 118 116 117 117 119 117 118 117 118 118 119 118 120 118 119 119 121 119 120 119 120 120 121 120 122 120 121 121 123 121 122 121 122 122 123 122 124 122 123 123 125 123 124 123 124 124 125 124 126 124 125 125 127 125 126 125 126 126 127 126 128 126 127 127 129 127 128 127 128 128 129 128 130 128 129 129 131 129 130 129 130 130 131 130 132 130 131 131 133 131 132 131 132 132 133 132 134 132 133 133 135 133 134 133 134 134 135 134 136 134 135 135 137 135 136 135 136 136 137 136 138 136 137 137 139 137 138 137 138 138 139 138 140 138 139 139 141 139 140 139 140 140 141 140 142 140 141 141 143 141 142 141 142 142 143 142 0 142 143 143 1 143 0 143 144 144 145 144 146 144 145 145 147 145 146 145 146 146 147 146 148 146 147 147 149 147 148 147 148 148 149 148 150 148 149 149 151 149 150 149 150 150 151 150 152 150 151 151 153 151 152 151 152 152 153 152 154 152 153 153 155 153 154 153 154 154 155 154 156 154 155 155 157 155 156 155 156 156 157 156 158 156 157 157 159 157 158 157 158 158 159 158 160 158 159 159 161 159 160 159 160 160 161 160 162 160 161 161 163 161 162 161 162 162 163 162 164 162 163 163 165 163 164 163 164 164 165 164 166 164 165 165 167 165 166 165 166 166 167 166 168 166 167 167 169 167 168 167 168 168 169 168 170 168 169 169 171 169 170 169 170 170 171 170 172 170 171 171 173 171 172 171 172 172 173 172 174 172 173 173 175 173 174 173 174 174 175 174 176 174 175 175 177 175 176 175 176 176 177 176 178 176 177 177 179 177 178 177 178 178 179 178 180 178 179 179 181 179 180 179 180 180 181 180 182 180 181 181 183 181 182 181 182 182 183 182 184 182 183 183 185 183 184 183 184 184 185 184 186 184 185 185 187 185 186 185 186 186 187 186 188 186 187 187 189 187 188 187 188 188 189 188 190 188 189 189 191 189 190 189 190 190 191 190 192 190 191 191 193 191 192 191 192 192 193 192 194 192 193 193 195 193 194 193 194 194 195 194 196 194 195 195 197 195 196 195 196 196 197 196 198 196 197 197 199 197 198 197 198 198 199 198 200 198 199 199 201 199 200 199 200 200 201 200 202 200 201 201 203 201 202 201 202 202 203 202 204 202 203 203 205 203 204 203 204 204 205 204 206 204 205 205 207 205 206 205 206 206 207 206 208 206 207 207 209 207 208 207 208 208 209 208 210 208 209 209 211 209 210 209 210 210 211 210 212 210 211 211 213 211 212 211 212 212 213 212 214 212 213 213 215 213 214 213 214 214 215 214 216 214 215 215 217 215 216 215 216 216 217 216 218 216 217 217 219 217 218 217 218 218 219 218 220 218 219 219 221 219 220 219 220 220 221 220 222 220 221 221 223 221 222 221 222 222 223 222 224 222 223 223 225 223 224 223 224 224 225 224 226 224 225 225 227 225 226 225 226 226 227 226 228 226 227 227 229 227 228 227 228 228 229 228 230 228 229 229 231 229 230 229 230 230 231 230 232 230 231 231 233 231 232 231 232 232 233 232 234 232 233 233 235 233 234 233 234 234 235 234 236 234 235 235 237 235 236 235 236 236 237 236 238 236 237 237 239 237 238 237 238 238 239 238 240 238 239 239 241 239 240 239 240 240 241 240 242 240 241 241 243 241 242 241 242 242 243 242 244 242 243 243 245 243 244 243 244 244 245 244 246 244 245 245 247 245 246 245 246 246 247 246 248 246 247 247 249 247 248 247 248 248 249 248 250 248 249 249 251 249 250 249 250 250 251 250 252 250 251 251 253 251 252 251 252 252 253 252 254 252 253 253 255 253 254 253 254 254 255 254 256 254 255 255 257 255 256 255 256 256 257 256 258 256 257 257 259 257 258 257 258 258 259 258 260 258 259 259 261 259 260 259 260 260 261 260 262 260 261 261 263 261 262 261 262 262 263 262 264 262 263 263 265 263 264 263 264 264 265 264 266 264 265 265 267 265 266 265 266 266 267 266 268 266 267 267 269 267 268 267 268 268 269 268 270 268 269 269 271 269 270 269 270 270 271 270 272 270 271 271 273 271 272 271 272 272 273 272 274 272 273 273 275 273 274 273 274 274 275 274 276 274 275 275 277 275 276 275 276 276 277 276 278 276 277 277 279 277 278 277 278 278 279 278 280 278 279 279 281 279 280 279 280 280 281 280 282 280 281 281 283 281 282 281 282 282 283 282 284 282 283 283 285 283 284 283 284 284 285 284 286 284 285 285 287 285 286 285 286 286 287 286 144 286 287 287 145 287 144 287 288 288 289 288 290 288 289 289 291 289 290 289 290 290 291 290 292 290 291 291 293 291 292 291 292 292 293 292 294 292 293 293 295 293 294 293 294 294 295 294 296 294 295 295 297 295 296 295 296 296 297 296 298 296 297 297 299 297 298 297 298 298 299 298 300 298 299 299 301 299 300 299 300 300 301 300 302 300 301 301 303 301 302 301 302 302 303 302 304 302 303 303 305 303 304 303 304 304 305 304 306 304 305 305 307 305 306 305 306 306 307 306 308 306 307 307 309 307 308 307 308 308 309 308 310 308 309 309 311 309 310 309 310 310 311 310 312 310 311 311 313 311 312 311 312 312 313 312 314 312 313 313 315 313 314 313 314 314 315 314 316 314 315 315 317 315 316 315 316 316 317 316 318 316 317 317 319 317 318 317 318 318 319 318 320 318 319 319 321 319 320 319 320 320 321 320 322 320 321 321 323 321 322 321 322 322 323 322 324 322 323 323 325 323 324 323 324 324 325 324 326 324 325 325 327 325 326 325 326 326 327 326 328 326 327 327 329 327 328 327 328 328 329 328 330 328 329 329 331 329 330 329 330 330 331 330 332 330 331 331 333 331 332 331 332 332 333 332 334 332 333 333 335 333 334 333 334 334 335 334 336 334 335 335 337 335 336 335 336 336 337 336 338 336 337 337 339 337 338 337 338 338 339 338 340 338 339 339 341 339 340 339 340 340 341 340 342 340 341 341 343 341 342 341 342 342 343 342 344 342 343 343 345 343 344 343 344 344 345 344 346 344 345 345 347 345 346 345 346 346 347 346 348 346 347 347 349 347 348 347 348 348 349 348 350 348 349 349 351 349 350 349 350 350 351 350 352 350 351 351 353 351 352 351 352 352 353 352 354 352 353 353 355 353 354 353 354 354 355 354 356 354 355 355 357 355 356 355 356 356 357 356 358 356 357 357 359 357 358 357 358 358 359 358 360 358 359 359 361 359 360 359 360 360 361 360 362 360 361 361 363 361 362 361 362 362 363 362 364 362 363 363 365 363 364 363 364 364 365 364 366 364 365 365 367 365 366 365 366 366 367 366 368 366 367 367 369 367 368 367 368 368 369 368 370 368 369 369 371 369 370 369 370 370 371 370 372 370 371 371 373 371 372 371 372 372 373 372 374 372 373 373 375 373 374 373 374 374 375 374 376 374 375 375 377 375 376 375 376 376 377 376 378 376 377 377 379 377 378 377 378 378 379 378 380 378 379 379 381 379 380 379 380 380 381 380 382 380 381 381 383 381 382 381 382 382 383 382 384 382 383 383 385 383 384 383 384 384 385 384 386 384 385 385 387 385 386 385 386 386 387 386 388 386 387 387 389 387 388 387 388 388 389 388 390 388 389 389 391 389 390 389 390 390 391 390 392 390 391 391 393 391 392 391 392 392 393 392 394 392 393 393 395 393 394 393 394 394 395 394 396 394 395 395 397 395 396 395 396 396 397 396 398 396 397 397 399 397 398 397 398 398 399 398 400 398 399 399 401 399 400 399 400 400 401 400 402 400 401 401 403 401 402 401 402 402 403 402 404 402 403 403 405 403 404 403 404 404 405 404 406 404 405 405 407 405 406 405 406 406 407 406 408 406 407 407 409 407 408 407 408 408 409 408 410 408 409 409 411 409 410 409 410 410 411 410 412 410 411 411 413 411 412 411 412 412 413 412 414 412 413 413 415 413 414 413 414 414 415 414 416 414 415 415 417 415 416 415 416 416 417 416 418 416 417 417 419 417 418 417 418 418 419 418 420 418 419 419 421 419 420 419 420 420 421 420 422 420 421 421 423 421 422 421 422 422 423 422 424 422 423 423 425 423 424 423 424 424 425 424 426 424 425 425 427 425 426 425 426 426 427 426 428 426 427 427 429 427 428 427 428 428 429 428 430 428 429 429 431 429 430 429 430 430 431 430 288 430 431 431 289 431 288 431 432 432 433 432 434 432 433 433 435 433 434 433 434 434 435 434 436 434 435 435 437 435 436 435 436 436 437 436 438 436 437 437 439 437 438 437 438 438 439 438 440 438 439 439 441 439 440 439 440 440 441 440 442 440 441 441 443 441 442 441 442 442 443 442 444 442 443 443 445 443 444 443 444 444 445 444 446 444 445 445 447 445 446 445 446 446 447 446 448 446 447 447 449 447 448 447 448 448 449 448 450 448 449 449 451 449 450 449 450 450 451 450 452 450 451 451 453 451 452 451 452 452 453 452 454 452 453 453 455 453 454 453 454 454 455 454 456 454 455 455 457 455 456 455 456 456 457 456 458 456 457 457 459 457 458 457 458 458 459 458 460 458 459 459 461 459 460 459 460 460 461 460 462 460 461 461 463 461 462 461 462 462 463 462 464 462 463 463 465 463 464 463 464 464 465 464 466 464 465 465 467 465 466 465 466 466 467 466 468 466 467 467 469 467 468 467 468 468 469 468 470 468 469 469 471 469 470 469 470 470 471 470 472 470 471 471 473 471 472 471 472 472 473 472 474 472 473 473 475 473 474 473 474 474 475 474 476 474 475 475 477 475 476 475 476 476 477 476 478 476 477 477 479 477 478 477 478 478 479 478 480 478 479 479 481 479 480 479 480 480 481 480 482 480 481 481 483 481 482 481 482 482 483 482 484 482 483 483 485 483 484 483 484 484 485 484 486 484 485 485 487 485 486 485 486 486 487 486 488 486 487 487 489 487 488 487 488 488 489 488 490 488 489 489 491 489 490 489 490 490 491 490 492 490 491 491 493 491 492 491 492 492 493 492 494 492 493 493 495 493 494 493 494 494 495 494 496 494 495 495 497 495 496 495 496 496 497 496 498 496 497 497 499 497 498 497 498 498 499 498 500 498 499 499 501 499 500 499 500 500 501 500 502 500 501 501 503 501 502 501 502 502 503 502 504 502 503 503 505 503 504 503 504 504 505 504 506 504 505 505 507 505 506 505 506 506 507 506 508 506 507 507 509 507 508 507 508 508 509 508 510 508 509 509 511 509 510 509 510 510 511 510 512 510 511 511 513 511 512 511 512 512 513 512 514 512 513 513 515 513 514 513 514 514 515 514 516 514 515 515 517 515 516 515 516 516 517 516 518 516 517 517 519 517 518 517 518 518 519 518 520 518 519 519 521 519 520 519 520 520 521 520 522 520 521 521 523 521 522 521 522 522 523 522 524 522 523 523 525 523 524 523 524 524 525 524 526 524 525 525 527 525 526 525 526 526 527 526 528 526 527 527 529 527 528 527 528 528 529 528 530 528 529 529 531 529 530 529 530 530 531 530 532 530 531 531 533 531 532 531 532 532 533 532 534 532 533 533 535 533 534 533 534 534 535 534 536 534 535 535 537 535 536 535 536 536 537 536 538 536 537 537 539 537 538 537 538 538 539 538 540 538 539 539 541 539 540 539 540 540 541 540 542 540 541 541 543 541 542 541 542 542 543 542 544 542 543 543 545 543 544 543 544 544 545 544 546 544 545 545 547 545 546 545 546 546 547 546 548 546 547 547 549 547 548 547 548 548 549 548 550 548 549 549 551 549 550 549 550 550 551 550 552 550 551 551 553 551 552 551 552 552 553 552 554 552 553 553 555 553 554 553 554 554 555 554 556 554 555 555 557 555 556 555 556 556 557 556 558 556 557 557 559 557 558 557 558 558 559 558 560 558 559 559 561 559 560 559 560 560 561 560 562 560 561 561 563 561 562 561 562 562 563 562 564 562 563 563 565 563 564 563 564 564 565 564 566 564 565 565 567 565 566 565 566 566 567 566 568 566 567 567 569 567 568 567 568 568 569 568 570 568 569 569 571 569 570 569 570 570 571 570 572 570 571 571 573 571 572 571 572 572 573 572 574 572 573 573 575 573 574 573 574 574 575 574 432 574 575 575 433 575 432 575 432 576 576 576 574 576 576 577 577 577 574 577 574 578 577 578 572 578 577 579 578 579 572 579 572 580 578 580 570 580 578 581 579 581 570 581 570 582 579 582 568 582 579 583 580 583 568 583 568 584 580 584 566 584 580 585 581 585 566 585 566 586 581 586 564 586 581 587 582 587 564 587 564 588 582 588 562 588 582 589 583 589 562 589 562 590 583 590 560 590 583 591 584 591 560 591 560 592 584 592 558 592 584 593 585 593 558 593 558 594 585 594 556 594 585 595 586 595 556 595 556 596 586 596 554 596 586 597 587 597 554 597 554 598 587 598 552 598 587 599 588 599 552 599 552 600 588 600 550 600 588 601 589 601 550 601 550 602 589 602 548 602 589 603 590 603 548 603 548 604 590 604 546 604 590 605 591 605 546 605 546 606 591 606 544 606 591 607 592 607 544 607 544 608 592 608 542 608 592 609 593 609 542 609 542 610 593 610 540 610 593 611 594 611 540 611 540 612 594 612 538 612 594 613 595 613 538 613 538 614 595 614 536 614 595 615 596 615 536 615 536 616 596 616 534 616 596 617 597 617 534 617 534 618 597 618 532 618 597 619 598 619 532 619 532 620 598 620 530 620 598 621 599 621 530 621 530 622 599 622 528 622 599 623 600 623 528 623 528 624 600 624 526 624 600 625 601 625 526 625 526 626 601 626 524 626 601 627 602 627 524 627 524 628 602 628 522 628 602 629 603 629 522 629 522 630 603 630 520 630 603 631 604 631 520 631 520 632 604 632 518 632 604 633 605 633 518 633 518 634 605 634 516 634 605 635 606 635 516 635 516 636 606 636 514 636 606 637 607 637 514 637 514 638 607 638 512 638 607 639 608 639 512 639 512 640 608 640 510 640 608 641 609 641 510 641 510 642 609 642 508 642 609 643 610 643 508 643 508 644 610 644 506 644 610 645 611 645 506 645 506 646 611 646 504 646 611 647 612 647 504 647 504 648 612 648 502 648 612 649 613 649 502 649 502 650 613 650 500 650 613 651 614 651 500 651 500 652 614 652 498 652 614 653 615 653 498 653 498 654 615 654 496 654 615 655 616 655 496 655 496 656 616 656 494 656 616 657 617 657 494 657 494 658 617 658 492 658 617 659 618 659 492 659 492 660 618 660 490 660 618 661 619 661 490 661 490 662 619 662 488 662 619 663 620 663 488 663 488 664 620 664 486 664 620 665 621 665 486 665 486 666 621 666 484 666 621 667 622 667 484 667 484 668 622 668 482 668 622 669 623 669 482 669 482 670 623 670 480 670 623 671 624 671 480 671 480 672 624 672 478 672 624 673 625 673 478 673 478 674 625 674 476 674 625 675 626 675 476 675 476 676 626 676 474 676 626 677 627 677 474 677 474 678 627 678 472 678 627 679 628 679 472 679 472 680 628 680 470 680 628 681 629 681 470 681 470 682 629 682 468 682 629 683 630 683 468 683 468 684 630 684 466 684 630 685 631 685 466 685 466 686 631 686 464 686 631 687 632 687 464 687 464 688 632 688 462 688 632 689 633 689 462 689 462 690 633 690 460 690 633 691 634 691 460 691 460 692 634 692 458 692 634 693 635 693 458 693 458 694 635 694 456 694 635 695 636 695 456 695 456 696 636 696 454 696 636 697 637 697 454 697 454 698 637 698 452 698 637 699 638 699 452 699 452 700 638 700 450 700 638 701 639 701 450 701 450 702 639 702 448 702 639 703 640 703 448 703 448 704 640 704 446 704 640 705 641 705 446 705 446 706 641 706 444 706 641 707 642 707 444 707 444 708 642 708 442 708 642 709 643 709 442 709 442 710 643 710 440 710 643 711 644 711 440 711 440 712 644 712 438 712 644 713 645 713 438 713 438 714 645 714 436 714 645 715 646 715 436 715 436 716 646 716 434 716 646 717 647 717 434 717 434 718 647 718 432 718 647 719 576 719 432 719 648 720 576 720 649 720 576 721 647 721 649 721 649 722 647 722 650 722 647 723 646 723 650 723 650 724 646 724 651 724 646 725 645 725 651 725 651 726 645 726 652 726 645 727 644 727 652 727 652 728 644 728 653 728 644 729 643 729 653 729 653 730 643 730 654 730 643 731 642 731 654 731 654 732 642 732 655 732 642 733 641 733 655 733 655 734 641 734 656 734 641 735 640 735 656 735 656 736 640 736 657 736 640 737 639 737 657 737 657 738 639 738 658 738 639 739 638 739 658 739 658 740 638 740 659 740 638 741 637 741 659 741 659 742 637 742 660 742 637 743 636 743 660 743 660 744 636 744 661 744 636 745 635 745 661 745 661 746 635 746 662 746 635 747 634 747 662 747 662 748 634 748 663 748 634 749 633 749 663 749 663 750 633 750 664 750 633 751 632 751 664 751 664 752 632 752 665 752 632 753 631 753 665 753 665 754 631 754 666 754 631 755 630 755 666 755 666 756 630 756 667 756 630 757 629 757 667 757 667 758 629 758 668 758 629 759 628 759 668 759 668 760 628 760 669 760 628 761 627 761 669 761 669 762 627 762 670 762 627 763 626 763 670 763 670 764 626 764 671 764 626 765 625 765 671 765 671 766 625 766 672 766 625 767 624 767 672 767 672 768 624 768 673 768 624 769 623 769 673 769 673 770 623 770 674 770 623 771 622 771 674 771 674 772 622 772 675 772 622 773 621 773 675 773 675 774 621 774 676 774 621 775 620 775 676 775 676 776 620 776 677 776 620 777 619 777 677 777 677 778 619 778 678 778 619 779 618 779 678 779 678 780 618 780 679 780 618 781 617 781 679 781 679 782 617 782 680 782 617 783 616 783 680 783 680 784 616 784 681 784 616 785 615 785 681 785 681 786 615 786 682 786 615 787 614 787 682 787 682 788 614 788 683 788 614 789 613 789 683 789 683 790 613 790 684 790 613 791 612 791 684 791 684 792 612 792 685 792 612 793 611 793 685 793 685 794 611 794 686 794 611 795 610 795 686 795 686 796 610 796 687 796 610 797 609 797 687 797 687 798 609 798 688 798 609 799 608 799 688 799 688 800 608 800 689 800 608 801 607 801 689 801 689 802 607 802 690 802 607 803 606 803 690 803 690 804 606 804 691 804 606 805 605 805 691 805 691 806 605 806 692 806 605 807 604 807 692 807 692 808 604 808 693 808 604 809 603 809 693 809 693 810 603 810 694 810 603 811 602 811 694 811 694 812 602 812 695 812 602 813 601 813 695 813 695 814 601 814 696 814 601 815 600 815 696 815 696 816 600 816 697 816 600 817 599 817 697 817 697 818 599 818 698 818 599 819 598 819 698 819 698 820 598 820 699 820 598 821 597 821 699 821 699 822 597 822 700 822 597 823 596 823 700 823 700 824 596 824 701 824 596 825 595 825 701 825 701 826 595 826 702 826 595 827 594 827 702 827 702 828 594 828 703 828 594 829 593 829 703 829 703 830 593 830 704 830 593 831 592 831 704 831 704 832 592 832 705 832 592 833 591 833 705 833 705 834 591 834 706 834 591 835 590 835 706 835 706 836 590 836 707 836 590 837 589 837 707 837 707 838 589 838 708 838 589 839 588 839 708 839 708 840 588 840 709 840 588 841 587 841 709 841 709 842 587 842 710 842 587 843 586 843 710 843 710 844 586 844 711 844 586 845 585 845 711 845 711 846 585 846 712 846 585 847 584 847 712 847 712 848 584 848 713 848 584 849 583 849 713 849 713 850 583 850 714 850 583 851 582 851 714 851 714 852 582 852 715 852 582 853 581 853 715 853 715 854 581 854 716 854 581 855 580 855 716 855 716 856 580 856 717 856 580 857 579 857 717 857 717 858 579 858 718 858 579 859 578 859 718 859 718 860 578 860 719 860 578 861 577 861 719 861 719 862 577 862 648 862 577 863 576 863 648 863 288 864 720 864 430 864 720 865 721 865 430 865 430 866 721 866 428 866 721 867 722 867 428 867 428 868 722 868 426 868 722 869 723 869 426 869 426 870 723 870 424 870 723 871 724 871 424 871 424 872 724 872 422 872 724 873 725 873 422 873 422 874 725 874 420 874 725 875 726 875 420 875 420 876 726 876 418 876 726 877 727 877 418 877 418 878 727 878 416 878 727 879 728 879 416 879 416 880 728 880 414 880 728 881 729 881 414 881 414 882 729 882 412 882 729 883 730 883 412 883 412 884 730 884 410 884 730 885 731 885 410 885 410 886 731 886 408 886 731 887 732 887 408 887 408 888 732 888 406 888 732 889 733 889 406 889 406 890 733 890 404 890 733 891 734 891 404 891 404 892 734 892 402 892 734 893 735 893 402 893 402 894 735 894 400 894 735 895 736 895 400 895 400 896 736 896 398 896 736 897 737 897 398 897 398 898 737 898 396 898 737 899 738 899 396 899 396 900 738 900 394 900 738 901 739 901 394 901 394 902 739 902 392 902 739 903 740 903 392 903 392 904 740 904 390 904 740 905 741 905 390 905 390 906 741 906 388 906 741 907 742 907 388 907 388 908 742 908 386 908 742 909 743 909 386 909 386 910 743 910 384 910 743 911 744 911 384 911 384 912 744 912 382 912 744 913 745 913 382 913 382 914 745 914 380 914 745 915 746 915 380 915 380 916 746 916 378 916 746 917 747 917 378 917 378 918 747 918 376 918 747 919 748 919 376 919 376 920 748 920 374 920 748 921 749 921 374 921 374 922 749 922 372 922 749 923 750 923 372 923 372 924 750 924 370 924 750 925 751 925 370 925 370 926 751 926 368 926 751 927 752 927 368 927 368 928 752 928 366 928 752 929 753 929 366 929 366 930 753 930 364 930 753 931 754 931 364 931 364 932 754 932 362 932 754 933 755 933 362 933 362 934 755 934 360 934 755 935 756 935 360 935 360 936 756 936 358 936 756 937 757 937 358 937 358 938 757 938 356 938 757 939 758 939 356 939 356 940 758 940 354 940 758 941 759 941 354 941 354 942 759 942 352 942 759 943 760 943 352 943 352 944 760 944 350 944 760 945 761 945 350 945 350 946 761 946 348 946 761 947 762 947 348 947 348 948 762 948 346 948 762 949 763 949 346 949 346 950 763 950 344 950 763 951 764 951 344 951 344 952 764 952 342 952 764 953 765 953 342 953 342 954 765 954 340 954 765 955 766 955 340 955 340 956 766 956 338 956 766 957 767 957 338 957 338 958 767 958 336 958 767 959 768 959 336 959 336 960 768 960 334 960 768 961 769 961 334 961 334 962 769 962 332 962 769 963 770 963 332 963 332 964 770 964 330 964 770 965 771 965 330 965 330 966 771 966 328 966 771 967 772 967 328 967 328 968 772 968 326 968 772 969 773 969 326 969 326 970 773 970 324 970 773 971 774 971 324 971 324 972 774 972 322 972 774 973 775 973 322 973 322 974 775 974 320 974 775 975 776 975 320 975 320 976 776 976 318 976 776 977 777 977 318 977 318 978 777 978 316 978 777 979 778 979 316 979 316 980 778 980 314 980 778 981 779 981 314 981 314 982 779 982 312 982 779 983 780 983 312 983 312 984 780 984 310 984 780 985 781 985 310 985 310 986 781 986 308 986 781 987 782 987 308 987 308 988 782 988 306 988 782 989 783 989 306 989 306 990 783 990 304 990 783 991 784 991 304 991 304 992 784 992 302 992 784 993 785 993 302 993 302 994 785 994 300 994 785 995 786 995 300 995 300 996 786 996 298 996 786 997 787 997 298 997 298 998 787 998 296 998 787 999 788 999 296 999 296 1000 788 1000 294 1000 788 1001 789 1001 294 1001 294 1002 789 1002 292 1002 789 1003 790 1003 292 1003 292 1004 790 1004 290 1004 790 1005 791 1005 290 1005 290 1006 791 1006 288 1006 791 1007 720 1007 288 1007 792 1008 793 1008 794 1008 793 1009 795 1009 794 1009 794 1010 795 1010 796 1010 795 1011 797 1011 796 1011 796 1012 797 1012 798 1012 797 1013 799 1013 798 1013 798 1014 799 1014 800 1014 799 1015 801 1015 800 1015 800 1016 801 1016 802 1016 801 1017 803 1017 802 1017 802 1018 803 1018 804 1018 803 1019 805 1019 804 1019 804 1020 805 1020 806 1020 805 1021 807 1021 806 1021 806 1022 807 1022 808 1022 807 1023 809 1023 808 1023 808 1024 809 1024 810 1024 809 1025 811 1025 810 1025 810 1026 811 1026 812 1026 811 1027 813 1027 812 1027 812 1028 813 1028 814 1028 813 1029 815 1029 814 1029 814 1030 815 1030 816 1030 815 1031 817 1031 816 1031 816 1032 817 1032 818 1032 817 1033 819 1033 818 1033 818 1034 819 1034 820 1034 819 1035 821 1035 820 1035 820 1036 821 1036 822 1036 821 1037 823 1037 822 1037 822 1038 823 1038 824 1038 823 1039 825 1039 824 1039 824 1040 825 1040 826 1040 825 1041 827 1041 826 1041 826 1042 827 1042 828 1042 827 1043 829 1043 828 1043 828 1044 829 1044 830 1044 829 1045 831 1045 830 1045 830 1046 831 1046 832 1046 831 1047 833 1047 832 1047 832 1048 833 1048 834 1048 833 1049 835 1049 834 1049 834 1050 835 1050 836 1050 835 1051 837 1051 836 1051 836 1052 837 1052 838 1052 837 1053 839 1053 838 1053 838 1054 839 1054 840 1054 839 1055 841 1055 840 1055 840 1056 841 1056 842 1056 841 1057 843 1057 842 1057 842 1058 843 1058 844 1058 843 1059 845 1059 844 1059 844 1060 845 1060 846 1060 845 1061 847 1061 846 1061 846 1062 847 1062 848 1062 847 1063 849 1063 848 1063 848 1064 849 1064 850 1064 849 1065 851 1065 850 1065 850 1066 851 1066 852 1066 851 1067 853 1067 852 1067 852 1068 853 1068 854 1068 853 1069 855 1069 854 1069 854 1070 855 1070 856 1070 855 1071 857 1071 856 1071 856 1072 857 1072 858 1072 857 1073 859 1073 858 1073 858 1074 859 1074 860 1074 859 1075 861 1075 860 1075 860 1076 861 1076 862 1076 861 1077 863 1077 862 1077 862 1078 863 1078 864 1078 863 1079 865 1079 864 1079 864 1080 865 1080 866 1080 865 1081 867 1081 866 1081 866 1082 867 1082 868 1082 867 1083 869 1083 868 1083 868 1084 869 1084 870 1084 869 1085 871 1085 870 1085 870 1086 871 1086 872 1086 871 1087 873 1087 872 1087 872 1088 873 1088 874 1088 873 1089 875 1089 874 1089 874 1090 875 1090 876 1090 875 1091 877 1091 876 1091 876 1092 877 1092 878 1092 877 1093 879 1093 878 1093 878 1094 879 1094 880 1094 879 1095 881 1095 880 1095 880 1096 881 1096 882 1096 881 1097 883 1097 882 1097 882 1098 883 1098 884 1098 883 1099 885 1099 884 1099 884 1100 885 1100 886 1100 885 1101 887 1101 886 1101 886 1102 887 1102 888 1102 887 1103 889 1103 888 1103 888 1104 889 1104 890 1104 889 1105 891 1105 890 1105 890 1106 891 1106 892 1106 891 1107 893 1107 892 1107 892 1108 893 1108 894 1108 893 1109 895 1109 894 1109 894 1110 895 1110 896 1110 895 1111 897 1111 896 1111 896 1112 897 1112 898 1112 897 1113 899 1113 898 1113 898 1114 899 1114 900 1114 899 1115 901 1115 900 1115 900 1116 901 1116 902 1116 901 1117 903 1117 902 1117 902 1118 903 1118 904 1118 903 1119 905 1119 904 1119 904 1120 905 1120 906 1120 905 1121 907 1121 906 1121 906 1122 907 1122 908 1122 907 1123 909 1123 908 1123 908 1124 909 1124 910 1124 909 1125 911 1125 910 1125 910 1126 911 1126 912 1126 911 1127 913 1127 912 1127 912 1128 913 1128 914 1128 913 1129 915 1129 914 1129 914 1130 915 1130 916 1130 915 1131 917 1131 916 1131 916 1132 917 1132 918 1132 917 1133 919 1133 918 1133 918 1134 919 1134 920 1134 919 1135 921 1135 920 1135 920 1136 921 1136 922 1136 921 1137 923 1137 922 1137 922 1138 923 1138 924 1138 923 1139 925 1139 924 1139 924 1140 925 1140 926 1140 925 1141 927 1141 926 1141 926 1142 927 1142 928 1142 927 1143 929 1143 928 1143 928 1144 929 1144 930 1144 929 1145 931 1145 930 1145 930 1146 931 1146 932 1146 931 1147 933 1147 932 1147 932 1148 933 1148 934 1148 933 1149 935 1149 934 1149 934 1150 935 1150 792 1150 935 1151 793 1151 792 1151 936 1152 937 1152 938 1152 939 1153 903 1153 901 1153 940 1154 941 1154 942 1154 837 1155 943 1155 839 1155 943 1156 841 1156 839 1156 944 1157 817 1157 945 1157 817 1158 815 1158 945 1158 945 1159 815 1159 946 1159 815 1160 813 1160 946 1160 946 1161 813 1161 947 1161 948 1162 949 1162 799 1162 950 1163 935 1163 951 1163 935 1164 933 1164 951 1164 939 1165 901 1165 952 1165 942 1166 941 1166 953 1166 941 1167 954 1167 953 1167 953 1168 954 1168 955 1168 938 1169 956 1169 936 1169 956 1170 957 1170 936 1170 936 1171 957 1171 958 1171 957 1172 959 1172 958 1172 960 1173 961 1173 891 1173 961 1174 962 1174 891 1174 891 1175 962 1175 963 1175 964 1176 965 1176 893 1176 965 1177 966 1177 893 1177 893 1178 966 1178 967 1178 968 1179 895 1179 969 1179 895 1180 893 1180 969 1180 969 1181 893 1181 970 1181 893 1182 967 1182 970 1182 887 1183 885 1183 971 1183 861 1184 859 1184 971 1184 799 1185 797 1185 948 1185 797 1186 795 1186 948 1186 948 1187 795 1187 950 1187 795 1188 793 1188 950 1188 950 1189 793 1189 935 1189 942 1190 972 1190 940 1190 972 1191 973 1191 940 1191 940 1192 973 1192 974 1192 973 1193 975 1193 974 1193 974 1194 975 1194 976 1194 975 1195 977 1195 976 1195 976 1196 977 1196 978 1196 979 1197 980 1197 937 1197 980 1198 981 1198 937 1198 937 1199 981 1199 938 1199 837 1200 835 1200 982 1200 835 1201 833 1201 982 1201 833 1202 831 1202 982 1202 982 1203 831 1203 829 1203 983 1204 984 1204 985 1204 947 1205 813 1205 986 1205 813 1206 811 1206 986 1206 986 1207 811 1207 987 1207 811 1208 809 1208 987 1208 987 1209 809 1209 988 1209 809 1210 807 1210 988 1210 807 1211 805 1211 988 1211 988 1212 805 1212 989 1212 805 1213 803 1213 989 1213 989 1214 803 1214 949 1214 803 1215 801 1215 949 1215 949 1216 801 1216 799 1216 933 1217 931 1217 951 1217 931 1218 929 1218 951 1218 951 1219 929 1219 990 1219 929 1220 927 1220 990 1220 990 1221 927 1221 925 1221 925 1222 923 1222 990 1222 923 1223 921 1223 990 1223 990 1224 921 1224 991 1224 921 1225 919 1225 991 1225 911 1226 909 1226 992 1226 909 1227 907 1227 992 1227 992 1228 907 1228 939 1228 907 1229 905 1229 939 1229 939 1230 905 1230 903 1230 954 1231 993 1231 955 1231 993 1232 994 1232 955 1232 955 1233 994 1233 995 1233 994 1234 996 1234 995 1234 995 1235 996 1235 979 1235 996 1236 997 1236 979 1236 979 1237 997 1237 980 1237 998 1238 999 1238 1000 1238 1001 1239 1002 1239 971 1239 963 1240 1003 1240 891 1240 1003 1241 1004 1241 891 1241 891 1242 1004 1242 893 1242 1004 1243 1005 1243 893 1243 893 1244 1005 1244 964 1244 960 1245 891 1245 971 1245 891 1246 889 1246 971 1246 971 1247 889 1247 887 1247 983 1248 985 1248 1006 1248 919 1249 917 1249 991 1249 917 1250 915 1250 991 1250 991 1251 915 1251 992 1251 915 1252 913 1252 992 1252 992 1253 913 1253 911 1253 901 1254 899 1254 952 1254 899 1255 897 1255 952 1255 952 1256 897 1256 895 1256 959 1257 1007 1257 958 1257 1007 1258 1008 1258 958 1258 958 1259 1008 1259 1009 1259 1008 1260 1010 1260 1009 1260 1009 1261 1010 1261 1011 1261 1000 1262 1012 1262 998 1262 1012 1263 1013 1263 998 1263 998 1264 1013 1264 1014 1264 1001 1265 971 1265 1015 1265 885 1266 883 1266 971 1266 883 1267 881 1267 971 1267 971 1268 881 1268 879 1268 879 1269 877 1269 971 1269 877 1270 875 1270 971 1270 971 1271 875 1271 873 1271 873 1272 871 1272 971 1272 871 1273 869 1273 971 1273 971 1274 869 1274 867 1274 853 1275 851 1275 1016 1275 851 1276 849 1276 1016 1276 1017 1277 1018 1277 944 1277 1018 1278 1019 1278 944 1278 944 1279 1019 1279 1020 1279 1021 1280 825 1280 1022 1280 825 1281 823 1281 1022 1281 1022 1282 823 1282 821 1282 977 1283 1023 1283 978 1283 1023 1284 952 1284 978 1284 978 1285 952 1285 1024 1285 952 1286 895 1286 1024 1286 1024 1287 895 1287 1025 1287 895 1288 968 1288 1025 1288 1011 1289 1026 1289 1009 1289 1026 1290 1027 1290 1009 1290 1009 1291 1027 1291 1028 1291 1027 1292 1029 1292 1028 1292 1029 1293 1030 1293 1028 1293 1030 1294 1031 1294 1028 1294 1028 1295 1031 1295 1032 1295 1031 1296 1033 1296 1032 1296 1032 1297 1033 1297 1034 1297 1002 1298 1035 1298 971 1298 1035 1299 1036 1299 971 1299 971 1300 1036 1300 1037 1300 998 1301 1038 1301 999 1301 1038 1302 1039 1302 999 1302 999 1303 1039 1303 1040 1303 1040 1304 1041 1304 999 1304 1041 1305 1042 1305 999 1305 999 1306 1042 1306 1043 1306 1043 1307 1044 1307 999 1307 1044 1308 1045 1308 999 1308 999 1309 1045 1309 1046 1309 1047 1310 1048 1310 1049 1310 1048 1311 1050 1311 1049 1311 867 1312 865 1312 971 1312 865 1313 863 1313 971 1313 971 1314 863 1314 861 1314 859 1315 857 1315 971 1315 857 1316 855 1316 971 1316 971 1317 855 1317 853 1317 985 1318 1051 1318 1006 1318 1051 1319 1052 1319 1006 1319 1006 1320 1052 1320 944 1320 1052 1321 1053 1321 944 1321 944 1322 1053 1322 1017 1322 1021 1323 1054 1323 825 1323 1054 1324 1055 1324 825 1324 825 1325 1055 1325 1056 1325 1056 1326 1057 1326 825 1326 1057 1327 1058 1327 825 1327 825 1328 1058 1328 827 1328 1058 1329 1059 1329 827 1329 827 1330 1059 1330 829 1330 1059 1331 1060 1331 829 1331 829 1332 1060 1332 982 1332 1020 1333 1061 1333 944 1333 1061 1334 1062 1334 944 1334 944 1335 1062 1335 817 1335 1062 1336 1022 1336 817 1336 817 1337 1022 1337 819 1337 1022 1338 821 1338 819 1338 853 1339 1016 1339 971 1339 1016 1340 1063 1340 971 1340 971 1341 1063 1341 1015 1341 1046 1342 1064 1342 999 1342 1064 1343 1065 1343 999 1343 999 1344 1065 1344 1066 1344 1066 1345 1067 1345 999 1345 1067 1346 1068 1346 999 1346 999 1347 1068 1347 1069 1347 1050 1348 1070 1348 1049 1348 1070 1349 1071 1349 1049 1349 1049 1350 1071 1350 1072 1350 1072 1351 1073 1351 1049 1351 1073 1352 1074 1352 1049 1352 1049 1353 1074 1353 1075 1353 1076 1354 1077 1354 1078 1354 849 1355 847 1355 1016 1355 847 1356 845 1356 1016 1356 1016 1357 845 1357 943 1357 845 1358 843 1358 943 1358 943 1359 843 1359 841 1359 1079 1360 1080 1360 1081 1360 1080 1361 1032 1361 1081 1361 1081 1362 1032 1362 1082 1362 1032 1363 1034 1363 1082 1363 1079 1364 1083 1364 1080 1364 1083 1365 1084 1365 1080 1365 1080 1366 1084 1366 1085 1366 1084 1367 1086 1367 1085 1367 1086 1368 1087 1368 1085 1368 1085 1369 1087 1369 1088 1369 1087 1370 1089 1370 1088 1370 1089 1371 1090 1371 1088 1371 1088 1372 1090 1372 1091 1372 1090 1373 1092 1373 1091 1373 1092 1374 1093 1374 1091 1374 1091 1375 1093 1375 1094 1375 1093 1376 1095 1376 1094 1376 1094 1377 1095 1377 1096 1377 1097 1378 1098 1378 1099 1378 1098 1379 1100 1379 1099 1379 1099 1380 1100 1380 1101 1380 1100 1381 1102 1381 1101 1381 1101 1382 1102 1382 1103 1382 1102 1383 1096 1383 1103 1383 1103 1384 1096 1384 1104 1384 1096 1385 1095 1385 1104 1385 1014 1386 1105 1386 998 1386 1105 1387 1106 1387 998 1387 998 1388 1106 1388 1107 1388 1106 1389 1108 1389 1107 1389 1107 1390 1108 1390 1036 1390 1108 1391 1109 1391 1036 1391 1036 1392 1109 1392 1037 1392 1074 1393 1110 1393 1075 1393 1110 1394 1111 1394 1075 1394 1075 1395 1111 1395 1112 1395 1113 1396 1114 1396 1115 1396 984 1397 983 1397 1116 1397 983 1398 1117 1398 1116 1398 1116 1399 1117 1399 1118 1399 1069 1400 1047 1400 999 1400 1047 1401 1049 1401 999 1401 999 1402 1049 1402 1119 1402 1049 1403 1120 1403 1119 1403 1119 1404 1120 1404 1097 1404 1120 1405 1121 1405 1097 1405 1097 1406 1121 1406 1098 1406 1111 1407 1122 1407 1112 1407 1122 1408 1123 1408 1112 1408 1112 1409 1123 1409 1124 1409 1123 1410 1125 1410 1124 1410 1126 1411 1127 1411 1128 1411 1076 1412 1078 1412 1129 1412 1078 1413 1130 1413 1129 1413 1129 1414 1130 1414 1131 1414 1125 1415 1132 1415 1124 1415 1132 1416 1133 1416 1124 1416 1124 1417 1133 1417 1134 1417 1133 1418 1135 1418 1134 1418 1134 1419 1135 1419 1136 1419 1136 1420 1137 1420 1134 1420 1137 1421 1138 1421 1134 1421 1134 1422 1138 1422 1139 1422 1138 1423 1140 1423 1139 1423 1140 1424 1141 1424 1139 1424 1141 1425 1142 1425 1139 1425 1139 1426 1142 1426 1143 1426 1142 1427 1144 1427 1143 1427 1143 1428 1144 1428 1145 1428 1145 1429 1146 1429 1143 1429 1146 1430 1147 1430 1143 1430 1143 1431 1147 1431 1148 1431 1147 1432 1149 1432 1148 1432 1149 1433 1150 1433 1148 1433 1150 1434 1151 1434 1148 1434 1148 1435 1151 1435 1152 1435 1151 1436 1153 1436 1152 1436 1153 1437 1154 1437 1152 1437 1152 1438 1154 1438 1114 1438 1154 1439 1155 1439 1114 1439 1114 1440 1155 1440 1115 1440 837 1441 982 1441 943 1441 982 1442 1156 1442 943 1442 943 1443 1156 1443 1157 1443 1157 1444 1158 1444 943 1444 1158 1445 1159 1445 943 1445 943 1446 1159 1446 1160 1446 1161 1447 1162 1447 1163 1447 1163 1448 1162 1448 1164 1448 1162 1449 1165 1449 1164 1449 1164 1450 1165 1450 1166 1450 1167 1451 1168 1451 1127 1451 1168 1452 1169 1452 1127 1452 1127 1453 1169 1453 1128 1453 1128 1454 1170 1454 1126 1454 1170 1455 1171 1455 1126 1455 1126 1456 1171 1456 1076 1456 1171 1457 1172 1457 1076 1457 1076 1458 1172 1458 1077 1458 1131 1459 1173 1459 1129 1459 1173 1460 1174 1460 1129 1460 1129 1461 1174 1461 1175 1461 1174 1462 1176 1462 1175 1462 1160 1463 1177 1463 943 1463 1177 1464 1178 1464 943 1464 943 1465 1178 1465 1179 1465 1179 1466 1180 1466 943 1466 1180 1467 1181 1467 943 1467 943 1468 1181 1468 1182 1468 1183 1469 1184 1469 1185 1469 1184 1470 1113 1470 1185 1470 1185 1471 1113 1471 1186 1471 1113 1472 1115 1472 1186 1472 1184 1473 1187 1473 1113 1473 1187 1474 1188 1474 1113 1474 1113 1475 1188 1475 1189 1475 1188 1476 1190 1476 1189 1476 1189 1477 1190 1477 1191 1477 1190 1478 1161 1478 1191 1478 1191 1479 1161 1479 1192 1479 1161 1480 1163 1480 1192 1480 1165 1481 1193 1481 1166 1481 1193 1482 1194 1482 1166 1482 1166 1483 1194 1483 1195 1483 1194 1484 1196 1484 1195 1484 1195 1485 1196 1485 1167 1485 1196 1486 1197 1486 1167 1486 1167 1487 1197 1487 1168 1487 1176 1488 1198 1488 1175 1488 1198 1489 1199 1489 1175 1489 1175 1490 1199 1490 1200 1490 1199 1491 1201 1491 1200 1491 1200 1492 1201 1492 1202 1492 1185 1493 1203 1493 1183 1493 1203 1494 1204 1494 1183 1494 1183 1495 1204 1495 1205 1495 1182 1496 1206 1496 943 1496 1206 1497 1207 1497 943 1497 943 1498 1207 1498 1208 1498 1205 1499 1209 1499 1183 1499 1209 1500 1210 1500 1183 1500 1183 1501 1210 1501 1211 1501 1211 1502 1212 1502 1183 1502 1212 1503 1213 1503 1183 1503 1183 1504 1213 1504 1214 1504 1202 1505 1215 1505 1200 1505 1215 1506 1216 1506 1200 1506 1200 1507 1216 1507 1117 1507 1216 1508 1217 1508 1117 1508 1117 1509 1217 1509 1118 1509 1208 1510 1218 1510 943 1510 1218 1511 1219 1511 943 1511 943 1512 1219 1512 1220 1512 1219 1513 1221 1513 1220 1513 1220 1514 1221 1514 1222 1514 1221 1515 1183 1515 1222 1515 1222 1516 1183 1516 1223 1516 1183 1517 1214 1517 1223 1517 695 1518 1224 1518 694 1518 1224 1519 1225 1519 694 1519 694 1520 1225 1520 693 1520 690 1521 691 1521 1226 1521 1227 1522 685 1522 1228 1522 685 1523 686 1523 1228 1523 1229 1524 1230 1524 1231 1524 658 1525 659 1525 1232 1525 1226 1526 691 1526 1225 1526 691 1527 692 1527 1225 1527 1225 1528 692 1528 693 1528 716 1529 717 1529 1233 1529 1234 1530 1233 1530 1235 1530 1233 1531 1236 1531 1235 1531 1235 1532 1236 1532 1237 1532 1236 1533 1238 1533 1237 1533 1237 1534 1238 1534 1239 1534 1238 1535 1240 1535 1239 1535 1239 1536 1240 1536 1241 1536 1240 1537 1242 1537 1241 1537 1241 1538 1242 1538 1230 1538 1242 1539 1243 1539 1230 1539 1230 1540 1243 1540 1231 1540 1244 1541 1245 1541 1246 1541 1245 1542 1247 1542 1246 1542 1248 1543 1249 1543 654 1543 662 1544 663 1544 1250 1544 663 1545 664 1545 1250 1545 1250 1546 664 1546 1251 1546 695 1547 696 1547 1224 1547 696 1548 697 1548 1224 1548 1224 1549 697 1549 1252 1549 697 1550 698 1550 1252 1550 698 1551 699 1551 1252 1551 699 1552 700 1552 1252 1552 1252 1553 700 1553 1253 1553 1254 1554 1255 1554 704 1554 712 1555 1234 1555 711 1555 1234 1556 710 1556 711 1556 712 1557 713 1557 1234 1557 713 1558 714 1558 1234 1558 1234 1559 714 1559 1233 1559 714 1560 715 1560 1233 1560 1233 1561 715 1561 716 1561 1244 1562 1256 1562 1245 1562 1256 1563 1257 1563 1245 1563 1245 1564 1257 1564 1258 1564 1257 1565 1259 1565 1258 1565 1260 1566 1261 1566 1262 1566 1261 1567 1263 1567 1262 1567 1262 1568 1263 1568 1264 1568 1265 1569 1266 1569 1267 1569 1266 1570 1268 1570 1267 1570 1267 1571 1268 1571 1269 1571 1270 1572 1271 1572 657 1572 686 1573 687 1573 1228 1573 687 1574 688 1574 1228 1574 1228 1575 688 1575 1226 1575 688 1576 689 1576 1226 1576 1226 1577 689 1577 690 1577 1231 1578 1272 1578 1229 1578 1272 1579 1273 1579 1229 1579 1229 1580 1273 1580 1247 1580 1273 1581 1274 1581 1247 1581 1247 1582 1274 1582 1246 1582 1260 1583 1275 1583 1261 1583 1275 1584 1276 1584 1261 1584 1261 1585 1276 1585 1277 1585 1276 1586 1278 1586 1277 1586 1278 1587 1279 1587 1277 1587 1279 1588 1280 1588 1277 1588 1277 1589 1280 1589 1281 1589 1280 1590 1282 1590 1281 1590 1282 1591 1283 1591 1281 1591 1281 1592 1283 1592 1284 1592 1285 1593 1286 1593 654 1593 655 1594 656 1594 1287 1594 658 1595 1232 1595 657 1595 1232 1596 1288 1596 657 1596 657 1597 1288 1597 1270 1597 657 1598 1289 1598 1290 1598 659 1599 660 1599 1232 1599 660 1600 661 1600 1232 1600 1232 1601 661 1601 662 1601 1291 1602 668 1602 1292 1602 668 1603 1293 1603 1292 1603 1294 1604 680 1604 681 1604 700 1605 701 1605 1253 1605 701 1606 702 1606 1253 1606 1253 1607 702 1607 1255 1607 702 1608 703 1608 1255 1608 1255 1609 703 1609 704 1609 1295 1610 1296 1610 719 1610 1296 1611 1297 1611 719 1611 719 1612 1297 1612 1298 1612 717 1613 718 1613 1233 1613 718 1614 719 1614 1233 1614 1233 1615 719 1615 1299 1615 719 1616 1300 1616 1299 1616 1259 1617 1301 1617 1258 1617 1301 1618 1302 1618 1258 1618 1258 1619 1302 1619 1263 1619 1302 1620 1303 1620 1263 1620 1263 1621 1303 1621 1264 1621 1304 1622 1305 1622 1306 1622 1305 1623 1307 1623 1306 1623 1306 1624 1307 1624 1308 1624 1307 1625 1309 1625 1308 1625 1308 1626 1309 1626 1310 1626 1309 1627 1311 1627 1310 1627 1310 1628 1311 1628 1312 1628 1311 1629 1313 1629 1312 1629 1312 1630 1313 1630 1314 1630 1313 1631 1315 1631 1314 1631 1314 1632 1315 1632 1316 1632 1315 1633 1317 1633 1316 1633 1316 1634 1317 1634 1318 1634 1317 1635 1319 1635 1318 1635 1318 1636 1319 1636 1320 1636 1319 1637 1321 1637 1320 1637 1320 1638 1321 1638 1267 1638 1321 1639 1322 1639 1267 1639 1267 1640 1322 1640 1265 1640 1269 1641 1323 1641 1267 1641 1323 1642 1324 1642 1267 1642 1267 1643 1324 1643 1325 1643 1286 1644 1326 1644 654 1644 1326 1645 1327 1645 654 1645 654 1646 1327 1646 1248 1646 654 1647 1328 1647 1329 1647 651 1648 652 1648 1330 1648 1331 1649 1332 1649 1333 1649 1271 1650 1334 1650 657 1650 1334 1651 1335 1651 657 1651 657 1652 1335 1652 1289 1652 1336 1653 1337 1653 668 1653 1337 1654 1338 1654 668 1654 668 1655 1338 1655 1293 1655 1294 1656 681 1656 1339 1656 704 1657 705 1657 1254 1657 705 1658 706 1658 1254 1658 1254 1659 706 1659 1340 1659 706 1660 707 1660 1340 1660 1340 1661 707 1661 1341 1661 707 1662 708 1662 1341 1662 1341 1663 708 1663 1234 1663 708 1664 709 1664 1234 1664 1234 1665 709 1665 710 1665 1283 1666 1342 1666 1284 1666 1342 1667 1343 1667 1284 1667 1284 1668 1343 1668 1304 1668 1343 1669 1344 1669 1304 1669 1304 1670 1344 1670 1305 1670 1249 1671 1345 1671 654 1671 1345 1672 1346 1672 654 1672 654 1673 1346 1673 1328 1673 651 1674 1330 1674 650 1674 1329 1675 1347 1675 654 1675 1347 1676 1330 1676 654 1676 654 1677 1330 1677 653 1677 1330 1678 652 1678 653 1678 1290 1679 1348 1679 657 1679 1348 1680 1349 1680 657 1680 657 1681 1349 1681 656 1681 1349 1682 1350 1682 656 1682 656 1683 1350 1683 1287 1683 1351 1684 1352 1684 1353 1684 1352 1685 1354 1685 1353 1685 1353 1686 1354 1686 1355 1686 1354 1687 1356 1687 1355 1687 1357 1688 1358 1688 1359 1688 1360 1689 1361 1689 1362 1689 1361 1690 1363 1690 1362 1690 1362 1691 1363 1691 1364 1691 1365 1692 1366 1692 1367 1692 1366 1693 1361 1693 1367 1693 1367 1694 1361 1694 1368 1694 1361 1695 1360 1695 1368 1695 1369 1696 1370 1696 668 1696 1370 1697 1371 1697 668 1697 668 1698 1371 1698 1336 1698 1372 1699 1373 1699 664 1699 1374 1700 1375 1700 1376 1700 1375 1701 1377 1701 1376 1701 681 1702 682 1702 1339 1702 682 1703 683 1703 1339 1703 1339 1704 683 1704 1227 1704 683 1705 684 1705 1227 1705 1227 1706 684 1706 685 1706 1298 1707 1378 1707 719 1707 1378 1708 1379 1708 719 1708 719 1709 1379 1709 1300 1709 1325 1710 1380 1710 1267 1710 1380 1711 1381 1711 1267 1711 1267 1712 1381 1712 654 1712 1381 1713 1382 1713 654 1713 654 1714 1382 1714 1285 1714 1295 1715 719 1715 1383 1715 719 1716 648 1716 1383 1716 1383 1717 648 1717 1330 1717 648 1718 649 1718 1330 1718 1330 1719 649 1719 650 1719 654 1720 1384 1720 1385 1720 1385 1721 1386 1721 654 1721 1386 1722 1387 1722 654 1722 654 1723 1387 1723 1388 1723 1357 1724 1359 1724 1389 1724 1359 1725 1390 1725 1389 1725 1390 1726 1391 1726 1389 1726 1389 1727 1391 1727 1392 1727 1391 1728 1393 1728 1392 1728 1393 1729 1394 1729 1392 1729 1392 1730 1394 1730 1395 1730 680 1731 1294 1731 679 1731 1294 1732 1396 1732 679 1732 679 1733 1396 1733 678 1733 1396 1734 1397 1734 678 1734 678 1735 1397 1735 677 1735 1397 1736 1398 1736 677 1736 677 1737 1398 1737 676 1737 1398 1738 1399 1738 676 1738 676 1739 1399 1739 675 1739 1399 1740 1400 1740 675 1740 675 1741 1400 1741 674 1741 1400 1742 1401 1742 674 1742 674 1743 1401 1743 673 1743 1401 1744 1402 1744 673 1744 673 1745 1402 1745 672 1745 1402 1746 1403 1746 672 1746 672 1747 1403 1747 671 1747 1403 1748 1404 1748 671 1748 671 1749 1404 1749 670 1749 1404 1750 1376 1750 670 1750 670 1751 1376 1751 669 1751 1376 1752 1377 1752 669 1752 669 1753 1377 1753 668 1753 1377 1754 1405 1754 668 1754 668 1755 1405 1755 1369 1755 655 1756 1287 1756 654 1756 1287 1757 1406 1757 654 1757 654 1758 1406 1758 1407 1758 1407 1759 1408 1759 654 1759 1408 1760 1409 1760 654 1760 654 1761 1409 1761 1384 1761 1351 1762 1410 1762 1352 1762 1410 1763 1411 1763 1352 1763 1352 1764 1411 1764 1357 1764 1411 1765 1412 1765 1357 1765 1357 1766 1412 1766 1358 1766 1394 1767 1413 1767 1395 1767 1413 1768 1414 1768 1395 1768 1395 1769 1414 1769 1415 1769 1414 1770 1416 1770 1415 1770 1415 1771 1416 1771 1417 1771 1416 1772 1418 1772 1417 1772 1417 1773 1418 1773 1419 1773 1418 1774 1420 1774 1419 1774 1419 1775 1420 1775 1421 1775 1420 1776 1422 1776 1421 1776 1421 1777 1422 1777 1333 1777 1422 1778 1423 1778 1333 1778 1333 1779 1423 1779 1331 1779 1424 1780 1425 1780 1426 1780 1425 1781 1427 1781 1426 1781 1428 1782 1429 1782 1430 1782 1374 1783 1376 1783 1431 1783 1376 1784 1432 1784 1431 1784 1431 1785 1432 1785 1433 1785 664 1786 1434 1786 1435 1786 1436 1787 1437 1787 1267 1787 1437 1788 1438 1788 1267 1788 1267 1789 1438 1789 1439 1789 1439 1790 1440 1790 1267 1790 1440 1791 1441 1791 1267 1791 1267 1792 1441 1792 1442 1792 1442 1793 1443 1793 1267 1793 1443 1794 1444 1794 1267 1794 1267 1795 1444 1795 1445 1795 1445 1796 1446 1796 1267 1796 1446 1797 1447 1797 1267 1797 1267 1798 1447 1798 1448 1798 1449 1799 1450 1799 1424 1799 1451 1800 1452 1800 1424 1800 1452 1801 1453 1801 1424 1801 1424 1802 1453 1802 1425 1802 1454 1803 1455 1803 1429 1803 1455 1804 1456 1804 1429 1804 1429 1805 1456 1805 1430 1805 1430 1806 1457 1806 1428 1806 1457 1807 1458 1807 1428 1807 1428 1808 1458 1808 1459 1808 1458 1809 1460 1809 1459 1809 1460 1810 1461 1810 1459 1810 1461 1811 1462 1811 1459 1811 1459 1812 1462 1812 1363 1812 1462 1813 1463 1813 1363 1813 1363 1814 1463 1814 1364 1814 1365 1815 1464 1815 1366 1815 1464 1816 1465 1816 1366 1816 1366 1817 1465 1817 1432 1817 1465 1818 1466 1818 1432 1818 1432 1819 1466 1819 1433 1819 1291 1820 1467 1820 668 1820 1467 1821 1468 1821 668 1821 668 1822 1468 1822 1469 1822 1470 1823 664 1823 1471 1823 664 1824 665 1824 1471 1824 1471 1825 665 1825 1472 1825 665 1826 666 1826 1472 1826 1472 1827 666 1827 1473 1827 666 1828 667 1828 1473 1828 1473 1829 667 1829 1474 1829 667 1830 668 1830 1474 1830 1474 1831 668 1831 1475 1831 668 1832 1469 1832 1475 1832 1435 1833 1476 1833 664 1833 1476 1834 1477 1834 664 1834 664 1835 1477 1835 1372 1835 1373 1836 1478 1836 664 1836 1478 1837 1479 1837 664 1837 664 1838 1479 1838 1251 1838 1356 1839 1354 1839 1480 1839 1354 1840 1481 1840 1480 1840 1480 1841 1481 1841 1482 1841 1332 1842 1483 1842 1333 1842 1483 1843 1484 1843 1333 1843 1333 1844 1484 1844 1425 1844 1484 1845 1485 1845 1425 1845 1425 1846 1485 1846 1427 1846 662 1847 1250 1847 1232 1847 1250 1848 1486 1848 1232 1848 1232 1849 1486 1849 1424 1849 1486 1850 1487 1850 1424 1850 1424 1851 1487 1851 1449 1851 1425 1852 1488 1852 1333 1852 1488 1853 1489 1853 1333 1853 1333 1854 1489 1854 1490 1854 1489 1855 1491 1855 1490 1855 1490 1856 1491 1856 1492 1856 1491 1857 1493 1857 1492 1857 1492 1858 1493 1858 1454 1858 1493 1859 1494 1859 1454 1859 1454 1860 1494 1860 1455 1860 1470 1861 1495 1861 664 1861 1495 1862 1496 1862 664 1862 664 1863 1496 1863 1497 1863 1388 1864 1498 1864 654 1864 1498 1865 1499 1865 654 1865 654 1866 1499 1866 1267 1866 1499 1867 1500 1867 1267 1867 1267 1868 1500 1868 1436 1868 1447 1869 1501 1869 1448 1869 1501 1870 1502 1870 1448 1870 1448 1871 1502 1871 1503 1871 1502 1872 1504 1872 1503 1872 1450 1873 1505 1873 1424 1873 1505 1874 1506 1874 1424 1874 1424 1875 1506 1875 1451 1875 1497 1876 1507 1876 664 1876 1507 1877 1508 1877 664 1877 664 1878 1508 1878 1434 1878 1504 1879 1509 1879 1503 1879 1509 1880 1510 1880 1503 1880 1503 1881 1510 1881 1481 1881 1510 1882 1511 1882 1481 1882 1481 1883 1511 1883 1482 1883 1512 1884 1513 1884 1514 1884 1513 1885 1515 1885 1514 1885 1514 1886 1515 1886 1516 1886 1515 1887 1517 1887 1516 1887 1516 1888 1517 1888 1518 1888 1517 1889 1519 1889 1518 1889 1518 1890 1519 1890 1520 1890 1519 1891 1521 1891 1520 1891 1520 1892 1521 1892 1522 1892 1521 1893 1523 1893 1522 1893 1522 1894 1523 1894 1524 1894 1523 1895 1525 1895 1524 1895 1524 1896 1525 1896 1526 1896 1525 1897 1527 1897 1526 1897 1526 1898 1527 1898 1528 1898 1527 1899 1529 1899 1528 1899 1528 1900 1529 1900 1530 1900 1529 1901 1531 1901 1530 1901 1530 1902 1531 1902 1532 1902 1531 1903 1533 1903 1532 1903 1532 1904 1533 1904 1534 1904 1533 1905 1535 1905 1534 1905 1534 1906 1535 1906 1536 1906 1535 1907 1537 1907 1536 1907 1536 1908 1537 1908 1538 1908 1537 1909 1539 1909 1538 1909 1538 1910 1539 1910 1540 1910 1539 1911 1541 1911 1540 1911 1540 1912 1541 1912 1542 1912 1541 1913 1543 1913 1542 1913 1542 1914 1543 1914 1544 1914 1543 1915 1545 1915 1544 1915 1544 1916 1545 1916 1546 1916 1545 1917 1547 1917 1546 1917 1546 1918 1547 1918 1548 1918 1547 1919 1549 1919 1548 1919 1548 1920 1549 1920 1550 1920 1549 1921 1551 1921 1550 1921 1550 1922 1551 1922 1552 1922 1551 1923 1553 1923 1552 1923 1552 1924 1553 1924 1554 1924 1553 1925 1555 1925 1554 1925 1554 1926 1555 1926 1556 1926 1555 1927 1557 1927 1556 1927 1556 1928 1557 1928 1558 1928 1557 1929 1559 1929 1558 1929 1558 1930 1559 1930 1560 1930 1559 1931 1561 1931 1560 1931 1560 1932 1561 1932 1562 1932 1561 1933 1563 1933 1562 1933 1562 1934 1563 1934 1564 1934 1563 1935 1565 1935 1564 1935 1564 1936 1565 1936 1566 1936 1565 1937 1567 1937 1566 1937 1566 1938 1567 1938 1568 1938 1567 1939 1569 1939 1568 1939 1568 1940 1569 1940 1570 1940 1569 1941 1571 1941 1570 1941 1570 1942 1571 1942 1572 1942 1571 1943 1573 1943 1572 1943 1572 1944 1573 1944 1574 1944 1573 1945 1575 1945 1574 1945 1574 1946 1575 1946 1576 1946 1575 1947 1577 1947 1576 1947 1576 1948 1577 1948 1578 1948 1577 1949 1579 1949 1578 1949 1578 1950 1579 1950 1580 1950 1579 1951 1581 1951 1580 1951 1580 1952 1581 1952 1582 1952 1581 1953 1583 1953 1582 1953 1582 1954 1583 1954 1584 1954 1583 1955 1585 1955 1584 1955 1584 1956 1585 1956 1586 1956 1585 1957 1587 1957 1586 1957 1586 1958 1587 1958 1588 1958 1587 1959 1589 1959 1588 1959 1588 1960 1589 1960 1590 1960 1589 1961 1591 1961 1590 1961 1590 1962 1591 1962 1592 1962 1591 1963 1593 1963 1592 1963 1592 1964 1593 1964 1594 1964 1593 1965 1595 1965 1594 1965 1594 1966 1595 1966 1596 1966 1595 1967 1597 1967 1596 1967 1596 1968 1597 1968 1598 1968 1597 1969 1599 1969 1598 1969 1598 1970 1599 1970 1600 1970 1599 1971 1601 1971 1600 1971 1600 1972 1601 1972 1602 1972 1601 1973 1603 1973 1602 1973 1602 1974 1603 1974 1604 1974 1603 1975 1605 1975 1604 1975 1604 1976 1605 1976 1606 1976 1605 1977 1607 1977 1606 1977 1606 1978 1607 1978 1608 1978 1607 1979 1609 1979 1608 1979 1608 1980 1609 1980 1610 1980 1609 1981 1611 1981 1610 1981 1610 1982 1611 1982 1612 1982 1611 1983 1613 1983 1612 1983 1612 1984 1613 1984 1614 1984 1613 1985 1615 1985 1614 1985 1614 1986 1615 1986 1616 1986 1615 1987 1617 1987 1616 1987 1616 1988 1617 1988 1618 1988 1617 1989 1619 1989 1618 1989 1618 1990 1619 1990 1620 1990 1619 1991 1621 1991 1620 1991 1620 1992 1621 1992 1622 1992 1621 1993 1623 1993 1622 1993 1622 1994 1623 1994 1624 1994 1623 1995 1625 1995 1624 1995 1624 1996 1625 1996 1626 1996 1625 1997 1627 1997 1626 1997 1626 1998 1627 1998 1628 1998 1627 1999 1629 1999 1628 1999 1628 2000 1629 2000 1630 2000 1629 2001 1631 2001 1630 2001 1630 2002 1631 2002 1632 2002 1631 2003 1633 2003 1632 2003 1632 2004 1633 2004 1634 2004 1633 2005 1635 2005 1634 2005 1634 2006 1635 2006 1636 2006 1635 2007 1637 2007 1636 2007 1636 2008 1637 2008 1638 2008 1637 2009 1639 2009 1638 2009 1638 2010 1639 2010 1640 2010 1639 2011 1641 2011 1640 2011 1640 2012 1641 2012 1642 2012 1641 2013 1643 2013 1642 2013 1642 2014 1643 2014 1644 2014 1643 2015 1645 2015 1644 2015 1644 2016 1645 2016 1646 2016 1645 2017 1647 2017 1646 2017 1646 2018 1647 2018 1648 2018 1647 2019 1649 2019 1648 2019 1648 2020 1649 2020 1650 2020 1649 2021 1651 2021 1650 2021 1650 2022 1651 2022 1652 2022 1651 2023 1653 2023 1652 2023 1652 2024 1653 2024 1654 2024 1653 2025 1655 2025 1654 2025 1654 2026 1655 2026 1512 2026 1655 2027 1513 2027 1512 2027 1656 2028 1657 2028 1658 2028 1659 2029 1660 2029 1661 2029 1662 2030 1663 2030 1664 2030 1663 2031 1665 2031 1664 2031 1664 2032 1665 2032 1666 2032 1667 2033 1668 2033 1669 2033 1669 2034 1670 2034 1667 2034 1670 2035 1671 2035 1667 2035 1667 2036 1671 2036 1664 2036 1671 2037 1672 2037 1664 2037 1664 2038 1672 2038 1673 2038 1673 2039 1674 2039 1664 2039 1674 2040 1675 2040 1664 2040 1664 2041 1675 2041 1676 2041 1676 2042 1677 2042 1664 2042 1677 2043 1678 2043 1664 2043 1664 2044 1678 2044 1662 2044 1666 2045 1679 2045 1664 2045 1679 2046 1680 2046 1664 2046 1664 2047 1680 2047 1681 2047 1681 2048 1682 2048 1664 2048 1682 2049 1683 2049 1664 2049 1664 2050 1683 2050 1684 2050 1684 2051 1685 2051 1664 2051 1685 2052 1686 2052 1664 2052 1664 2053 1686 2053 1687 2053 1687 2054 1688 2054 1664 2054 1688 2055 1689 2055 1664 2055 1664 2056 1689 2056 1690 2056 1690 2057 1691 2057 1664 2057 1691 2058 1692 2058 1664 2058 1664 2059 1692 2059 1693 2059 1693 2060 1694 2060 1695 2060 1694 2061 1696 2061 1695 2061 1695 2062 1696 2062 1697 2062 1697 2063 1698 2063 1695 2063 1698 2064 1699 2064 1695 2064 1695 2065 1699 2065 1700 2065 1700 2066 1701 2066 1695 2066 1701 2067 1702 2067 1695 2067 1695 2068 1702 2068 1703 2068 1703 2069 1704 2069 1695 2069 1704 2070 1705 2070 1695 2070 1695 2071 1705 2071 1706 2071 1706 2072 1707 2072 1695 2072 1707 2073 1708 2073 1695 2073 1695 2074 1708 2074 1709 2074 1709 2075 1710 2075 1695 2075 1710 2076 1711 2076 1695 2076 1695 2077 1711 2077 1712 2077 1712 2078 1713 2078 1695 2078 1713 2079 1714 2079 1695 2079 1695 2080 1714 2080 1715 2080 1715 2081 1716 2081 1695 2081 1716 2082 1717 2082 1695 2082 1695 2083 1717 2083 1718 2083 1718 2084 1719 2084 1695 2084 1719 2085 1720 2085 1695 2085 1695 2086 1720 2086 1721 2086 1720 2087 1722 2087 1721 2087 1721 2088 1722 2088 1723 2088 1724 2089 1725 2089 1726 2089 1725 2090 1727 2090 1726 2090 1726 2091 1727 2091 1728 2091 1723 2092 1729 2092 1721 2092 1729 2093 1730 2093 1721 2093 1721 2094 1730 2094 1731 2094 1731 2095 1732 2095 1721 2095 1732 2096 1733 2096 1721 2096 1721 2097 1733 2097 1726 2097 1733 2098 1734 2098 1726 2098 1734 2099 1735 2099 1726 2099 1726 2100 1735 2100 1736 2100 1736 2101 1737 2101 1726 2101 1737 2102 1738 2102 1726 2102 1726 2103 1738 2103 1739 2103 1739 2104 1740 2104 1726 2104 1740 2105 1741 2105 1726 2105 1726 2106 1741 2106 1724 2106 1728 2107 1742 2107 1726 2107 1742 2108 1743 2108 1726 2108 1726 2109 1743 2109 1744 2109 1745 2110 1746 2110 1747 2110 1744 2111 1748 2111 1726 2111 1748 2112 1749 2112 1726 2112 1726 2113 1749 2113 1750 2113 1750 2114 1751 2114 1726 2114 1751 2115 1752 2115 1726 2115 1726 2116 1752 2116 1753 2116 1753 2117 1754 2117 1726 2117 1754 2118 1755 2118 1726 2118 1726 2119 1755 2119 1756 2119 1756 2120 1757 2120 1726 2120 1757 2121 1758 2121 1726 2121 1726 2122 1758 2122 1759 2122 1746 2123 1760 2123 1747 2123 1760 2124 1761 2124 1747 2124 1747 2125 1761 2125 1762 2125 1762 2126 1763 2126 1747 2126 1763 2127 1764 2127 1747 2127 1747 2128 1764 2128 1765 2128 1765 2129 1766 2129 1747 2129 1766 2130 1767 2130 1747 2130 1747 2131 1767 2131 1768 2131 1768 2132 1769 2132 1747 2132 1769 2133 1770 2133 1747 2133 1747 2134 1770 2134 1771 2134 1771 2135 1772 2135 1747 2135 1772 2136 1773 2136 1747 2136 1747 2137 1773 2137 1774 2137 1775 2138 1776 2138 1667 2138 1774 2139 1777 2139 1747 2139 1777 2140 1778 2140 1747 2140 1747 2141 1778 2141 1779 2141 1779 2142 1780 2142 1747 2142 1780 2143 1781 2143 1747 2143 1747 2144 1781 2144 1782 2144 1782 2145 1783 2145 1747 2145 1783 2146 1784 2146 1747 2146 1747 2147 1784 2147 1667 2147 1784 2148 1785 2148 1667 2148 1667 2149 1785 2149 1775 2149 1776 2150 1786 2150 1667 2150 1786 2151 1787 2151 1667 2151 1667 2152 1787 2152 1668 2152 1788 2153 1789 2153 1790 2153 1791 2154 1792 2154 1790 2154 1792 2155 1793 2155 1790 2155 1790 2156 1793 2156 1788 2156 1794 2157 1795 2157 1796 2157 1796 2158 1797 2158 1794 2158 1797 2159 1798 2159 1794 2159 1794 2160 1798 2160 1799 2160 1800 2161 1790 2161 1801 2161 1790 2162 1794 2162 1801 2162 1801 2163 1794 2163 1802 2163 1794 2164 1799 2164 1802 2164 1800 2165 1803 2165 1790 2165 1803 2166 1804 2166 1790 2166 1790 2167 1804 2167 1805 2167 1805 2168 1806 2168 1790 2168 1806 2169 1807 2169 1790 2169 1790 2170 1807 2170 1808 2170 1808 2171 1809 2171 1790 2171 1809 2172 1810 2172 1790 2172 1790 2173 1810 2173 1791 2173 1789 2174 1811 2174 1790 2174 1811 2175 1812 2175 1790 2175 1790 2176 1812 2176 1813 2176 1813 2177 1814 2177 1790 2177 1814 2178 1815 2178 1790 2178 1790 2179 1815 2179 1816 2179 1816 2180 1817 2180 1790 2180 1817 2181 1818 2181 1790 2181 1790 2182 1818 2182 1819 2182 1819 2183 1820 2183 1790 2183 1820 2184 1821 2184 1790 2184 1790 2185 1821 2185 1822 2185 1823 2186 1824 2186 1825 2186 1826 2187 1827 2187 1828 2187 1827 2188 1829 2188 1828 2188 1828 2189 1829 2189 1830 2189 1831 2190 1832 2190 1828 2190 1833 2191 1834 2191 1835 2191 1834 2192 1836 2192 1835 2192 1835 2193 1836 2193 1828 2193 1836 2194 1837 2194 1828 2194 1828 2195 1837 2195 1831 2195 1832 2196 1838 2196 1828 2196 1838 2197 1839 2197 1828 2197 1828 2198 1839 2198 1826 2198 1830 2199 1840 2199 1828 2199 1840 2200 1841 2200 1828 2200 1828 2201 1841 2201 1842 2201 1842 2202 1843 2202 1828 2202 1843 2203 1844 2203 1828 2203 1828 2204 1844 2204 1845 2204 1845 2205 1846 2205 1828 2205 1846 2206 1847 2206 1828 2206 1828 2207 1847 2207 1848 2207 1848 2208 1849 2208 1828 2208 1849 2209 1850 2209 1828 2209 1828 2210 1850 2210 1851 2210 1851 2211 1852 2211 1828 2211 1852 2212 1853 2212 1828 2212 1828 2213 1853 2213 1854 2213 1854 2214 1855 2214 1825 2214 1855 2215 1856 2215 1825 2215 1825 2216 1856 2216 1857 2216 1857 2217 1858 2217 1825 2217 1858 2218 1859 2218 1825 2218 1825 2219 1859 2219 1860 2219 1860 2220 1861 2220 1825 2220 1861 2221 1862 2221 1825 2221 1825 2222 1862 2222 1863 2222 1863 2223 1864 2223 1825 2223 1864 2224 1865 2224 1825 2224 1825 2225 1865 2225 1823 2225 1824 2226 1866 2226 1825 2226 1866 2227 1867 2227 1825 2227 1825 2228 1867 2228 1868 2228 1868 2229 1869 2229 1825 2229 1869 2230 1870 2230 1825 2230 1825 2231 1870 2231 1871 2231 1871 2232 1872 2232 1825 2232 1872 2233 1873 2233 1825 2233 1825 2234 1873 2234 1874 2234 1874 2235 1875 2235 1825 2235 1875 2236 1876 2236 1825 2236 1825 2237 1876 2237 1794 2237 1876 2238 1877 2238 1794 2238 1794 2239 1877 2239 1795 2239 1878 2240 1879 2240 1880 2240 1880 2241 1881 2241 1878 2241 1881 2242 1882 2242 1878 2242 1878 2243 1882 2243 1883 2243 1883 2244 1884 2244 1878 2244 1884 2245 1885 2245 1878 2245 1878 2246 1885 2246 1886 2246 1886 2247 1887 2247 1878 2247 1887 2248 1888 2248 1878 2248 1878 2249 1888 2249 1889 2249 1889 2250 1890 2250 1878 2250 1890 2251 1891 2251 1878 2251 1878 2252 1891 2252 1892 2252 1892 2253 1893 2253 1878 2253 1893 2254 1894 2254 1878 2254 1878 2255 1894 2255 1895 2255 1895 2256 1896 2256 1878 2256 1896 2257 1897 2257 1878 2257 1878 2258 1897 2258 1898 2258 1898 2259 1899 2259 1878 2259 1899 2260 1900 2260 1878 2260 1878 2261 1900 2261 1901 2261 1902 2262 1835 2262 1903 2262 1835 2263 1878 2263 1903 2263 1903 2264 1878 2264 1904 2264 1878 2265 1901 2265 1904 2265 1902 2266 1905 2266 1835 2266 1905 2267 1906 2267 1835 2267 1835 2268 1906 2268 1907 2268 1907 2269 1908 2269 1835 2269 1908 2270 1909 2270 1835 2270 1835 2271 1909 2271 1833 2271 1910 2272 1911 2272 1912 2272 1911 2273 1913 2273 1912 2273 1912 2274 1913 2274 1878 2274 1913 2275 1914 2275 1878 2275 1878 2276 1914 2276 1879 2276 1915 2277 1916 2277 1917 2277 1915 2278 1917 2278 1918 2278 1919 2279 1920 2279 1921 2279 1920 2280 1922 2280 1921 2280 1922 2281 1923 2281 1921 2281 1923 2282 1924 2282 1921 2282 1921 2283 1924 2283 1925 2283 1925 2284 1926 2284 1921 2284 1926 2285 1927 2285 1921 2285 1921 2286 1927 2286 1928 2286 1929 2287 1930 2287 1917 2287 1928 2288 1931 2288 1921 2288 1931 2289 1932 2289 1921 2289 1921 2290 1932 2290 1917 2290 1932 2291 1933 2291 1917 2291 1917 2292 1933 2292 1929 2292 1930 2293 1934 2293 1917 2293 1934 2294 1935 2294 1917 2294 1917 2295 1935 2295 1936 2295 1936 2296 1937 2296 1917 2296 1937 2297 1938 2297 1917 2297 1917 2298 1938 2298 1939 2298 1939 2299 1940 2299 1917 2299 1940 2300 1941 2300 1917 2300 1917 2301 1941 2301 1918 2301 1942 2302 1943 2302 1944 2302 1943 2303 1945 2303 1944 2303 1944 2304 1945 2304 1946 2304 1661 2305 1660 2305 1944 2305 1660 2306 1947 2306 1944 2306 1944 2307 1947 2307 1942 2307 1948 2308 1949 2308 1950 2308 1946 2309 1951 2309 1944 2309 1951 2310 1952 2310 1944 2310 1944 2311 1952 2311 1953 2311 1953 2312 1954 2312 1944 2312 1954 2313 1955 2313 1944 2313 1944 2314 1955 2314 1956 2314 1956 2315 1957 2315 1944 2315 1957 2316 1958 2316 1944 2316 1944 2317 1958 2317 1959 2317 1959 2318 1960 2318 1944 2318 1960 2319 1961 2319 1944 2319 1944 2320 1961 2320 1962 2320 1962 2321 1963 2321 1944 2321 1963 2322 1964 2322 1944 2322 1944 2323 1964 2323 1965 2323 1966 2324 1967 2324 1950 2324 1967 2325 1968 2325 1950 2325 1968 2326 1969 2326 1950 2326 1950 2327 1969 2327 1970 2327 1970 2328 1971 2328 1950 2328 1971 2329 1972 2329 1950 2329 1950 2330 1972 2330 1973 2330 1973 2331 1974 2331 1950 2331 1974 2332 1975 2332 1950 2332 1950 2333 1975 2333 1948 2333 1949 2334 1976 2334 1950 2334 1976 2335 1977 2335 1950 2335 1950 2336 1977 2336 1978 2336 1978 2337 1979 2337 1950 2337 1979 2338 1980 2338 1950 2338 1950 2339 1980 2339 1921 2339 1980 2340 1981 2340 1921 2340 1921 2341 1981 2341 1919 2341 1982 2342 1983 2342 1984 2342 1983 2343 1985 2343 1984 2343 1984 2344 1985 2344 1986 2344 1986 2345 1987 2345 1984 2345 1987 2346 1988 2346 1984 2346 1984 2347 1988 2347 1989 2347 1989 2348 1990 2348 1984 2348 1990 2349 1991 2349 1984 2349 1984 2350 1991 2350 1992 2350 1992 2351 1993 2351 1984 2351 1993 2352 1994 2352 1984 2352 1984 2353 1994 2353 1995 2353 1995 2354 1996 2354 1984 2354 1996 2355 1997 2355 1984 2355 1984 2356 1997 2356 1661 2356 1997 2357 1998 2357 1661 2357 1661 2358 1998 2358 1999 2358 1999 2359 2000 2359 1661 2359 2000 2360 2001 2360 1661 2360 1661 2361 2001 2361 2002 2361 2002 2362 2003 2362 1661 2362 2003 2363 2004 2363 1661 2363 1661 2364 2004 2364 2005 2364 2005 2365 2006 2365 1661 2365 2006 2366 2007 2366 1661 2366 1661 2367 2007 2367 1659 2367 1916 2368 2008 2368 1917 2368 2008 2369 2009 2369 1917 2369 1917 2370 2009 2370 2010 2370 2009 2371 2011 2371 2010 2371 2010 2372 2011 2372 2012 2372 2012 2373 2013 2373 2010 2373 2013 2374 2014 2374 2010 2374 2010 2375 2014 2375 2015 2375 2015 2376 2016 2376 2010 2376 2016 2377 2017 2377 2010 2377 2010 2378 2017 2378 2018 2378 2018 2379 2019 2379 2010 2379 2019 2380 2020 2380 2010 2380 2010 2381 2020 2381 2021 2381 2021 2382 2022 2382 2010 2382 2022 2383 2023 2383 2010 2383 2010 2384 2023 2384 2024 2384 2025 2385 2026 2385 2027 2385 2026 2386 2028 2386 2027 2386 2027 2387 2028 2387 2029 2387 2029 2388 2030 2388 2027 2388 2030 2389 2031 2389 2027 2389 2027 2390 2031 2390 2032 2390 2032 2391 2033 2391 2027 2391 2033 2392 2034 2392 2027 2392 2027 2393 2034 2393 2035 2393 2035 2394 2036 2394 2027 2394 2036 2395 2037 2395 2027 2395 2027 2396 2037 2396 2038 2396 2038 2397 2039 2397 2027 2397 2039 2398 2040 2398 2027 2398 2027 2399 2040 2399 1984 2399 2040 2400 2041 2400 1984 2400 1984 2401 2041 2401 1982 2401 2042 2402 2043 2402 2044 2402 2043 2403 2045 2403 2044 2403 2044 2404 2045 2404 2046 2404 2046 2405 2047 2405 2044 2405 2047 2406 2048 2406 2044 2406 2044 2407 2048 2407 2049 2407 2049 2408 2050 2408 2044 2408 2050 2409 2051 2409 2044 2409 2044 2410 2051 2410 2052 2410 2052 2411 2053 2411 2044 2411 2053 2412 2054 2412 2044 2412 2044 2413 2054 2413 2055 2413 2056 2414 2057 2414 2058 2414 2057 2415 2044 2415 2058 2415 2058 2416 2044 2416 2059 2416 2044 2417 2055 2417 2059 2417 2056 2418 2060 2418 2057 2418 2060 2419 2061 2419 2057 2419 2057 2420 2061 2420 2062 2420 2062 2421 2063 2421 2057 2421 2063 2422 2064 2422 2057 2422 2057 2423 2064 2423 2065 2423 2065 2424 2066 2424 2057 2424 2066 2425 2067 2425 2057 2425 2057 2426 2067 2426 2068 2426 2069 2427 2070 2427 2071 2427 2070 2428 2072 2428 2071 2428 2072 2429 2073 2429 2071 2429 2073 2430 2074 2430 2071 2430 2071 2431 2074 2431 2075 2431 2075 2432 2076 2432 2071 2432 2076 2433 2077 2433 2071 2433 2071 2434 2077 2434 2078 2434 2078 2435 2079 2435 2071 2435 2079 2436 2080 2436 2071 2436 2071 2437 2080 2437 2081 2437 2081 2438 2082 2438 2071 2438 2082 2439 2083 2439 2071 2439 2071 2440 2083 2440 2084 2440 2085 2441 2086 2441 2087 2441 2086 2442 2084 2442 2087 2442 2085 2443 2088 2443 2086 2443 2088 2444 2089 2444 2086 2444 2086 2445 2089 2445 2090 2445 2090 2446 2091 2446 2086 2446 2091 2447 2092 2447 2086 2447 2086 2448 2092 2448 2093 2448 2093 2449 2094 2449 2086 2449 2094 2450 2095 2450 2086 2450 2086 2451 2095 2451 2096 2451 2096 2452 2097 2452 2086 2452 2097 2453 2098 2453 2086 2453 2086 2454 2098 2454 2044 2454 2098 2455 2099 2455 2044 2455 2044 2456 2099 2456 2042 2456 2100 2457 2101 2457 2102 2457 2100 2458 2102 2458 2103 2458 2104 2459 2105 2459 2106 2459 2105 2460 2107 2460 2106 2460 2107 2461 2108 2461 2106 2461 2108 2462 2109 2462 2106 2462 2106 2463 2109 2463 2110 2463 2110 2464 2111 2464 2106 2464 2111 2465 2112 2465 2106 2465 2106 2466 2112 2466 2113 2466 2114 2467 2115 2467 2102 2467 2113 2468 2116 2468 2106 2468 2116 2469 2117 2469 2106 2469 2106 2470 2117 2470 2102 2470 2117 2471 2118 2471 2102 2471 2102 2472 2118 2472 2114 2472 2115 2473 2119 2473 2102 2473 2119 2474 2120 2474 2102 2474 2102 2475 2120 2475 2121 2475 2121 2476 2122 2476 2102 2476 2122 2477 2123 2477 2102 2477 2102 2478 2123 2478 2124 2478 2124 2479 2125 2479 2102 2479 2125 2480 2126 2480 2102 2480 2102 2481 2126 2481 2103 2481 2101 2482 2127 2482 2102 2482 2127 2483 2128 2483 2102 2483 2102 2484 2128 2484 2071 2484 2128 2485 2129 2485 2071 2485 2071 2486 2129 2486 2069 2486 2130 2487 2131 2487 2132 2487 2133 2488 2134 2488 2132 2488 2134 2489 2135 2489 2132 2489 2132 2490 2135 2490 2130 2490 2068 2491 2136 2491 2057 2491 2136 2492 2137 2492 2057 2492 2057 2493 2137 2493 2132 2493 2137 2494 2138 2494 2132 2494 2132 2495 2138 2495 2133 2495 2131 2496 2139 2496 2132 2496 2139 2497 2140 2497 2132 2497 2132 2498 2140 2498 2141 2498 2141 2499 2142 2499 2132 2499 2142 2500 2143 2500 2132 2500 2132 2501 2143 2501 2144 2501 2144 2502 2145 2502 2132 2502 2145 2503 2146 2503 2132 2503 2132 2504 2146 2504 2147 2504 2148 2505 2149 2505 2150 2505 2147 2506 2151 2506 2132 2506 2151 2507 2152 2507 2132 2507 2132 2508 2152 2508 2153 2508 2149 2509 2154 2509 2150 2509 2154 2510 2155 2510 2150 2510 2150 2511 2155 2511 2156 2511 2156 2512 2157 2512 2150 2512 2157 2513 2158 2513 2150 2513 2150 2514 2158 2514 2159 2514 2159 2515 2160 2515 2150 2515 2160 2516 2161 2516 2150 2516 2150 2517 2161 2517 2162 2517 2162 2518 2163 2518 2150 2518 2163 2519 2164 2519 2150 2519 2150 2520 2164 2520 2165 2520 2165 2521 2166 2521 2150 2521 2166 2522 2167 2522 2150 2522 2150 2523 2167 2523 2168 2523 2168 2524 2169 2524 2150 2524 2169 2525 2170 2525 2150 2525 2150 2526 2170 2526 2106 2526 2170 2527 2171 2527 2106 2527 2106 2528 2171 2528 2104 2528 2172 2529 2173 2529 2174 2529 2173 2530 2175 2530 2174 2530 2175 2531 2176 2531 2174 2531 2176 2532 2177 2532 2174 2532 2174 2533 2177 2533 2178 2533 2178 2534 2179 2534 2174 2534 2179 2535 2180 2535 2174 2535 2174 2536 2180 2536 2181 2536 2181 2537 2182 2537 2174 2537 2182 2538 2183 2538 2174 2538 2174 2539 2183 2539 2184 2539 2184 2540 2185 2540 2174 2540 2185 2541 2186 2541 2174 2541 2174 2542 2186 2542 2187 2542 2188 2543 2189 2543 2190 2543 2187 2544 2191 2544 2174 2544 2191 2545 2192 2545 2174 2545 2174 2546 2192 2546 2193 2546 2193 2547 2194 2547 2174 2547 2194 2548 2195 2548 2174 2548 2174 2549 2195 2549 2196 2549 2196 2550 2197 2550 2174 2550 2197 2551 2198 2551 2174 2551 2174 2552 2198 2552 2199 2552 2199 2553 2200 2553 2174 2553 2200 2554 2201 2554 2174 2554 2174 2555 2201 2555 2190 2555 2201 2556 2202 2556 2190 2556 2190 2557 2202 2557 2188 2557 2189 2558 2203 2558 2190 2558 2203 2559 2204 2559 2190 2559 2190 2560 2204 2560 2205 2560 2206 2561 2207 2561 2208 2561 2207 2562 2209 2562 2208 2562 2208 2563 2209 2563 2210 2563 2211 2564 2212 2564 2213 2564 2212 2565 2214 2565 2213 2565 2214 2566 2215 2566 2213 2566 2215 2567 2216 2567 2213 2567 2213 2568 2216 2568 2217 2568 2218 2569 2208 2569 2219 2569 2208 2570 2213 2570 2219 2570 2219 2571 2213 2571 2220 2571 2213 2572 2217 2572 2220 2572 2218 2573 2221 2573 2208 2573 2221 2574 2222 2574 2208 2574 2208 2575 2222 2575 2223 2575 2223 2576 2224 2576 2208 2576 2224 2577 2225 2577 2208 2577 2208 2578 2225 2578 2226 2578 2226 2579 2227 2579 2208 2579 2227 2580 2228 2580 2208 2580 2208 2581 2228 2581 2206 2581 2210 2582 2229 2582 2208 2582 2229 2583 2230 2583 2208 2583 2208 2584 2230 2584 2231 2584 2231 2585 2232 2585 2208 2585 2232 2586 2233 2586 2208 2586 2208 2587 2233 2587 2234 2587 2234 2588 2235 2588 2208 2588 2235 2589 2236 2589 2208 2589 2208 2590 2236 2590 2237 2590 2237 2591 2238 2591 2208 2591 2238 2592 2239 2592 2208 2592 2208 2593 2239 2593 2240 2593 2240 2594 2241 2594 2208 2594 2241 2595 2242 2595 2208 2595 2208 2596 2242 2596 2243 2596 2242 2597 2244 2597 2243 2597 2243 2598 2244 2598 2245 2598 2246 2599 2247 2599 2248 2599 2247 2600 2249 2600 2248 2600 2248 2601 2249 2601 2250 2601 2205 2602 2251 2602 2190 2602 2251 2603 2252 2603 2190 2603 2190 2604 2252 2604 2248 2604 2252 2605 2253 2605 2248 2605 2253 2606 2254 2606 2248 2606 2254 2607 2255 2607 2248 2607 2248 2608 2255 2608 2256 2608 2256 2609 2257 2609 2248 2609 2257 2610 2258 2610 2248 2610 2248 2611 2258 2611 2246 2611 2250 2612 2259 2612 2248 2612 2259 2613 2260 2613 2248 2613 2248 2614 2260 2614 2261 2614 2261 2615 2262 2615 2248 2615 2262 2616 2263 2616 2248 2616 2248 2617 2263 2617 2264 2617 2264 2618 2265 2618 2248 2618 2265 2619 2266 2619 2248 2619 2248 2620 2266 2620 2267 2620 2267 2621 2268 2621 2248 2621 2268 2622 2269 2622 2248 2622 2248 2623 2269 2623 2270 2623 2270 2624 2271 2624 2248 2624 2271 2625 2272 2625 2248 2625 2248 2626 2272 2626 2273 2626 2274 2627 2275 2627 2276 2627 2275 2628 2277 2628 2276 2628 2277 2629 2278 2629 2276 2629 2278 2630 2279 2630 2276 2630 2276 2631 2279 2631 2280 2631 2280 2632 2281 2632 2276 2632 2281 2633 2282 2633 2276 2633 2276 2634 2282 2634 2283 2634 2283 2635 2284 2635 2276 2635 2284 2636 2285 2636 2276 2636 2276 2637 2285 2637 2286 2637 2286 2638 2287 2638 2276 2638 2287 2639 2288 2639 2276 2639 2276 2640 2288 2640 2289 2640 2289 2641 2290 2641 2276 2641 2290 2642 2291 2642 2276 2642 2276 2643 2291 2643 2292 2643 2292 2644 2293 2644 2276 2644 2293 2645 2294 2645 2276 2645 2276 2646 2294 2646 2295 2646 2295 2647 2296 2647 2276 2647 2296 2648 2297 2648 2276 2648 2276 2649 2297 2649 2213 2649 2297 2650 2298 2650 2213 2650 2213 2651 2298 2651 2211 2651 2299 2652 2300 2652 2301 2652 2300 2653 2302 2653 2301 2653 2301 2654 2302 2654 2303 2654 2304 2655 2305 2655 2306 2655 2306 2656 2307 2656 2304 2656 2307 2657 2308 2657 2304 2657 2304 2658 2308 2658 2301 2658 2308 2659 2309 2659 2301 2659 2301 2660 2309 2660 2310 2660 2310 2661 2311 2661 2301 2661 2311 2662 2312 2662 2301 2662 2301 2663 2312 2663 2313 2663 2313 2664 2314 2664 2301 2664 2314 2665 2315 2665 2301 2665 2301 2666 2315 2666 2299 2666 2303 2667 2316 2667 2301 2667 2316 2668 2317 2668 2301 2668 2301 2669 2317 2669 2318 2669 2318 2670 2319 2670 2301 2670 2319 2671 2320 2671 2301 2671 2301 2672 2320 2672 2321 2672 2321 2673 2322 2673 2301 2673 2322 2674 2323 2674 2301 2674 2301 2675 2323 2675 2324 2675 2324 2676 2325 2676 2301 2676 2325 2677 2326 2677 2301 2677 2301 2678 2326 2678 2327 2678 2327 2679 2328 2679 2301 2679 2328 2680 2329 2680 2301 2680 2301 2681 2329 2681 2330 2681 2330 2682 2331 2682 2332 2682 2331 2683 2333 2683 2332 2683 2332 2684 2333 2684 2334 2684 2334 2685 2335 2685 2332 2685 2335 2686 2336 2686 2332 2686 2332 2687 2336 2687 2337 2687 2337 2688 2338 2688 2332 2688 2338 2689 2339 2689 2332 2689 2332 2690 2339 2690 2340 2690 2340 2691 2341 2691 2332 2691 2341 2692 2342 2692 2332 2692 2332 2693 2342 2693 2343 2693 2343 2694 2344 2694 2332 2694 2344 2695 2345 2695 2332 2695 2332 2696 2345 2696 2346 2696 2346 2697 2347 2697 2332 2697 2347 2698 2348 2698 2332 2698 2332 2699 2348 2699 2349 2699 2349 2700 2350 2700 2332 2700 2350 2701 2351 2701 2332 2701 2332 2702 2351 2702 2352 2702 2352 2703 2353 2703 2332 2703 2353 2704 2354 2704 2332 2704 2332 2705 2354 2705 2355 2705 2355 2706 2356 2706 2332 2706 2356 2707 2357 2707 2332 2707 2332 2708 2357 2708 2358 2708 2357 2709 2359 2709 2358 2709 2358 2710 2359 2710 2360 2710 2361 2711 2362 2711 2363 2711 2362 2712 2364 2712 2363 2712 2363 2713 2364 2713 2365 2713 2360 2714 2366 2714 2358 2714 2366 2715 2367 2715 2358 2715 2358 2716 2367 2716 2368 2716 2368 2717 2369 2717 2358 2717 2369 2718 2370 2718 2358 2718 2358 2719 2370 2719 2363 2719 2370 2720 2371 2720 2363 2720 2371 2721 2372 2721 2363 2721 2363 2722 2372 2722 2373 2722 2373 2723 2374 2723 2363 2723 2374 2724 2375 2724 2363 2724 2363 2725 2375 2725 2376 2725 2376 2726 2377 2726 2363 2726 2377 2727 2378 2727 2363 2727 2363 2728 2378 2728 2361 2728 2365 2729 2379 2729 2363 2729 2379 2730 2380 2730 2363 2730 2363 2731 2380 2731 2381 2731 2382 2732 2383 2732 2384 2732 2381 2733 2385 2733 2363 2733 2385 2734 2386 2734 2363 2734 2363 2735 2386 2735 2387 2735 2387 2736 2388 2736 2363 2736 2388 2737 2389 2737 2363 2737 2363 2738 2389 2738 2390 2738 2390 2739 2391 2739 2363 2739 2391 2740 2392 2740 2363 2740 2363 2741 2392 2741 2393 2741 2393 2742 2394 2742 2363 2742 2394 2743 2395 2743 2363 2743 2363 2744 2395 2744 2396 2744 2383 2745 2397 2745 2384 2745 2397 2746 2398 2746 2384 2746 2384 2747 2398 2747 2399 2747 2399 2748 2400 2748 2384 2748 2400 2749 2401 2749 2384 2749 2384 2750 2401 2750 2402 2750 2402 2751 2403 2751 2384 2751 2403 2752 2404 2752 2384 2752 2384 2753 2404 2753 2405 2753 2405 2754 2406 2754 2384 2754 2406 2755 2407 2755 2384 2755 2384 2756 2407 2756 2408 2756 2408 2757 2409 2757 2384 2757 2409 2758 2410 2758 2384 2758 2384 2759 2410 2759 2411 2759 2412 2760 2413 2760 2304 2760 2411 2761 2414 2761 2384 2761 2414 2762 2415 2762 2384 2762 2384 2763 2415 2763 2416 2763 2416 2764 2417 2764 2384 2764 2417 2765 2418 2765 2384 2765 2384 2766 2418 2766 2419 2766 2419 2767 2420 2767 2384 2767 2420 2768 2421 2768 2384 2768 2384 2769 2421 2769 2304 2769 2421 2770 2422 2770 2304 2770 2304 2771 2422 2771 2412 2771 2413 2772 2423 2772 2304 2772 2423 2773 2424 2773 2304 2773 2304 2774 2424 2774 2305 2774 2425 2775 2426 2775 2427 2775 2428 2776 2429 2776 2427 2776 2429 2777 2430 2777 2427 2777 2427 2778 2430 2778 2425 2778 2431 2779 2432 2779 2433 2779 2433 2780 2434 2780 2431 2780 2434 2781 2435 2781 2431 2781 2431 2782 2435 2782 2436 2782 2437 2783 2427 2783 2438 2783 2427 2784 2431 2784 2438 2784 2438 2785 2431 2785 2439 2785 2431 2786 2436 2786 2439 2786 2437 2787 2440 2787 2427 2787 2440 2788 2441 2788 2427 2788 2427 2789 2441 2789 2442 2789 2442 2790 2443 2790 2427 2790 2443 2791 2444 2791 2427 2791 2427 2792 2444 2792 2445 2792 2445 2793 2446 2793 2427 2793 2446 2794 2447 2794 2427 2794 2427 2795 2447 2795 2428 2795 2426 2796 2448 2796 2427 2796 2448 2797 2449 2797 2427 2797 2427 2798 2449 2798 2450 2798 2450 2799 2451 2799 2427 2799 2451 2800 2452 2800 2427 2800 2427 2801 2452 2801 2453 2801 2453 2802 2454 2802 2427 2802 2454 2803 2455 2803 2427 2803 2427 2804 2455 2804 2456 2804 2456 2805 2457 2805 2427 2805 2457 2806 2458 2806 2427 2806 2427 2807 2458 2807 2459 2807 2460 2808 2461 2808 2462 2808 2461 2809 2463 2809 2462 2809 2462 2810 2463 2810 2464 2810 2465 2811 2466 2811 2462 2811 2467 2812 2468 2812 2469 2812 2468 2813 2470 2813 2469 2813 2469 2814 2470 2814 2462 2814 2470 2815 2471 2815 2462 2815 2462 2816 2471 2816 2465 2816 2466 2817 2472 2817 2462 2817 2472 2818 2473 2818 2462 2818 2462 2819 2473 2819 2460 2819 2474 2820 2475 2820 2476 2820 2464 2821 2477 2821 2462 2821 2477 2822 2478 2822 2462 2822 2462 2823 2478 2823 2479 2823 2479 2824 2480 2824 2462 2824 2480 2825 2481 2825 2462 2825 2462 2826 2481 2826 2482 2826 2482 2827 2483 2827 2462 2827 2483 2828 2484 2828 2462 2828 2462 2829 2484 2829 2485 2829 2485 2830 2486 2830 2462 2830 2486 2831 2487 2831 2462 2831 2462 2832 2487 2832 2488 2832 2488 2833 2489 2833 2462 2833 2489 2834 2490 2834 2462 2834 2462 2835 2490 2835 2491 2835 2491 2836 2492 2836 2476 2836 2492 2837 2493 2837 2476 2837 2476 2838 2493 2838 2494 2838 2494 2839 2495 2839 2476 2839 2495 2840 2496 2840 2476 2840 2476 2841 2496 2841 2497 2841 2497 2842 2498 2842 2476 2842 2498 2843 2499 2843 2476 2843 2476 2844 2499 2844 2500 2844 2500 2845 2501 2845 2476 2845 2501 2846 2502 2846 2476 2846 2476 2847 2502 2847 2474 2847 2475 2848 2503 2848 2476 2848 2503 2849 2504 2849 2476 2849 2476 2850 2504 2850 2505 2850 2505 2851 2506 2851 2476 2851 2506 2852 2507 2852 2476 2852 2476 2853 2507 2853 2508 2853 2508 2854 2509 2854 2476 2854 2509 2855 2510 2855 2476 2855 2476 2856 2510 2856 2511 2856 2511 2857 2512 2857 2476 2857 2512 2858 2513 2858 2476 2858 2476 2859 2513 2859 2431 2859 2513 2860 2514 2860 2431 2860 2431 2861 2514 2861 2432 2861 2515 2862 2516 2862 2517 2862 2517 2863 2518 2863 2515 2863 2518 2864 2519 2864 2515 2864 2515 2865 2519 2865 2520 2865 2520 2866 2521 2866 2515 2866 2521 2867 2522 2867 2515 2867 2515 2868 2522 2868 2523 2868 2523 2869 2524 2869 2515 2869 2524 2870 2525 2870 2515 2870 2515 2871 2525 2871 2526 2871 2526 2872 2527 2872 2515 2872 2527 2873 2528 2873 2515 2873 2515 2874 2528 2874 2529 2874 2529 2875 2530 2875 2515 2875 2530 2876 2531 2876 2515 2876 2515 2877 2531 2877 2532 2877 2532 2878 2533 2878 2515 2878 2533 2879 2534 2879 2515 2879 2515 2880 2534 2880 2535 2880 2535 2881 2536 2881 2515 2881 2536 2882 2537 2882 2515 2882 2515 2883 2537 2883 2538 2883 2539 2884 2469 2884 2540 2884 2469 2885 2515 2885 2540 2885 2540 2886 2515 2886 2541 2886 2515 2887 2538 2887 2541 2887 2539 2888 2542 2888 2469 2888 2542 2889 2543 2889 2469 2889 2469 2890 2543 2890 2544 2890 2544 2891 2545 2891 2469 2891 2545 2892 2546 2892 2469 2892 2469 2893 2546 2893 2467 2893 2547 2894 2548 2894 2549 2894 2548 2895 2550 2895 2549 2895 2549 2896 2550 2896 2515 2896 2550 2897 2551 2897 2515 2897 2515 2898 2551 2898 2516 2898 2552 2899 2553 2899 2554 2899 2552 2900 2554 2900 2555 2900 2556 2901 2557 2901 2558 2901 2557 2902 2559 2902 2558 2902 2559 2903 2560 2903 2558 2903 2560 2904 2561 2904 2558 2904 2558 2905 2561 2905 2562 2905 2562 2906 2563 2906 2558 2906 2563 2907 2564 2907 2558 2907 2558 2908 2564 2908 2565 2908 2566 2909 2567 2909 2554 2909 2565 2910 2568 2910 2558 2910 2568 2911 2569 2911 2558 2911 2558 2912 2569 2912 2554 2912 2569 2913 2570 2913 2554 2913 2554 2914 2570 2914 2566 2914 2567 2915 2571 2915 2554 2915 2571 2916 2572 2916 2554 2916 2554 2917 2572 2917 2573 2917 2573 2918 2574 2918 2554 2918 2574 2919 2575 2919 2554 2919 2554 2920 2575 2920 2576 2920 2576 2921 2577 2921 2554 2921 2577 2922 2578 2922 2554 2922 2554 2923 2578 2923 2555 2923 2579 2924 2580 2924 2581 2924 2582 2925 2583 2925 2584 2925 2583 2926 2585 2926 2584 2926 2584 2927 2585 2927 2586 2927 1658 2928 1657 2928 2584 2928 1657 2929 2587 2929 2584 2929 2584 2930 2587 2930 2582 2930 2586 2931 2588 2931 2584 2931 2588 2932 2589 2932 2584 2932 2584 2933 2589 2933 2590 2933 2590 2934 2591 2934 2584 2934 2591 2935 2592 2935 2584 2935 2584 2936 2592 2936 2593 2936 2593 2937 2594 2937 2584 2937 2594 2938 2595 2938 2584 2938 2584 2939 2595 2939 2596 2939 2596 2940 2597 2940 2584 2940 2597 2941 2598 2941 2584 2941 2584 2942 2598 2942 2599 2942 2599 2943 2600 2943 2584 2943 2600 2944 2601 2944 2584 2944 2584 2945 2601 2945 2602 2945 2603 2946 2604 2946 2581 2946 2604 2947 2605 2947 2581 2947 2605 2948 2606 2948 2581 2948 2581 2949 2606 2949 2607 2949 2607 2950 2608 2950 2581 2950 2608 2951 2609 2951 2581 2951 2581 2952 2609 2952 2610 2952 2610 2953 2611 2953 2581 2953 2611 2954 2612 2954 2581 2954 2581 2955 2612 2955 2579 2955 2580 2956 2613 2956 2581 2956 2613 2957 2614 2957 2581 2957 2581 2958 2614 2958 2615 2958 2615 2959 2616 2959 2581 2959 2616 2960 2617 2960 2581 2960 2581 2961 2617 2961 2558 2961 2617 2962 2618 2962 2558 2962 2558 2963 2618 2963 2556 2963 2619 2964 2620 2964 2621 2964 2620 2965 2622 2965 2621 2965 2621 2966 2622 2966 2623 2966 2623 2967 2624 2967 2621 2967 2624 2968 2625 2968 2621 2968 2621 2969 2625 2969 2626 2969 2626 2970 2627 2970 2621 2970 2627 2971 2628 2971 2621 2971 2621 2972 2628 2972 2629 2972 2629 2973 2630 2973 2621 2973 2630 2974 2631 2974 2621 2974 2621 2975 2631 2975 2632 2975 2632 2976 2633 2976 2621 2976 2633 2977 2634 2977 2621 2977 2621 2978 2634 2978 1658 2978 2634 2979 2635 2979 1658 2979 1658 2980 2635 2980 2636 2980 2636 2981 2637 2981 1658 2981 2637 2982 2638 2982 1658 2982 1658 2983 2638 2983 2639 2983 2639 2984 2640 2984 1658 2984 2640 2985 2641 2985 1658 2985 1658 2986 2641 2986 2642 2986 2642 2987 2643 2987 1658 2987 2643 2988 2644 2988 1658 2988 1658 2989 2644 2989 1656 2989 2553 2990 2645 2990 2554 2990 2645 2991 2646 2991 2554 2991 2554 2992 2646 2992 2647 2992 2646 2993 2648 2993 2647 2993 2647 2994 2648 2994 2649 2994 2649 2995 2650 2995 2647 2995 2650 2996 2651 2996 2647 2996 2647 2997 2651 2997 2652 2997 2652 2998 2653 2998 2647 2998 2653 2999 2654 2999 2647 2999 2647 3000 2654 3000 2655 3000 2655 3001 2656 3001 2647 3001 2656 3002 2657 3002 2647 3002 2647 3003 2657 3003 2658 3003 2658 3004 2659 3004 2647 3004 2659 3005 2660 3005 2647 3005 2647 3006 2660 3006 2661 3006 2662 3007 2663 3007 2664 3007 2663 3008 2665 3008 2664 3008 2664 3009 2665 3009 2666 3009 2666 3010 2667 3010 2664 3010 2667 3011 2668 3011 2664 3011 2664 3012 2668 3012 2669 3012 2669 3013 2670 3013 2664 3013 2670 3014 2671 3014 2664 3014 2664 3015 2671 3015 2672 3015 2672 3016 2673 3016 2664 3016 2673 3017 2674 3017 2664 3017 2664 3018 2674 3018 2675 3018 2675 3019 2676 3019 2664 3019 2676 3020 2677 3020 2664 3020 2664 3021 2677 3021 2621 3021 2677 3022 2678 3022 2621 3022 2621 3023 2678 3023 2619 3023 2679 3024 2680 3024 2681 3024 2680 3025 2682 3025 2681 3025 2681 3026 2682 3026 2683 3026 2683 3027 2684 3027 2681 3027 2684 3028 2685 3028 2681 3028 2681 3029 2685 3029 2686 3029 2686 3030 2687 3030 2681 3030 2687 3031 2688 3031 2681 3031 2681 3032 2688 3032 2689 3032 2689 3033 2690 3033 2681 3033 2690 3034 2691 3034 2681 3034 2681 3035 2691 3035 2692 3035 2693 3036 2694 3036 2695 3036 2694 3037 2681 3037 2695 3037 2695 3038 2681 3038 2696 3038 2681 3039 2692 3039 2696 3039 2693 3040 2697 3040 2694 3040 2697 3041 2698 3041 2694 3041 2694 3042 2698 3042 2699 3042 2699 3043 2700 3043 2694 3043 2700 3044 2701 3044 2694 3044 2694 3045 2701 3045 2702 3045 2702 3046 2703 3046 2694 3046 2703 3047 2704 3047 2694 3047 2694 3048 2704 3048 2705 3048 2706 3049 2707 3049 2708 3049 2707 3050 2709 3050 2708 3050 2709 3051 2710 3051 2708 3051 2710 3052 2711 3052 2708 3052 2708 3053 2711 3053 2712 3053 2712 3054 2713 3054 2708 3054 2713 3055 2714 3055 2708 3055 2708 3056 2714 3056 2715 3056 2715 3057 2716 3057 2708 3057 2716 3058 2717 3058 2708 3058 2708 3059 2717 3059 2718 3059 2718 3060 2719 3060 2708 3060 2719 3061 2720 3061 2708 3061 2708 3062 2720 3062 2721 3062 2722 3063 2723 3063 2724 3063 2723 3064 2721 3064 2724 3064 2722 3065 2725 3065 2723 3065 2725 3066 2726 3066 2723 3066 2723 3067 2726 3067 2727 3067 2727 3068 2728 3068 2723 3068 2728 3069 2729 3069 2723 3069 2723 3070 2729 3070 2730 3070 2730 3071 2731 3071 2723 3071 2731 3072 2732 3072 2723 3072 2723 3073 2732 3073 2733 3073 2733 3074 2734 3074 2723 3074 2734 3075 2735 3075 2723 3075 2723 3076 2735 3076 2681 3076 2735 3077 2736 3077 2681 3077 2681 3078 2736 3078 2679 3078 2737 3079 2738 3079 2739 3079 2737 3080 2739 3080 2740 3080 2741 3081 2742 3081 2743 3081 2742 3082 2744 3082 2743 3082 2744 3083 2745 3083 2743 3083 2745 3084 2746 3084 2743 3084 2743 3085 2746 3085 2747 3085 2747 3086 2748 3086 2743 3086 2748 3087 2749 3087 2743 3087 2743 3088 2749 3088 2750 3088 2751 3089 2752 3089 2739 3089 2750 3090 2753 3090 2743 3090 2753 3091 2754 3091 2743 3091 2743 3092 2754 3092 2739 3092 2754 3093 2755 3093 2739 3093 2739 3094 2755 3094 2751 3094 2752 3095 2756 3095 2739 3095 2756 3096 2757 3096 2739 3096 2739 3097 2757 3097 2758 3097 2758 3098 2759 3098 2739 3098 2759 3099 2760 3099 2739 3099 2739 3100 2760 3100 2761 3100 2761 3101 2762 3101 2739 3101 2762 3102 2763 3102 2739 3102 2739 3103 2763 3103 2740 3103 2738 3104 2764 3104 2739 3104 2764 3105 2765 3105 2739 3105 2739 3106 2765 3106 2708 3106 2765 3107 2766 3107 2708 3107 2708 3108 2766 3108 2706 3108 2767 3109 2768 3109 2769 3109 2770 3110 2771 3110 2769 3110 2771 3111 2772 3111 2769 3111 2769 3112 2772 3112 2767 3112 2705 3113 2773 3113 2694 3113 2773 3114 2774 3114 2694 3114 2694 3115 2774 3115 2769 3115 2774 3116 2775 3116 2769 3116 2769 3117 2775 3117 2770 3117 2768 3118 2776 3118 2769 3118 2776 3119 2777 3119 2769 3119 2769 3120 2777 3120 2778 3120 2778 3121 2779 3121 2769 3121 2779 3122 2780 3122 2769 3122 2769 3123 2780 3123 2781 3123 2781 3124 2782 3124 2769 3124 2782 3125 2783 3125 2769 3125 2769 3126 2783 3126 2784 3126 2785 3127 2786 3127 2787 3127 2784 3128 2788 3128 2769 3128 2788 3129 2789 3129 2769 3129 2769 3130 2789 3130 2790 3130 2786 3131 2791 3131 2787 3131 2791 3132 2792 3132 2787 3132 2787 3133 2792 3133 2793 3133 2793 3134 2794 3134 2787 3134 2794 3135 2795 3135 2787 3135 2787 3136 2795 3136 2796 3136 2796 3137 2797 3137 2787 3137 2797 3138 2798 3138 2787 3138 2787 3139 2798 3139 2799 3139 2799 3140 2800 3140 2787 3140 2800 3141 2801 3141 2787 3141 2787 3142 2801 3142 2802 3142 2802 3143 2803 3143 2787 3143 2803 3144 2804 3144 2787 3144 2787 3145 2804 3145 2805 3145 2805 3146 2806 3146 2787 3146 2806 3147 2807 3147 2787 3147 2787 3148 2807 3148 2743 3148 2807 3149 2808 3149 2743 3149 2743 3150 2808 3150 2741 3150 2809 3151 2810 3151 2811 3151 2810 3152 2812 3152 2811 3152 2812 3153 2813 3153 2811 3153 2813 3154 2814 3154 2811 3154 2811 3155 2814 3155 2815 3155 2815 3156 2816 3156 2811 3156 2816 3157 2817 3157 2811 3157 2811 3158 2817 3158 2818 3158 2818 3159 2819 3159 2811 3159 2819 3160 2820 3160 2811 3160 2811 3161 2820 3161 2821 3161 2821 3162 2822 3162 2811 3162 2822 3163 2823 3163 2811 3163 2811 3164 2823 3164 2824 3164 2825 3165 2826 3165 2827 3165 2824 3166 2828 3166 2811 3166 2828 3167 2829 3167 2811 3167 2811 3168 2829 3168 2830 3168 2830 3169 2831 3169 2811 3169 2831 3170 2832 3170 2811 3170 2811 3171 2832 3171 2833 3171 2833 3172 2834 3172 2811 3172 2834 3173 2835 3173 2811 3173 2811 3174 2835 3174 2836 3174 2836 3175 2837 3175 2811 3175 2837 3176 2838 3176 2811 3176 2811 3177 2838 3177 2827 3177 2838 3178 2839 3178 2827 3178 2827 3179 2839 3179 2825 3179 2826 3180 2840 3180 2827 3180 2840 3181 2841 3181 2827 3181 2827 3182 2841 3182 2842 3182 2843 3183 2844 3183 2845 3183 2844 3184 2846 3184 2845 3184 2845 3185 2846 3185 2847 3185 2848 3186 2849 3186 2850 3186 2849 3187 2851 3187 2850 3187 2851 3188 2852 3188 2850 3188 2852 3189 2853 3189 2850 3189 2850 3190 2853 3190 2854 3190 2855 3191 2845 3191 2856 3191 2845 3192 2850 3192 2856 3192 2856 3193 2850 3193 2857 3193 2850 3194 2854 3194 2857 3194 2855 3195 2858 3195 2845 3195 2858 3196 2859 3196 2845 3196 2845 3197 2859 3197 2860 3197 2860 3198 2861 3198 2845 3198 2861 3199 2862 3199 2845 3199 2845 3200 2862 3200 2863 3200 2863 3201 2864 3201 2845 3201 2864 3202 2865 3202 2845 3202 2845 3203 2865 3203 2843 3203 2847 3204 2866 3204 2845 3204 2866 3205 2867 3205 2845 3205 2845 3206 2867 3206 2868 3206 2868 3207 2869 3207 2845 3207 2869 3208 2870 3208 2845 3208 2845 3209 2870 3209 2871 3209 2871 3210 2872 3210 2845 3210 2872 3211 2873 3211 2845 3211 2845 3212 2873 3212 2874 3212 2874 3213 2875 3213 2845 3213 2875 3214 2876 3214 2845 3214 2845 3215 2876 3215 2877 3215 2877 3216 2878 3216 2845 3216 2878 3217 2879 3217 2845 3217 2845 3218 2879 3218 2880 3218 2879 3219 2881 3219 2880 3219 2880 3220 2881 3220 2882 3220 2883 3221 2884 3221 2885 3221 2884 3222 2886 3222 2885 3222 2885 3223 2886 3223 2887 3223 2842 3224 2888 3224 2827 3224 2888 3225 2889 3225 2827 3225 2827 3226 2889 3226 2885 3226 2889 3227 2890 3227 2885 3227 2890 3228 2891 3228 2885 3228 2891 3229 2892 3229 2885 3229 2885 3230 2892 3230 2893 3230 2893 3231 2894 3231 2885 3231 2894 3232 2895 3232 2885 3232 2885 3233 2895 3233 2883 3233 2887 3234 2896 3234 2885 3234 2896 3235 2897 3235 2885 3235 2885 3236 2897 3236 2898 3236 2898 3237 2899 3237 2885 3237 2899 3238 2900 3238 2885 3238 2885 3239 2900 3239 2901 3239 2901 3240 2902 3240 2885 3240 2902 3241 2903 3241 2885 3241 2885 3242 2903 3242 2904 3242 2904 3243 2905 3243 2885 3243 2905 3244 2906 3244 2885 3244 2885 3245 2906 3245 2907 3245 2907 3246 2908 3246 2885 3246 2908 3247 2909 3247 2885 3247 2885 3248 2909 3248 2910 3248 2911 3249 2912 3249 2913 3249 2912 3250 2914 3250 2913 3250 2914 3251 2915 3251 2913 3251 2915 3252 2916 3252 2913 3252 2913 3253 2916 3253 2917 3253 2917 3254 2918 3254 2913 3254 2918 3255 2919 3255 2913 3255 2913 3256 2919 3256 2920 3256 2920 3257 2921 3257 2913 3257 2921 3258 2922 3258 2913 3258 2913 3259 2922 3259 2923 3259 2923 3260 2924 3260 2913 3260 2924 3261 2925 3261 2913 3261 2913 3262 2925 3262 2926 3262 2926 3263 2927 3263 2913 3263 2927 3264 2928 3264 2913 3264 2913 3265 2928 3265 2929 3265 2929 3266 2930 3266 2913 3266 2930 3267 2931 3267 2913 3267 2913 3268 2931 3268 2932 3268 2932 3269 2933 3269 2913 3269 2933 3270 2934 3270 2913 3270 2913 3271 2934 3271 2850 3271 2934 3272 2935 3272 2850 3272 2850 3273 2935 3273 2848 3273 2809 3274 2811 3274 2882 3274 2811 3275 2936 3275 2882 3275 2882 3276 2936 3276 2880 3276 2936 3277 2937 3277 2880 3277 2880 3278 2937 3278 2938 3278 2937 3279 2939 3279 2938 3279 2938 3280 2939 3280 2940 3280 2939 3281 2941 3281 2940 3281 2940 3282 2941 3282 2942 3282 2941 3283 2769 3283 2942 3283 2942 3284 2769 3284 2787 3284 2769 3285 2790 3285 2787 3285 2787 3286 2790 3286 2785 3286 1693 3287 1695 3287 1664 3287 1695 3288 2943 3288 1664 3288 1664 3289 2943 3289 2944 3289 2943 3290 2945 3290 2944 3290 2944 3291 2945 3291 2946 3291 2945 3292 2947 3292 2946 3292 2946 3293 2947 3293 2948 3293 2947 3294 2949 3294 2948 3294 2948 3295 2949 3295 2950 3295 2949 3296 2885 3296 2950 3296 2950 3297 2885 3297 2913 3297 2885 3298 2910 3298 2913 3298 2913 3299 2910 3299 2911 3299 1854 3300 1825 3300 1828 3300 1825 3301 2951 3301 1828 3301 1828 3302 2951 3302 2952 3302 2951 3303 2953 3303 2952 3303 2952 3304 2953 3304 2954 3304 2953 3305 2955 3305 2954 3305 2954 3306 2955 3306 2956 3306 2955 3307 2957 3307 2956 3307 2956 3308 2957 3308 2958 3308 2957 3309 1726 3309 2958 3309 2958 3310 1726 3310 1747 3310 1726 3311 1759 3311 1747 3311 1747 3312 1759 3312 1745 3312 1822 3313 1910 3313 1790 3313 1910 3314 1912 3314 1790 3314 1790 3315 1912 3315 2959 3315 1912 3316 2960 3316 2959 3316 2959 3317 2960 3317 2961 3317 2960 3318 2962 3318 2961 3318 2961 3319 2962 3319 2963 3319 2962 3320 2964 3320 2963 3320 2963 3321 2964 3321 2965 3321 2964 3322 1944 3322 2965 3322 2965 3323 1944 3323 1950 3323 1944 3324 1965 3324 1950 3324 1950 3325 1965 3325 1966 3325 2084 3326 2086 3326 2071 3326 2086 3327 2966 3327 2071 3327 2071 3328 2966 3328 2967 3328 2966 3329 2968 3329 2967 3329 2967 3330 2968 3330 2969 3330 2968 3331 2970 3331 2969 3331 2969 3332 2970 3332 2971 3332 2970 3333 2010 3333 2971 3333 2971 3334 2010 3334 2027 3334 2010 3335 2024 3335 2027 3335 2027 3336 2024 3336 2025 3336 2172 3337 2174 3337 2245 3337 2174 3338 2972 3338 2245 3338 2245 3339 2972 3339 2243 3339 2972 3340 2973 3340 2243 3340 2243 3341 2973 3341 2974 3341 2973 3342 2975 3342 2974 3342 2974 3343 2975 3343 2976 3343 2975 3344 2977 3344 2976 3344 2976 3345 2977 3345 2978 3345 2977 3346 2132 3346 2978 3346 2978 3347 2132 3347 2150 3347 2132 3348 2153 3348 2150 3348 2150 3349 2153 3349 2148 3349 2330 3350 2332 3350 2301 3350 2332 3351 2979 3351 2301 3351 2301 3352 2979 3352 2980 3352 2979 3353 2981 3353 2980 3353 2980 3354 2981 3354 2982 3354 2981 3355 2983 3355 2982 3355 2982 3356 2983 3356 2984 3356 2983 3357 2985 3357 2984 3357 2984 3358 2985 3358 2986 3358 2985 3359 2248 3359 2986 3359 2986 3360 2248 3360 2276 3360 2248 3361 2273 3361 2276 3361 2276 3362 2273 3362 2274 3362 2491 3363 2476 3363 2462 3363 2476 3364 2987 3364 2462 3364 2462 3365 2987 3365 2988 3365 2987 3366 2989 3366 2988 3366 2988 3367 2989 3367 2990 3367 2989 3368 2991 3368 2990 3368 2990 3369 2991 3369 2992 3369 2991 3370 2993 3370 2992 3370 2992 3371 2993 3371 2994 3371 2993 3372 2363 3372 2994 3372 2994 3373 2363 3373 2384 3373 2363 3374 2396 3374 2384 3374 2384 3375 2396 3375 2382 3375 2459 3376 2547 3376 2427 3376 2547 3377 2549 3377 2427 3377 2427 3378 2549 3378 2995 3378 2549 3379 2996 3379 2995 3379 2995 3380 2996 3380 2997 3380 2996 3381 2998 3381 2997 3381 2997 3382 2998 3382 2999 3382 2998 3383 3000 3383 2999 3383 2999 3384 3000 3384 3001 3384 3000 3385 2584 3385 3001 3385 3001 3386 2584 3386 2581 3386 2584 3387 2602 3387 2581 3387 2581 3388 2602 3388 2603 3388 2721 3389 2723 3389 2708 3389 2723 3390 3002 3390 2708 3390 2708 3391 3002 3391 3003 3391 3002 3392 3004 3392 3003 3392 3003 3393 3004 3393 3005 3393 3004 3394 3006 3394 3005 3394 3005 3395 3006 3395 3007 3395 3006 3396 2647 3396 3007 3396 3007 3397 2647 3397 2664 3397 2647 3398 2661 3398 2664 3398 2664 3399 2661 3399 2662 3399 1611 3400 1116 3400 1613 3400 1116 3401 1118 3401 1613 3401 1613 3402 1118 3402 1615 3402 1118 3403 1217 3403 1615 3403 1615 3404 1217 3404 1617 3404 1217 3405 1216 3405 1617 3405 1617 3406 1216 3406 1619 3406 1216 3407 1215 3407 1619 3407 1619 3408 1215 3408 1621 3408 1215 3409 1202 3409 1621 3409 1621 3410 1202 3410 1623 3410 1202 3411 1201 3411 1623 3411 1623 3412 1201 3412 1625 3412 1201 3413 1199 3413 1625 3413 1625 3414 1199 3414 1627 3414 1199 3415 1198 3415 1627 3415 1627 3416 1198 3416 1629 3416 1198 3417 1176 3417 1629 3417 1629 3418 1176 3418 1631 3418 1176 3419 1174 3419 1631 3419 1631 3420 1174 3420 1633 3420 1174 3421 1173 3421 1633 3421 1633 3422 1173 3422 1635 3422 1173 3423 1131 3423 1635 3423 1635 3424 1131 3424 1637 3424 1131 3425 1130 3425 1637 3425 1637 3426 1130 3426 1639 3426 1130 3427 1078 3427 1639 3427 1639 3428 1078 3428 1641 3428 1078 3429 1077 3429 1641 3429 1641 3430 1077 3430 1643 3430 1077 3431 1172 3431 1643 3431 1643 3432 1172 3432 1645 3432 1172 3433 1171 3433 1645 3433 1645 3434 1171 3434 1647 3434 1171 3435 1170 3435 1647 3435 1647 3436 1170 3436 1649 3436 1170 3437 1128 3437 1649 3437 1649 3438 1128 3438 1651 3438 1128 3439 1169 3439 1651 3439 1651 3440 1169 3440 1653 3440 1169 3441 1168 3441 1653 3441 1653 3442 1168 3442 1655 3442 1168 3443 1197 3443 1655 3443 1655 3444 1197 3444 1513 3444 1197 3445 1196 3445 1513 3445 1513 3446 1196 3446 1515 3446 1196 3447 1194 3447 1515 3447 1515 3448 1194 3448 1517 3448 1194 3449 1193 3449 1517 3449 1517 3450 1193 3450 1519 3450 1193 3451 1165 3451 1519 3451 1519 3452 1165 3452 1521 3452 1165 3453 1162 3453 1521 3453 1521 3454 1162 3454 1523 3454 1162 3455 1161 3455 1523 3455 1523 3456 1161 3456 1525 3456 1161 3457 1190 3457 1525 3457 1525 3458 1190 3458 1527 3458 1190 3459 1188 3459 1527 3459 1527 3460 1188 3460 1529 3460 1188 3461 1187 3461 1529 3461 1529 3462 1187 3462 1531 3462 1187 3463 1184 3463 1531 3463 1531 3464 1184 3464 1533 3464 1184 3465 1183 3465 1533 3465 1533 3466 1183 3466 1535 3466 1183 3467 1221 3467 1535 3467 1535 3468 1221 3468 1537 3468 1221 3469 1219 3469 1537 3469 1537 3470 1219 3470 1539 3470 1219 3471 1218 3471 1539 3471 1539 3472 1218 3472 1541 3472 1218 3473 1208 3473 1541 3473 1541 3474 1208 3474 1543 3474 1208 3475 1207 3475 1543 3475 1543 3476 1207 3476 1545 3476 1207 3477 1206 3477 1545 3477 1545 3478 1206 3478 1547 3478 1206 3479 1182 3479 1547 3479 1547 3480 1182 3480 1549 3480 1182 3481 1181 3481 1549 3481 1549 3482 1181 3482 1551 3482 1181 3483 1180 3483 1551 3483 1551 3484 1180 3484 1553 3484 1180 3485 1179 3485 1553 3485 1553 3486 1179 3486 1555 3486 1179 3487 1178 3487 1555 3487 1555 3488 1178 3488 1557 3488 1178 3489 1177 3489 1557 3489 1557 3490 1177 3490 1559 3490 1177 3491 1160 3491 1559 3491 1559 3492 1160 3492 1561 3492 1160 3493 1159 3493 1561 3493 1561 3494 1159 3494 1563 3494 1159 3495 1158 3495 1563 3495 1563 3496 1158 3496 1565 3496 1158 3497 1157 3497 1565 3497 1565 3498 1157 3498 1567 3498 1157 3499 1156 3499 1567 3499 1567 3500 1156 3500 1569 3500 1156 3501 982 3501 1569 3501 1569 3502 982 3502 1571 3502 982 3503 1060 3503 1571 3503 1571 3504 1060 3504 1573 3504 1060 3505 1059 3505 1573 3505 1573 3506 1059 3506 1575 3506 1059 3507 1058 3507 1575 3507 1575 3508 1058 3508 1577 3508 1058 3509 1057 3509 1577 3509 1577 3510 1057 3510 1579 3510 1057 3511 1056 3511 1579 3511 1579 3512 1056 3512 1581 3512 1056 3513 1055 3513 1581 3513 1581 3514 1055 3514 1583 3514 1055 3515 1054 3515 1583 3515 1583 3516 1054 3516 1585 3516 1054 3517 1021 3517 1585 3517 1585 3518 1021 3518 1587 3518 1021 3519 1022 3519 1587 3519 1587 3520 1022 3520 1589 3520 1022 3521 1062 3521 1589 3521 1589 3522 1062 3522 1591 3522 1062 3523 1061 3523 1591 3523 1591 3524 1061 3524 1593 3524 1061 3525 1020 3525 1593 3525 1593 3526 1020 3526 1595 3526 1020 3527 1019 3527 1595 3527 1595 3528 1019 3528 1597 3528 1019 3529 1018 3529 1597 3529 1597 3530 1018 3530 1599 3530 1018 3531 1017 3531 1599 3531 1599 3532 1017 3532 1601 3532 1017 3533 1053 3533 1601 3533 1601 3534 1053 3534 1603 3534 1053 3535 1052 3535 1603 3535 1603 3536 1052 3536 1605 3536 1052 3537 1051 3537 1605 3537 1605 3538 1051 3538 1607 3538 1051 3539 985 3539 1607 3539 1607 3540 985 3540 1609 3540 985 3541 984 3541 1609 3541 1609 3542 984 3542 1611 3542 984 3543 1116 3543 1611 3543 3008 3544 1796 3544 3009 3544 1796 3545 1795 3545 3009 3545 3009 3546 1795 3546 3010 3546 3010 3547 1795 3547 3011 3547 1795 3548 1877 3548 3011 3548 3011 3549 1877 3549 3012 3549 1877 3550 1876 3550 3012 3550 1876 3551 1875 3551 3012 3551 3012 3552 1875 3552 3013 3552 1875 3553 1874 3553 3013 3553 3013 3554 1874 3554 3014 3554 1874 3555 1873 3555 3014 3555 3014 3556 1873 3556 3015 3556 1873 3557 1872 3557 3015 3557 3015 3558 1872 3558 3016 3558 1872 3559 1871 3559 3016 3559 3016 3560 1871 3560 3017 3560 1871 3561 1870 3561 3017 3561 3017 3562 1870 3562 3018 3562 1870 3563 1869 3563 3018 3563 3018 3564 1869 3564 3019 3564 1869 3565 1868 3565 3019 3565 3019 3566 1868 3566 3020 3566 1868 3567 1867 3567 3020 3567 3020 3568 1867 3568 3021 3568 1867 3569 1866 3569 3021 3569 3021 3570 1866 3570 3022 3570 1866 3571 1824 3571 3022 3571 3022 3572 1824 3572 3023 3572 1824 3573 1823 3573 3023 3573 3023 3574 1823 3574 3024 3574 1823 3575 1865 3575 3024 3575 3024 3576 1865 3576 3025 3576 1865 3577 1864 3577 3025 3577 3025 3578 1864 3578 3026 3578 1864 3579 1863 3579 3026 3579 3026 3580 1863 3580 3027 3580 1863 3581 1862 3581 3027 3581 3027 3582 1862 3582 3028 3582 1862 3583 1861 3583 3028 3583 3028 3584 1861 3584 3029 3584 1861 3585 1860 3585 3029 3585 3029 3586 1860 3586 3030 3586 1860 3587 1859 3587 3030 3587 3030 3588 1859 3588 3031 3588 1859 3589 1858 3589 3031 3589 3031 3590 1858 3590 3032 3590 3032 3591 1858 3591 3033 3591 1858 3592 1857 3592 3033 3592 3033 3593 1857 3593 3034 3593 1857 3594 1856 3594 3034 3594 3034 3595 1856 3595 3035 3595 1856 3596 1855 3596 3035 3596 3035 3597 1855 3597 3036 3597 1855 3598 1854 3598 3036 3598 3036 3599 1854 3599 3037 3599 1854 3600 1853 3600 3037 3600 3037 3601 1853 3601 3038 3601 1853 3602 1852 3602 3038 3602 3038 3603 1852 3603 3039 3603 1852 3604 1851 3604 3039 3604 3039 3605 1851 3605 3040 3605 1851 3606 1850 3606 3040 3606 3040 3607 1850 3607 3041 3607 1850 3608 1849 3608 3041 3608 3041 3609 1849 3609 3042 3609 1849 3610 1848 3610 3042 3610 3042 3611 1848 3611 3043 3611 1848 3612 1847 3612 3043 3612 3043 3613 1847 3613 3044 3613 1847 3614 1846 3614 3044 3614 3044 3615 1846 3615 3045 3615 1846 3616 1845 3616 3045 3616 3045 3617 1845 3617 3046 3617 1845 3618 1844 3618 3046 3618 3046 3619 1844 3619 3047 3619 1844 3620 1843 3620 3047 3620 3047 3621 1843 3621 3048 3621 1843 3622 1842 3622 3048 3622 1842 3623 1841 3623 3048 3623 3048 3624 1841 3624 3049 3624 1841 3625 1840 3625 3049 3625 3049 3626 1840 3626 3050 3626 1840 3627 1830 3627 3050 3627 3050 3628 1830 3628 3051 3628 1830 3629 1829 3629 3051 3629 3051 3630 1829 3630 3052 3630 1829 3631 1827 3631 3052 3631 3052 3632 1827 3632 3053 3632 1827 3633 1826 3633 3053 3633 3053 3634 1826 3634 3054 3634 3054 3635 1826 3635 3055 3635 1826 3636 1839 3636 3055 3636 3055 3637 1839 3637 3056 3637 1839 3638 1838 3638 3056 3638 3056 3639 1838 3639 3057 3639 1838 3640 1832 3640 3057 3640 3057 3641 1832 3641 3058 3641 1832 3642 1831 3642 3058 3642 3058 3643 1831 3643 3059 3643 1831 3644 1837 3644 3059 3644 3059 3645 1837 3645 3060 3645 1837 3646 1836 3646 3060 3646 3060 3647 1836 3647 3061 3647 1836 3648 1834 3648 3061 3648 3061 3649 1834 3649 3062 3649 1834 3650 1833 3650 3062 3650 3062 3651 1833 3651 3063 3651 1833 3652 1909 3652 3063 3652 3063 3653 1909 3653 3064 3653 1909 3654 1908 3654 3064 3654 3064 3655 1908 3655 3065 3655 1908 3656 1907 3656 3065 3656 3065 3657 1907 3657 3066 3657 1907 3658 1906 3658 3066 3658 3066 3659 1906 3659 3067 3659 1906 3660 1905 3660 3067 3660 3067 3661 1905 3661 3068 3661 1905 3662 1902 3662 3068 3662 1902 3663 1903 3663 3068 3663 3068 3664 1903 3664 3069 3664 1903 3665 1904 3665 3069 3665 3069 3666 1904 3666 3070 3666 1904 3667 1901 3667 3070 3667 3070 3668 1901 3668 3071 3668 1901 3669 1900 3669 3071 3669 3071 3670 1900 3670 3072 3670 1900 3671 1899 3671 3072 3671 3072 3672 1899 3672 3073 3672 1899 3673 1898 3673 3073 3673 3073 3674 1898 3674 3074 3674 1898 3675 1897 3675 3074 3675 3074 3676 1897 3676 3075 3676 1897 3677 1896 3677 3075 3677 3075 3678 1896 3678 3076 3678 1896 3679 1895 3679 3076 3679 3076 3680 1895 3680 3077 3680 1895 3681 1894 3681 3077 3681 3077 3682 1894 3682 3078 3682 1894 3683 1893 3683 3078 3683 3078 3684 1893 3684 3079 3684 1893 3685 1892 3685 3079 3685 3079 3686 1892 3686 3080 3686 1892 3687 1891 3687 3080 3687 3080 3688 1891 3688 3081 3688 1891 3689 1890 3689 3081 3689 3081 3690 1890 3690 3082 3690 1890 3691 1889 3691 3082 3691 3082 3692 1889 3692 3083 3692 3083 3693 1889 3693 3084 3693 1889 3694 1888 3694 3084 3694 3084 3695 1888 3695 3085 3695 1888 3696 1887 3696 3085 3696 3085 3697 1887 3697 3086 3697 1887 3698 1886 3698 3086 3698 3086 3699 1886 3699 3087 3699 1886 3700 1885 3700 3087 3700 3087 3701 1885 3701 3088 3701 1885 3702 1884 3702 3088 3702 3088 3703 1884 3703 3089 3703 1884 3704 1883 3704 3089 3704 3089 3705 1883 3705 3090 3705 1883 3706 1882 3706 3090 3706 3090 3707 1882 3707 3091 3707 1882 3708 1881 3708 3091 3708 3091 3709 1881 3709 3092 3709 1881 3710 1880 3710 3092 3710 3092 3711 1880 3711 3093 3711 3093 3712 1880 3712 3094 3712 1880 3713 1879 3713 3094 3713 3094 3714 1879 3714 3095 3714 1879 3715 1914 3715 3095 3715 3095 3716 1914 3716 3096 3716 1914 3717 1913 3717 3096 3717 3096 3718 1913 3718 3097 3718 1913 3719 1911 3719 3097 3719 3097 3720 1911 3720 3098 3720 1911 3721 1910 3721 3098 3721 3098 3722 1910 3722 3099 3722 1910 3723 1822 3723 3099 3723 3099 3724 1822 3724 3100 3724 1822 3725 1821 3725 3100 3725 3100 3726 1821 3726 3101 3726 1821 3727 1820 3727 3101 3727 3101 3728 1820 3728 3102 3728 1820 3729 1819 3729 3102 3729 3102 3730 1819 3730 3103 3730 1819 3731 1818 3731 3103 3731 3103 3732 1818 3732 3104 3732 1818 3733 1817 3733 3104 3733 3104 3734 1817 3734 3105 3734 1817 3735 1816 3735 3105 3735 3105 3736 1816 3736 3106 3736 1816 3737 1815 3737 3106 3737 3106 3738 1815 3738 3107 3738 1815 3739 1814 3739 3107 3739 3107 3740 1814 3740 3108 3740 1814 3741 1813 3741 3108 3741 3108 3742 1813 3742 3109 3742 1813 3743 1812 3743 3109 3743 3109 3744 1812 3744 3110 3744 1812 3745 1811 3745 3110 3745 3110 3746 1811 3746 3111 3746 1811 3747 1789 3747 3111 3747 3111 3748 1789 3748 3112 3748 1789 3749 1788 3749 3112 3749 3112 3750 1788 3750 3113 3750 1788 3751 1793 3751 3113 3751 3113 3752 1793 3752 3114 3752 1793 3753 1792 3753 3114 3753 3114 3754 1792 3754 3115 3754 1792 3755 1791 3755 3115 3755 3115 3756 1791 3756 3116 3756 3116 3757 1791 3757 3117 3757 1791 3758 1810 3758 3117 3758 3117 3759 1810 3759 3118 3759 1810 3760 1809 3760 3118 3760 3118 3761 1809 3761 3119 3761 1809 3762 1808 3762 3119 3762 3119 3763 1808 3763 3120 3763 1808 3764 1807 3764 3120 3764 3120 3765 1807 3765 3121 3765 1807 3766 1806 3766 3121 3766 3121 3767 1806 3767 3122 3767 1806 3768 1805 3768 3122 3768 3122 3769 1805 3769 3123 3769 1805 3770 1804 3770 3123 3770 3123 3771 1804 3771 3124 3771 1804 3772 1803 3772 3124 3772 3124 3773 1803 3773 3125 3773 1803 3774 1800 3774 3125 3774 3125 3775 1800 3775 3126 3775 1800 3776 1801 3776 3126 3776 3126 3777 1801 3777 3127 3777 1801 3778 1802 3778 3127 3778 3127 3779 1802 3779 3128 3779 1802 3780 1799 3780 3128 3780 3128 3781 1799 3781 3129 3781 1799 3782 1798 3782 3129 3782 3129 3783 1798 3783 3008 3783 1798 3784 1797 3784 3008 3784 3008 3785 1797 3785 1796 3785 3130 3786 2201 3786 3131 3786 2201 3787 2200 3787 3131 3787 3131 3788 2200 3788 3132 3788 2200 3789 2199 3789 3132 3789 3132 3790 2199 3790 3133 3790 2199 3791 2198 3791 3133 3791 3133 3792 2198 3792 3134 3792 2198 3793 2197 3793 3134 3793 3134 3794 2197 3794 3135 3794 2197 3795 2196 3795 3135 3795 3135 3796 2196 3796 3136 3796 2196 3797 2195 3797 3136 3797 3136 3798 2195 3798 3137 3798 2195 3799 2194 3799 3137 3799 3137 3800 2194 3800 3138 3800 2194 3801 2193 3801 3138 3801 3138 3802 2193 3802 3139 3802 2193 3803 2192 3803 3139 3803 3139 3804 2192 3804 3140 3804 2192 3805 2191 3805 3140 3805 3140 3806 2191 3806 3141 3806 2191 3807 2187 3807 3141 3807 3141 3808 2187 3808 3142 3808 2187 3809 2186 3809 3142 3809 3142 3810 2186 3810 3143 3810 2186 3811 2185 3811 3143 3811 3143 3812 2185 3812 3144 3812 2185 3813 2184 3813 3144 3813 3144 3814 2184 3814 3145 3814 3145 3815 2184 3815 3146 3815 2184 3816 2183 3816 3146 3816 3146 3817 2183 3817 3147 3817 2183 3818 2182 3818 3147 3818 3147 3819 2182 3819 3148 3819 2182 3820 2181 3820 3148 3820 3148 3821 2181 3821 3149 3821 2181 3822 2180 3822 3149 3822 3149 3823 2180 3823 3150 3823 2180 3824 2179 3824 3150 3824 3150 3825 2179 3825 3151 3825 2179 3826 2178 3826 3151 3826 3151 3827 2178 3827 3152 3827 2178 3828 2177 3828 3152 3828 3152 3829 2177 3829 3153 3829 2177 3830 2176 3830 3153 3830 3153 3831 2176 3831 3154 3831 2176 3832 2175 3832 3154 3832 3154 3833 2175 3833 3155 3833 3155 3834 2175 3834 3156 3834 2175 3835 2173 3835 3156 3835 3156 3836 2173 3836 3157 3836 2173 3837 2172 3837 3157 3837 3157 3838 2172 3838 3158 3838 2172 3839 2245 3839 3158 3839 3158 3840 2245 3840 3159 3840 2245 3841 2244 3841 3159 3841 3159 3842 2244 3842 3160 3842 2244 3843 2242 3843 3160 3843 3160 3844 2242 3844 3161 3844 2242 3845 2241 3845 3161 3845 3161 3846 2241 3846 3162 3846 2241 3847 2240 3847 3162 3847 3162 3848 2240 3848 3163 3848 2240 3849 2239 3849 3163 3849 3163 3850 2239 3850 3164 3850 2239 3851 2238 3851 3164 3851 3164 3852 2238 3852 3165 3852 2238 3853 2237 3853 3165 3853 3165 3854 2237 3854 3166 3854 2237 3855 2236 3855 3166 3855 3166 3856 2236 3856 3167 3856 2236 3857 2235 3857 3167 3857 3167 3858 2235 3858 3168 3858 2235 3859 2234 3859 3168 3859 3168 3860 2234 3860 3169 3860 2234 3861 2233 3861 3169 3861 3169 3862 2233 3862 3170 3862 2233 3863 2232 3863 3170 3863 3170 3864 2232 3864 3171 3864 2232 3865 2231 3865 3171 3865 3171 3866 2231 3866 3172 3866 2231 3867 2230 3867 3172 3867 3172 3868 2230 3868 3173 3868 2230 3869 2229 3869 3173 3869 3173 3870 2229 3870 3174 3870 2229 3871 2210 3871 3174 3871 3174 3872 2210 3872 3175 3872 2210 3873 2209 3873 3175 3873 3175 3874 2209 3874 3176 3874 2209 3875 2207 3875 3176 3875 3176 3876 2207 3876 3177 3876 2207 3877 2206 3877 3177 3877 3177 3878 2206 3878 3178 3878 3178 3879 2206 3879 3179 3879 2206 3880 2228 3880 3179 3880 3179 3881 2228 3881 3180 3881 2228 3882 2227 3882 3180 3882 3180 3883 2227 3883 3181 3883 2227 3884 2226 3884 3181 3884 3181 3885 2226 3885 3182 3885 2226 3886 2225 3886 3182 3886 3182 3887 2225 3887 3183 3887 2225 3888 2224 3888 3183 3888 3183 3889 2224 3889 3184 3889 2224 3890 2223 3890 3184 3890 3184 3891 2223 3891 3185 3891 2223 3892 2222 3892 3185 3892 3185 3893 2222 3893 3186 3893 2222 3894 2221 3894 3186 3894 3186 3895 2221 3895 3187 3895 2221 3896 2218 3896 3187 3896 3187 3897 2218 3897 3188 3897 2218 3898 2219 3898 3188 3898 3188 3899 2219 3899 3189 3899 2219 3900 2220 3900 3189 3900 3189 3901 2220 3901 3190 3901 2220 3902 2217 3902 3190 3902 3190 3903 2217 3903 3191 3903 2217 3904 2216 3904 3191 3904 3191 3905 2216 3905 3192 3905 2216 3906 2215 3906 3192 3906 2215 3907 2214 3907 3192 3907 3192 3908 2214 3908 3193 3908 2214 3909 2212 3909 3193 3909 3193 3910 2212 3910 3194 3910 3194 3911 2212 3911 3195 3911 2212 3912 2211 3912 3195 3912 3195 3913 2211 3913 3196 3913 2211 3914 2298 3914 3196 3914 2298 3915 2297 3915 3196 3915 3196 3916 2297 3916 3197 3916 2297 3917 2296 3917 3197 3917 3197 3918 2296 3918 3198 3918 2296 3919 2295 3919 3198 3919 3198 3920 2295 3920 3199 3920 2295 3921 2294 3921 3199 3921 3199 3922 2294 3922 3200 3922 2294 3923 2293 3923 3200 3923 3200 3924 2293 3924 3201 3924 2293 3925 2292 3925 3201 3925 3201 3926 2292 3926 3202 3926 2292 3927 2291 3927 3202 3927 3202 3928 2291 3928 3203 3928 2291 3929 2290 3929 3203 3929 3203 3930 2290 3930 3204 3930 2290 3931 2289 3931 3204 3931 3204 3932 2289 3932 3205 3932 2289 3933 2288 3933 3205 3933 3205 3934 2288 3934 3206 3934 2288 3935 2287 3935 3206 3935 3206 3936 2287 3936 3207 3936 2287 3937 2286 3937 3207 3937 3207 3938 2286 3938 3208 3938 2286 3939 2285 3939 3208 3939 3208 3940 2285 3940 3209 3940 2285 3941 2284 3941 3209 3941 3209 3942 2284 3942 3210 3942 2284 3943 2283 3943 3210 3943 3210 3944 2283 3944 3211 3944 2283 3945 2282 3945 3211 3945 3211 3946 2282 3946 3212 3946 2282 3947 2281 3947 3212 3947 3212 3948 2281 3948 3213 3948 2281 3949 2280 3949 3213 3949 3213 3950 2280 3950 3214 3950 2280 3951 2279 3951 3214 3951 3214 3952 2279 3952 3215 3952 2279 3953 2278 3953 3215 3953 3215 3954 2278 3954 3216 3954 3216 3955 2278 3955 3217 3955 2278 3956 2277 3956 3217 3956 3217 3957 2277 3957 3218 3957 2277 3958 2275 3958 3218 3958 3218 3959 2275 3959 3219 3959 2275 3960 2274 3960 3219 3960 3219 3961 2274 3961 3220 3961 2274 3962 2273 3962 3220 3962 3220 3963 2273 3963 3221 3963 2273 3964 2272 3964 3221 3964 3221 3965 2272 3965 3222 3965 2272 3966 2271 3966 3222 3966 3222 3967 2271 3967 3223 3967 2271 3968 2270 3968 3223 3968 3223 3969 2270 3969 3224 3969 2270 3970 2269 3970 3224 3970 3224 3971 2269 3971 3225 3971 2269 3972 2268 3972 3225 3972 3225 3973 2268 3973 3226 3973 2268 3974 2267 3974 3226 3974 3226 3975 2267 3975 3227 3975 2267 3976 2266 3976 3227 3976 3227 3977 2266 3977 3228 3977 2266 3978 2265 3978 3228 3978 3228 3979 2265 3979 3229 3979 2265 3980 2264 3980 3229 3980 3229 3981 2264 3981 3230 3981 2264 3982 2263 3982 3230 3982 3230 3983 2263 3983 3231 3983 2263 3984 2262 3984 3231 3984 3231 3985 2262 3985 3232 3985 2262 3986 2261 3986 3232 3986 2261 3987 2260 3987 3232 3987 3232 3988 2260 3988 3233 3988 2260 3989 2259 3989 3233 3989 3233 3990 2259 3990 3234 3990 2259 3991 2250 3991 3234 3991 3234 3992 2250 3992 3235 3992 2250 3993 2249 3993 3235 3993 3235 3994 2249 3994 3236 3994 2249 3995 2247 3995 3236 3995 3236 3996 2247 3996 3237 3996 2247 3997 2246 3997 3237 3997 3237 3998 2246 3998 3238 3998 3238 3999 2246 3999 3239 3999 2246 4000 2258 4000 3239 4000 3239 4001 2258 4001 3240 4001 2258 4002 2257 4002 3240 4002 3240 4003 2257 4003 3241 4003 2257 4004 2256 4004 3241 4004 3241 4005 2256 4005 3242 4005 2256 4006 2255 4006 3242 4006 3242 4007 2255 4007 3243 4007 2255 4008 2254 4008 3243 4008 3243 4009 2254 4009 3244 4009 2254 4010 2253 4010 3244 4010 3244 4011 2253 4011 3245 4011 2253 4012 2252 4012 3245 4012 3245 4013 2252 4013 3246 4013 2252 4014 2251 4014 3246 4014 3246 4015 2251 4015 3247 4015 2251 4016 2205 4016 3247 4016 3247 4017 2205 4017 3248 4017 2205 4018 2204 4018 3248 4018 3248 4019 2204 4019 3249 4019 2204 4020 2203 4020 3249 4020 3249 4021 2203 4021 3250 4021 2203 4022 2189 4022 3250 4022 3250 4023 2189 4023 3251 4023 2189 4024 2188 4024 3251 4024 3251 4025 2188 4025 3130 4025 2188 4026 2202 4026 3130 4026 3130 4027 2202 4027 2201 4027 3252 4028 2008 4028 1916 4028 3253 4029 1927 4029 3254 4029 1927 4030 1926 4030 3254 4030 3254 4031 1926 4031 3255 4031 1926 4032 1925 4032 3255 4032 3255 4033 1925 4033 3256 4033 1925 4034 1924 4034 3256 4034 3256 4035 1924 4035 3257 4035 1924 4036 1923 4036 3257 4036 3257 4037 1923 4037 3258 4037 1923 4038 1922 4038 3258 4038 3258 4039 1922 4039 3259 4039 3259 4040 1922 4040 3260 4040 1922 4041 1920 4041 3260 4041 3260 4042 1920 4042 3261 4042 1920 4043 1919 4043 3261 4043 1919 4044 1981 4044 3261 4044 3261 4045 1981 4045 3262 4045 1981 4046 1980 4046 3262 4046 3262 4047 1980 4047 3263 4047 1980 4048 1979 4048 3263 4048 3263 4049 1979 4049 3264 4049 1979 4050 1978 4050 3264 4050 3264 4051 1978 4051 3265 4051 1978 4052 1977 4052 3265 4052 3265 4053 1977 4053 3266 4053 1977 4054 1976 4054 3266 4054 3266 4055 1976 4055 3267 4055 1976 4056 1949 4056 3267 4056 3267 4057 1949 4057 3268 4057 1949 4058 1948 4058 3268 4058 3268 4059 1948 4059 3269 4059 1948 4060 1975 4060 3269 4060 3269 4061 1975 4061 3270 4061 1975 4062 1974 4062 3270 4062 3270 4063 1974 4063 3271 4063 1974 4064 1973 4064 3271 4064 3271 4065 1973 4065 3272 4065 1973 4066 1972 4066 3272 4066 3272 4067 1972 4067 3273 4067 1972 4068 1971 4068 3273 4068 3273 4069 1971 4069 3274 4069 1971 4070 1970 4070 3274 4070 3274 4071 1970 4071 3275 4071 1970 4072 1969 4072 3275 4072 3275 4073 1969 4073 3276 4073 1969 4074 1968 4074 3276 4074 3276 4075 1968 4075 3277 4075 3277 4076 1968 4076 3278 4076 1968 4077 1967 4077 3278 4077 3278 4078 1967 4078 3279 4078 1967 4079 1966 4079 3279 4079 3279 4080 1966 4080 3280 4080 1966 4081 1965 4081 3280 4081 3280 4082 1965 4082 3281 4082 1965 4083 1964 4083 3281 4083 3281 4084 1964 4084 3282 4084 1964 4085 1963 4085 3282 4085 3282 4086 1963 4086 3283 4086 1963 4087 1962 4087 3283 4087 3283 4088 1962 4088 3284 4088 1962 4089 1961 4089 3284 4089 3284 4090 1961 4090 3285 4090 1961 4091 1960 4091 3285 4091 3285 4092 1960 4092 3286 4092 1960 4093 1959 4093 3286 4093 3286 4094 1959 4094 3287 4094 1959 4095 1958 4095 3287 4095 3287 4096 1958 4096 3288 4096 1958 4097 1957 4097 3288 4097 3288 4098 1957 4098 3289 4098 1957 4099 1956 4099 3289 4099 3289 4100 1956 4100 3290 4100 1956 4101 1955 4101 3290 4101 3290 4102 1955 4102 3291 4102 1955 4103 1954 4103 3291 4103 3291 4104 1954 4104 3292 4104 1954 4105 1953 4105 3292 4105 3292 4106 1953 4106 3293 4106 1953 4107 1952 4107 3293 4107 1952 4108 1951 4108 3293 4108 3293 4109 1951 4109 3294 4109 1951 4110 1946 4110 3294 4110 3294 4111 1946 4111 3295 4111 1946 4112 1945 4112 3295 4112 3295 4113 1945 4113 3296 4113 1945 4114 1943 4114 3296 4114 3296 4115 1943 4115 3297 4115 1943 4116 1942 4116 3297 4116 3297 4117 1942 4117 3298 4117 1942 4118 1947 4118 3298 4118 3298 4119 1947 4119 3299 4119 3299 4120 1947 4120 3300 4120 1947 4121 1660 4121 3300 4121 3300 4122 1660 4122 3301 4122 1660 4123 1659 4123 3301 4123 3301 4124 1659 4124 3302 4124 1659 4125 2007 4125 3302 4125 3302 4126 2007 4126 3303 4126 2007 4127 2006 4127 3303 4127 3303 4128 2006 4128 3304 4128 2006 4129 2005 4129 3304 4129 3304 4130 2005 4130 3305 4130 2005 4131 2004 4131 3305 4131 3305 4132 2004 4132 3306 4132 2004 4133 2003 4133 3306 4133 3306 4134 2003 4134 3307 4134 2003 4135 2002 4135 3307 4135 3307 4136 2002 4136 3308 4136 2002 4137 2001 4137 3308 4137 3308 4138 2001 4138 3309 4138 2001 4139 2000 4139 3309 4139 3309 4140 2000 4140 3310 4140 2000 4141 1999 4141 3310 4141 3310 4142 1999 4142 3311 4142 1999 4143 1998 4143 3311 4143 3311 4144 1998 4144 3312 4144 1998 4145 1997 4145 3312 4145 3312 4146 1997 4146 3313 4146 1997 4147 1996 4147 3313 4147 1996 4148 1995 4148 3313 4148 3313 4149 1995 4149 3314 4149 1995 4150 1994 4150 3314 4150 3314 4151 1994 4151 3315 4151 1994 4152 1993 4152 3315 4152 3315 4153 1993 4153 3316 4153 1993 4154 1992 4154 3316 4154 3316 4155 1992 4155 3317 4155 1992 4156 1991 4156 3317 4156 3317 4157 1991 4157 3318 4157 1991 4158 1990 4158 3318 4158 3318 4159 1990 4159 3319 4159 1990 4160 1989 4160 3319 4160 3319 4161 1989 4161 3320 4161 1989 4162 1988 4162 3320 4162 3320 4163 1988 4163 3321 4163 1988 4164 1987 4164 3321 4164 3321 4165 1987 4165 3322 4165 1987 4166 1986 4166 3322 4166 3322 4167 1986 4167 3323 4167 1986 4168 1985 4168 3323 4168 3323 4169 1985 4169 3324 4169 3324 4170 1985 4170 3325 4170 1985 4171 1983 4171 3325 4171 3325 4172 1983 4172 3326 4172 1983 4173 1982 4173 3326 4173 3326 4174 1982 4174 3327 4174 1982 4175 2041 4175 3327 4175 3327 4176 2041 4176 3328 4176 2041 4177 2040 4177 3328 4177 2040 4178 2039 4178 3328 4178 3328 4179 2039 4179 3329 4179 2039 4180 2038 4180 3329 4180 3329 4181 2038 4181 3330 4181 2038 4182 2037 4182 3330 4182 3330 4183 2037 4183 3331 4183 2037 4184 2036 4184 3331 4184 3331 4185 2036 4185 3332 4185 2036 4186 2035 4186 3332 4186 3332 4187 2035 4187 3333 4187 2035 4188 2034 4188 3333 4188 3333 4189 2034 4189 3334 4189 2034 4190 2033 4190 3334 4190 3334 4191 2033 4191 3335 4191 2033 4192 2032 4192 3335 4192 3335 4193 2032 4193 3336 4193 2032 4194 2031 4194 3336 4194 3336 4195 2031 4195 3337 4195 2031 4196 2030 4196 3337 4196 3337 4197 2030 4197 3338 4197 3338 4198 2030 4198 3339 4198 2030 4199 2029 4199 3339 4199 3339 4200 2029 4200 3340 4200 2029 4201 2028 4201 3340 4201 3340 4202 2028 4202 3341 4202 2028 4203 2026 4203 3341 4203 3341 4204 2026 4204 3342 4204 2026 4205 2025 4205 3342 4205 3342 4206 2025 4206 3343 4206 2025 4207 2024 4207 3343 4207 3343 4208 2024 4208 3344 4208 2024 4209 2023 4209 3344 4209 3344 4210 2023 4210 3345 4210 2023 4211 2022 4211 3345 4211 3345 4212 2022 4212 3346 4212 2022 4213 2021 4213 3346 4213 3346 4214 2021 4214 3347 4214 2021 4215 2020 4215 3347 4215 3347 4216 2020 4216 3348 4216 2020 4217 2019 4217 3348 4217 3348 4218 2019 4218 3349 4218 2019 4219 2018 4219 3349 4219 3349 4220 2018 4220 3350 4220 2018 4221 2017 4221 3350 4221 3350 4222 2017 4222 3351 4222 2017 4223 2016 4223 3351 4223 3351 4224 2016 4224 3352 4224 2016 4225 2015 4225 3352 4225 3352 4226 2015 4226 3353 4226 2015 4227 2014 4227 3353 4227 3353 4228 2014 4228 3354 4228 2014 4229 2013 4229 3354 4229 2013 4230 2012 4230 3354 4230 3354 4231 2012 4231 3355 4231 2012 4232 2011 4232 3355 4232 3355 4233 2011 4233 3356 4233 3356 4234 2011 4234 3252 4234 2011 4235 2009 4235 3252 4235 3252 4236 2009 4236 2008 4236 3357 4237 3358 4237 1916 4237 3358 4238 3359 4238 1916 4238 1916 4239 3359 4239 3252 4239 1916 4240 1915 4240 3357 4240 1915 4241 1918 4241 3357 4241 3357 4242 1918 4242 3360 4242 3360 4243 1918 4243 3361 4243 1918 4244 1941 4244 3361 4244 3361 4245 1941 4245 3362 4245 1941 4246 1940 4246 3362 4246 3362 4247 1940 4247 3363 4247 1940 4248 1939 4248 3363 4248 3363 4249 1939 4249 3364 4249 1939 4250 1938 4250 3364 4250 3364 4251 1938 4251 3365 4251 1938 4252 1937 4252 3365 4252 3365 4253 1937 4253 3366 4253 1937 4254 1936 4254 3366 4254 3366 4255 1936 4255 3367 4255 1936 4256 1935 4256 3367 4256 3367 4257 1935 4257 3368 4257 1935 4258 1934 4258 3368 4258 3368 4259 1934 4259 3369 4259 1934 4260 1930 4260 3369 4260 3369 4261 1930 4261 3370 4261 1930 4262 1929 4262 3370 4262 3370 4263 1929 4263 3371 4263 1929 4264 1933 4264 3371 4264 3371 4265 1933 4265 3372 4265 1933 4266 1932 4266 3372 4266 3372 4267 1932 4267 3373 4267 1932 4268 1931 4268 3373 4268 3373 4269 1931 4269 3253 4269 1931 4270 1928 4270 3253 4270 3253 4271 1928 4271 1927 4271 3374 4272 2359 4272 3375 4272 2359 4273 2357 4273 3375 4273 3375 4274 2357 4274 3376 4274 2357 4275 2356 4275 3376 4275 3376 4276 2356 4276 3377 4276 2356 4277 2355 4277 3377 4277 3377 4278 2355 4278 3378 4278 2355 4279 2354 4279 3378 4279 3378 4280 2354 4280 3379 4280 2354 4281 2353 4281 3379 4281 3379 4282 2353 4282 3380 4282 2353 4283 2352 4283 3380 4283 3380 4284 2352 4284 3381 4284 2352 4285 2351 4285 3381 4285 3381 4286 2351 4286 3382 4286 2351 4287 2350 4287 3382 4287 3382 4288 2350 4288 3383 4288 2350 4289 2349 4289 3383 4289 3383 4290 2349 4290 3384 4290 2349 4291 2348 4291 3384 4291 3384 4292 2348 4292 3385 4292 2348 4293 2347 4293 3385 4293 3385 4294 2347 4294 3386 4294 2347 4295 2346 4295 3386 4295 3386 4296 2346 4296 3387 4296 2346 4297 2345 4297 3387 4297 3387 4298 2345 4298 3388 4298 2345 4299 2344 4299 3388 4299 3388 4300 2344 4300 3389 4300 2344 4301 2343 4301 3389 4301 3389 4302 2343 4302 3390 4302 2343 4303 2342 4303 3390 4303 3390 4304 2342 4304 3391 4304 2342 4305 2341 4305 3391 4305 3391 4306 2341 4306 3392 4306 2341 4307 2340 4307 3392 4307 3392 4308 2340 4308 3393 4308 2340 4309 2339 4309 3393 4309 3393 4310 2339 4310 3394 4310 2339 4311 2338 4311 3394 4311 3394 4312 2338 4312 3395 4312 2338 4313 2337 4313 3395 4313 3395 4314 2337 4314 3396 4314 2337 4315 2336 4315 3396 4315 3396 4316 2336 4316 3397 4316 2336 4317 2335 4317 3397 4317 3397 4318 2335 4318 3398 4318 3398 4319 2335 4319 3399 4319 2335 4320 2334 4320 3399 4320 3399 4321 2334 4321 3400 4321 2334 4322 2333 4322 3400 4322 3400 4323 2333 4323 3401 4323 2333 4324 2331 4324 3401 4324 3401 4325 2331 4325 3402 4325 2331 4326 2330 4326 3402 4326 3402 4327 2330 4327 3403 4327 2330 4328 2329 4328 3403 4328 3403 4329 2329 4329 3404 4329 2329 4330 2328 4330 3404 4330 3404 4331 2328 4331 3405 4331 2328 4332 2327 4332 3405 4332 3405 4333 2327 4333 3406 4333 2327 4334 2326 4334 3406 4334 3406 4335 2326 4335 3407 4335 2326 4336 2325 4336 3407 4336 3407 4337 2325 4337 3408 4337 2325 4338 2324 4338 3408 4338 3408 4339 2324 4339 3409 4339 2324 4340 2323 4340 3409 4340 3409 4341 2323 4341 3410 4341 2323 4342 2322 4342 3410 4342 3410 4343 2322 4343 3411 4343 2322 4344 2321 4344 3411 4344 3411 4345 2321 4345 3412 4345 2321 4346 2320 4346 3412 4346 3412 4347 2320 4347 3413 4347 2320 4348 2319 4348 3413 4348 3413 4349 2319 4349 3414 4349 2319 4350 2318 4350 3414 4350 2318 4351 2317 4351 3414 4351 3414 4352 2317 4352 3415 4352 2317 4353 2316 4353 3415 4353 3415 4354 2316 4354 3416 4354 2316 4355 2303 4355 3416 4355 3416 4356 2303 4356 3417 4356 2303 4357 2302 4357 3417 4357 3417 4358 2302 4358 3418 4358 2302 4359 2300 4359 3418 4359 3418 4360 2300 4360 3419 4360 2300 4361 2299 4361 3419 4361 3419 4362 2299 4362 3420 4362 3420 4363 2299 4363 3421 4363 2299 4364 2315 4364 3421 4364 3421 4365 2315 4365 3422 4365 2315 4366 2314 4366 3422 4366 3422 4367 2314 4367 3423 4367 2314 4368 2313 4368 3423 4368 3423 4369 2313 4369 3424 4369 2313 4370 2312 4370 3424 4370 3424 4371 2312 4371 3425 4371 2312 4372 2311 4372 3425 4372 3425 4373 2311 4373 3426 4373 2311 4374 2310 4374 3426 4374 3426 4375 2310 4375 3427 4375 2310 4376 2309 4376 3427 4376 3427 4377 2309 4377 3428 4377 2309 4378 2308 4378 3428 4378 3428 4379 2308 4379 3429 4379 2308 4380 2307 4380 3429 4380 3429 4381 2307 4381 3430 4381 2307 4382 2306 4382 3430 4382 3430 4383 2306 4383 3431 4383 2306 4384 2305 4384 3431 4384 3431 4385 2305 4385 3432 4385 2305 4386 2424 4386 3432 4386 3432 4387 2424 4387 3433 4387 2424 4388 2423 4388 3433 4388 3433 4389 2423 4389 3434 4389 2423 4390 2413 4390 3434 4390 2413 4391 2412 4391 3434 4391 3434 4392 2412 4392 3435 4392 2412 4393 2422 4393 3435 4393 3435 4394 2422 4394 3436 4394 2422 4395 2421 4395 3436 4395 3436 4396 2421 4396 3437 4396 2421 4397 2420 4397 3437 4397 3437 4398 2420 4398 3438 4398 2420 4399 2419 4399 3438 4399 3438 4400 2419 4400 3439 4400 2419 4401 2418 4401 3439 4401 3439 4402 2418 4402 3440 4402 2418 4403 2417 4403 3440 4403 3440 4404 2417 4404 3441 4404 2417 4405 2416 4405 3441 4405 3441 4406 2416 4406 3442 4406 2416 4407 2415 4407 3442 4407 3442 4408 2415 4408 3443 4408 2415 4409 2414 4409 3443 4409 3443 4410 2414 4410 3444 4410 2414 4411 2411 4411 3444 4411 3444 4412 2411 4412 3445 4412 2411 4413 2410 4413 3445 4413 3445 4414 2410 4414 3446 4414 2410 4415 2409 4415 3446 4415 3446 4416 2409 4416 3447 4416 2409 4417 2408 4417 3447 4417 3447 4418 2408 4418 3448 4418 2408 4419 2407 4419 3448 4419 3448 4420 2407 4420 3449 4420 2407 4421 2406 4421 3449 4421 3449 4422 2406 4422 3450 4422 2406 4423 2405 4423 3450 4423 3450 4424 2405 4424 3451 4424 2405 4425 2404 4425 3451 4425 3451 4426 2404 4426 3452 4426 2404 4427 2403 4427 3452 4427 3452 4428 2403 4428 3453 4428 2403 4429 2402 4429 3453 4429 3453 4430 2402 4430 3454 4430 2402 4431 2401 4431 3454 4431 3454 4432 2401 4432 3455 4432 2401 4433 2400 4433 3455 4433 3455 4434 2400 4434 3456 4434 2400 4435 2399 4435 3456 4435 3456 4436 2399 4436 3457 4436 2399 4437 2398 4437 3457 4437 3457 4438 2398 4438 3458 4438 3458 4439 2398 4439 3459 4439 2398 4440 2397 4440 3459 4440 3459 4441 2397 4441 3460 4441 2397 4442 2383 4442 3460 4442 3460 4443 2383 4443 3461 4443 2383 4444 2382 4444 3461 4444 3461 4445 2382 4445 3462 4445 2382 4446 2396 4446 3462 4446 3462 4447 2396 4447 3463 4447 2396 4448 2395 4448 3463 4448 3463 4449 2395 4449 3464 4449 2395 4450 2394 4450 3464 4450 3464 4451 2394 4451 3465 4451 2394 4452 2393 4452 3465 4452 3465 4453 2393 4453 3466 4453 2393 4454 2392 4454 3466 4454 3466 4455 2392 4455 3467 4455 2392 4456 2391 4456 3467 4456 3467 4457 2391 4457 3468 4457 2391 4458 2390 4458 3468 4458 3468 4459 2390 4459 3469 4459 2390 4460 2389 4460 3469 4460 3469 4461 2389 4461 3470 4461 2389 4462 2388 4462 3470 4462 3470 4463 2388 4463 3471 4463 2388 4464 2387 4464 3471 4464 3471 4465 2387 4465 3472 4465 2387 4466 2386 4466 3472 4466 3472 4467 2386 4467 3473 4467 2386 4468 2385 4468 3473 4468 3473 4469 2385 4469 3474 4469 2385 4470 2381 4470 3474 4470 2381 4471 2380 4471 3474 4471 3474 4472 2380 4472 3475 4472 2380 4473 2379 4473 3475 4473 3475 4474 2379 4474 3476 4474 2379 4475 2365 4475 3476 4475 3476 4476 2365 4476 3477 4476 2365 4477 2364 4477 3477 4477 3477 4478 2364 4478 3478 4478 2364 4479 2362 4479 3478 4479 3478 4480 2362 4480 3479 4480 2362 4481 2361 4481 3479 4481 3479 4482 2361 4482 3480 4482 3480 4483 2361 4483 3481 4483 2361 4484 2378 4484 3481 4484 3481 4485 2378 4485 3482 4485 2378 4486 2377 4486 3482 4486 3482 4487 2377 4487 3483 4487 2377 4488 2376 4488 3483 4488 3483 4489 2376 4489 3484 4489 2376 4490 2375 4490 3484 4490 3484 4491 2375 4491 3485 4491 2375 4492 2374 4492 3485 4492 3485 4493 2374 4493 3486 4493 2374 4494 2373 4494 3486 4494 3486 4495 2373 4495 3487 4495 2373 4496 2372 4496 3487 4496 3487 4497 2372 4497 3488 4497 2372 4498 2371 4498 3488 4498 3488 4499 2371 4499 3489 4499 2371 4500 2370 4500 3489 4500 3489 4501 2370 4501 3490 4501 2370 4502 2369 4502 3490 4502 3490 4503 2369 4503 3491 4503 2369 4504 2368 4504 3491 4504 3491 4505 2368 4505 3492 4505 2368 4506 2367 4506 3492 4506 3492 4507 2367 4507 3493 4507 2367 4508 2366 4508 3493 4508 3493 4509 2366 4509 3374 4509 2366 4510 2360 4510 3374 4510 3374 4511 2360 4511 2359 4511 3494 4512 2127 4512 2101 4512 3495 4513 2055 4513 3496 4513 2055 4514 2054 4514 3496 4514 3496 4515 2054 4515 3497 4515 2054 4516 2053 4516 3497 4516 3497 4517 2053 4517 3498 4517 2053 4518 2052 4518 3498 4518 3498 4519 2052 4519 3499 4519 2052 4520 2051 4520 3499 4520 3499 4521 2051 4521 3500 4521 2051 4522 2050 4522 3500 4522 3500 4523 2050 4523 3501 4523 2050 4524 2049 4524 3501 4524 3501 4525 2049 4525 3502 4525 2049 4526 2048 4526 3502 4526 3502 4527 2048 4527 3503 4527 2048 4528 2047 4528 3503 4528 3503 4529 2047 4529 3504 4529 2047 4530 2046 4530 3504 4530 3504 4531 2046 4531 3505 4531 2046 4532 2045 4532 3505 4532 3505 4533 2045 4533 3506 4533 3506 4534 2045 4534 3507 4534 2045 4535 2043 4535 3507 4535 3507 4536 2043 4536 3508 4536 2043 4537 2042 4537 3508 4537 3508 4538 2042 4538 3509 4538 2042 4539 2099 4539 3509 4539 3509 4540 2099 4540 3510 4540 2099 4541 2098 4541 3510 4541 2098 4542 2097 4542 3510 4542 3510 4543 2097 4543 3511 4543 2097 4544 2096 4544 3511 4544 3511 4545 2096 4545 3512 4545 2096 4546 2095 4546 3512 4546 3512 4547 2095 4547 3513 4547 2095 4548 2094 4548 3513 4548 3513 4549 2094 4549 3514 4549 2094 4550 2093 4550 3514 4550 3514 4551 2093 4551 3515 4551 2093 4552 2092 4552 3515 4552 3515 4553 2092 4553 3516 4553 2092 4554 2091 4554 3516 4554 3516 4555 2091 4555 3517 4555 2091 4556 2090 4556 3517 4556 3517 4557 2090 4557 3518 4557 2090 4558 2089 4558 3518 4558 3518 4559 2089 4559 3519 4559 2089 4560 2088 4560 3519 4560 3519 4561 2088 4561 3520 4561 3520 4562 2088 4562 3521 4562 2088 4563 2085 4563 3521 4563 3521 4564 2085 4564 3522 4564 2085 4565 2087 4565 3522 4565 3522 4566 2087 4566 3523 4566 2087 4567 2084 4567 3523 4567 3523 4568 2084 4568 3524 4568 2084 4569 2083 4569 3524 4569 3524 4570 2083 4570 3525 4570 2083 4571 2082 4571 3525 4571 3525 4572 2082 4572 3526 4572 2082 4573 2081 4573 3526 4573 3526 4574 2081 4574 3527 4574 2081 4575 2080 4575 3527 4575 3527 4576 2080 4576 3528 4576 2080 4577 2079 4577 3528 4577 3528 4578 2079 4578 3529 4578 2079 4579 2078 4579 3529 4579 3529 4580 2078 4580 3530 4580 2078 4581 2077 4581 3530 4581 3530 4582 2077 4582 3531 4582 2077 4583 2076 4583 3531 4583 3531 4584 2076 4584 3532 4584 2076 4585 2075 4585 3532 4585 3532 4586 2075 4586 3533 4586 2075 4587 2074 4587 3533 4587 3533 4588 2074 4588 3534 4588 2074 4589 2073 4589 3534 4589 3534 4590 2073 4590 3535 4590 2073 4591 2072 4591 3535 4591 3535 4592 2072 4592 3536 4592 2072 4593 2070 4593 3536 4593 2070 4594 2069 4594 3536 4594 3536 4595 2069 4595 3537 4595 2069 4596 2129 4596 3537 4596 3537 4597 2129 4597 3538 4597 3538 4598 2129 4598 3494 4598 2129 4599 2128 4599 3494 4599 3494 4600 2128 4600 2127 4600 3539 4601 3540 4601 2101 4601 3540 4602 3541 4602 2101 4602 2101 4603 3541 4603 3494 4603 2101 4604 2100 4604 3539 4604 2100 4605 2103 4605 3539 4605 3539 4606 2103 4606 3542 4606 3542 4607 2103 4607 3543 4607 2103 4608 2126 4608 3543 4608 3543 4609 2126 4609 3544 4609 2126 4610 2125 4610 3544 4610 3544 4611 2125 4611 3545 4611 2125 4612 2124 4612 3545 4612 3545 4613 2124 4613 3546 4613 2124 4614 2123 4614 3546 4614 3546 4615 2123 4615 3547 4615 2123 4616 2122 4616 3547 4616 3547 4617 2122 4617 3548 4617 2122 4618 2121 4618 3548 4618 3548 4619 2121 4619 3549 4619 2121 4620 2120 4620 3549 4620 3549 4621 2120 4621 3550 4621 2120 4622 2119 4622 3550 4622 3550 4623 2119 4623 3551 4623 2119 4624 2115 4624 3551 4624 3551 4625 2115 4625 3552 4625 2115 4626 2114 4626 3552 4626 3552 4627 2114 4627 3553 4627 2114 4628 2118 4628 3553 4628 3553 4629 2118 4629 3554 4629 2118 4630 2117 4630 3554 4630 3554 4631 2117 4631 3555 4631 2117 4632 2116 4632 3555 4632 3555 4633 2116 4633 3556 4633 2116 4634 2113 4634 3556 4634 2113 4635 2112 4635 3556 4635 3556 4636 2112 4636 3557 4636 2112 4637 2111 4637 3557 4637 3557 4638 2111 4638 3558 4638 2111 4639 2110 4639 3558 4639 3558 4640 2110 4640 3559 4640 2110 4641 2109 4641 3559 4641 3559 4642 2109 4642 3560 4642 2109 4643 2108 4643 3560 4643 3560 4644 2108 4644 3561 4644 2108 4645 2107 4645 3561 4645 3561 4646 2107 4646 3562 4646 3562 4647 2107 4647 3563 4647 2107 4648 2105 4648 3563 4648 3563 4649 2105 4649 3564 4649 2105 4650 2104 4650 3564 4650 2104 4651 2171 4651 3564 4651 3564 4652 2171 4652 3565 4652 2171 4653 2170 4653 3565 4653 3565 4654 2170 4654 3566 4654 2170 4655 2169 4655 3566 4655 3566 4656 2169 4656 3567 4656 2169 4657 2168 4657 3567 4657 3567 4658 2168 4658 3568 4658 2168 4659 2167 4659 3568 4659 3568 4660 2167 4660 3569 4660 2167 4661 2166 4661 3569 4661 3569 4662 2166 4662 3570 4662 2166 4663 2165 4663 3570 4663 3570 4664 2165 4664 3571 4664 2165 4665 2164 4665 3571 4665 3571 4666 2164 4666 3572 4666 2164 4667 2163 4667 3572 4667 3572 4668 2163 4668 3573 4668 2163 4669 2162 4669 3573 4669 3573 4670 2162 4670 3574 4670 2162 4671 2161 4671 3574 4671 3574 4672 2161 4672 3575 4672 2161 4673 2160 4673 3575 4673 3575 4674 2160 4674 3576 4674 2160 4675 2159 4675 3576 4675 3576 4676 2159 4676 3577 4676 2159 4677 2158 4677 3577 4677 3577 4678 2158 4678 3578 4678 2158 4679 2157 4679 3578 4679 3578 4680 2157 4680 3579 4680 2157 4681 2156 4681 3579 4681 3579 4682 2156 4682 3580 4682 3580 4683 2156 4683 3581 4683 2156 4684 2155 4684 3581 4684 3581 4685 2155 4685 3582 4685 2155 4686 2154 4686 3582 4686 3582 4687 2154 4687 3583 4687 2154 4688 2149 4688 3583 4688 3583 4689 2149 4689 3584 4689 2149 4690 2148 4690 3584 4690 3584 4691 2148 4691 3585 4691 2148 4692 2153 4692 3585 4692 3585 4693 2153 4693 3586 4693 2153 4694 2152 4694 3586 4694 3586 4695 2152 4695 3587 4695 2152 4696 2151 4696 3587 4696 3587 4697 2151 4697 3588 4697 2151 4698 2147 4698 3588 4698 3588 4699 2147 4699 3589 4699 2147 4700 2146 4700 3589 4700 3589 4701 2146 4701 3590 4701 2146 4702 2145 4702 3590 4702 3590 4703 2145 4703 3591 4703 2145 4704 2144 4704 3591 4704 3591 4705 2144 4705 3592 4705 2144 4706 2143 4706 3592 4706 3592 4707 2143 4707 3593 4707 2143 4708 2142 4708 3593 4708 3593 4709 2142 4709 3594 4709 2142 4710 2141 4710 3594 4710 3594 4711 2141 4711 3595 4711 2141 4712 2140 4712 3595 4712 3595 4713 2140 4713 3596 4713 2140 4714 2139 4714 3596 4714 2139 4715 2131 4715 3596 4715 3596 4716 2131 4716 3597 4716 2131 4717 2130 4717 3597 4717 3597 4718 2130 4718 3598 4718 2130 4719 2135 4719 3598 4719 3598 4720 2135 4720 3599 4720 2135 4721 2134 4721 3599 4721 3599 4722 2134 4722 3600 4722 2134 4723 2133 4723 3600 4723 3600 4724 2133 4724 3601 4724 2133 4725 2138 4725 3601 4725 3601 4726 2138 4726 3602 4726 3602 4727 2138 4727 3603 4727 2138 4728 2137 4728 3603 4728 3603 4729 2137 4729 3604 4729 2137 4730 2136 4730 3604 4730 3604 4731 2136 4731 3605 4731 2136 4732 2068 4732 3605 4732 3605 4733 2068 4733 3606 4733 2068 4734 2067 4734 3606 4734 3606 4735 2067 4735 3607 4735 2067 4736 2066 4736 3607 4736 3607 4737 2066 4737 3608 4737 2066 4738 2065 4738 3608 4738 3608 4739 2065 4739 3609 4739 2065 4740 2064 4740 3609 4740 3609 4741 2064 4741 3610 4741 2064 4742 2063 4742 3610 4742 3610 4743 2063 4743 3611 4743 2063 4744 2062 4744 3611 4744 3611 4745 2062 4745 3612 4745 2062 4746 2061 4746 3612 4746 3612 4747 2061 4747 3613 4747 2061 4748 2060 4748 3613 4748 3613 4749 2060 4749 3614 4749 2060 4750 2056 4750 3614 4750 3614 4751 2056 4751 3615 4751 2056 4752 2058 4752 3615 4752 3615 4753 2058 4753 3495 4753 2058 4754 2059 4754 3495 4754 3495 4755 2059 4755 2055 4755 1399 4756 3616 4756 1400 4756 3616 4757 3617 4757 1400 4757 1400 4758 3617 4758 1401 4758 3617 4759 3618 4759 1401 4759 1401 4760 3618 4760 1402 4760 3618 4761 3619 4761 1402 4761 1402 4762 3619 4762 1403 4762 3619 4763 3620 4763 1403 4763 1403 4764 3620 4764 1404 4764 3620 4765 3621 4765 1404 4765 1404 4766 3621 4766 1376 4766 3621 4767 3622 4767 1376 4767 1376 4768 3622 4768 1432 4768 3622 4769 3623 4769 1432 4769 1432 4770 3623 4770 1366 4770 3623 4771 3624 4771 1366 4771 1366 4772 3624 4772 1361 4772 3624 4773 3625 4773 1361 4773 1361 4774 3625 4774 1363 4774 3625 4775 3626 4775 1363 4775 1363 4776 3626 4776 1459 4776 3626 4777 3627 4777 1459 4777 1459 4778 3627 4778 1428 4778 3627 4779 3628 4779 1428 4779 1428 4780 3628 4780 1429 4780 3628 4781 3629 4781 1429 4781 1429 4782 3629 4782 1454 4782 3629 4783 3630 4783 1454 4783 1454 4784 3630 4784 1492 4784 3630 4785 3631 4785 1492 4785 1492 4786 3631 4786 1490 4786 3631 4787 3632 4787 1490 4787 1490 4788 3632 4788 1333 4788 3632 4789 3633 4789 1333 4789 1333 4790 3633 4790 1421 4790 3633 4791 3634 4791 1421 4791 1421 4792 3634 4792 1419 4792 3634 4793 3635 4793 1419 4793 1419 4794 3635 4794 1417 4794 3635 4795 3636 4795 1417 4795 1417 4796 3636 4796 1415 4796 3636 4797 3637 4797 1415 4797 1415 4798 3637 4798 1395 4798 3637 4799 3638 4799 1395 4799 1395 4800 3638 4800 1392 4800 3638 4801 3639 4801 1392 4801 1392 4802 3639 4802 1389 4802 3639 4803 3640 4803 1389 4803 1389 4804 3640 4804 1357 4804 3640 4805 3641 4805 1357 4805 1357 4806 3641 4806 1352 4806 3641 4807 3642 4807 1352 4807 1352 4808 3642 4808 1354 4808 3642 4809 3643 4809 1354 4809 1354 4810 3643 4810 1481 4810 3643 4811 3644 4811 1481 4811 1481 4812 3644 4812 1503 4812 3644 4813 3645 4813 1503 4813 1503 4814 3645 4814 1448 4814 3645 4815 3646 4815 1448 4815 1448 4816 3646 4816 1267 4816 3646 4817 3647 4817 1267 4817 1267 4818 3647 4818 1320 4818 3647 4819 3648 4819 1320 4819 1320 4820 3648 4820 1318 4820 3648 4821 3649 4821 1318 4821 1318 4822 3649 4822 1316 4822 3649 4823 3650 4823 1316 4823 1316 4824 3650 4824 1314 4824 3650 4825 3651 4825 1314 4825 1314 4826 3651 4826 1312 4826 3651 4827 3652 4827 1312 4827 1312 4828 3652 4828 1310 4828 3652 4829 3653 4829 1310 4829 1310 4830 3653 4830 1308 4830 3653 4831 3654 4831 1308 4831 1308 4832 3654 4832 1306 4832 3654 4833 3655 4833 1306 4833 1306 4834 3655 4834 1304 4834 3655 4835 3656 4835 1304 4835 1304 4836 3656 4836 1284 4836 3656 4837 3657 4837 1284 4837 1284 4838 3657 4838 1281 4838 3657 4839 3658 4839 1281 4839 1281 4840 3658 4840 1277 4840 3658 4841 3659 4841 1277 4841 1277 4842 3659 4842 1261 4842 3659 4843 3660 4843 1261 4843 1261 4844 3660 4844 1263 4844 3660 4845 3661 4845 1263 4845 1263 4846 3661 4846 1258 4846 3661 4847 3662 4847 1258 4847 1258 4848 3662 4848 1245 4848 3662 4849 3663 4849 1245 4849 1245 4850 3663 4850 1247 4850 3663 4851 3664 4851 1247 4851 1247 4852 3664 4852 1229 4852 3664 4853 3665 4853 1229 4853 1229 4854 3665 4854 1230 4854 3665 4855 3666 4855 1230 4855 1230 4856 3666 4856 1241 4856 3666 4857 3667 4857 1241 4857 1241 4858 3667 4858 1239 4858 3667 4859 3668 4859 1239 4859 1239 4860 3668 4860 1237 4860 3668 4861 3669 4861 1237 4861 1237 4862 3669 4862 1235 4862 3669 4863 3670 4863 1235 4863 1235 4864 3670 4864 1234 4864 3670 4865 3671 4865 1234 4865 1234 4866 3671 4866 1341 4866 3671 4867 3672 4867 1341 4867 1341 4868 3672 4868 1340 4868 3672 4869 3673 4869 1340 4869 1340 4870 3673 4870 1254 4870 3673 4871 3674 4871 1254 4871 1254 4872 3674 4872 1255 4872 3674 4873 3675 4873 1255 4873 1255 4874 3675 4874 1253 4874 3675 4875 3676 4875 1253 4875 1253 4876 3676 4876 1252 4876 3676 4877 3677 4877 1252 4877 1252 4878 3677 4878 1224 4878 3677 4879 3678 4879 1224 4879 1224 4880 3678 4880 1225 4880 3678 4881 3679 4881 1225 4881 1225 4882 3679 4882 1226 4882 3679 4883 3680 4883 1226 4883 1226 4884 3680 4884 1228 4884 3680 4885 3681 4885 1228 4885 1228 4886 3681 4886 1227 4886 3681 4887 3682 4887 1227 4887 1227 4888 3682 4888 1339 4888 3682 4889 3683 4889 1339 4889 1339 4890 3683 4890 1294 4890 3683 4891 3684 4891 1294 4891 1294 4892 3684 4892 1396 4892 3684 4893 3685 4893 1396 4893 1396 4894 3685 4894 1397 4894 3685 4895 3686 4895 1397 4895 1397 4896 3686 4896 1398 4896 3686 4897 3687 4897 1398 4897 1398 4898 3687 4898 1399 4898 3687 4899 3616 4899 1399 4899 3687 4900 3688 4900 3616 4900 3688 4901 3689 4901 3616 4901 3616 4902 3689 4902 3617 4902 3689 4903 3690 4903 3617 4903 3617 4904 3690 4904 3618 4904 3690 4905 3691 4905 3618 4905 3618 4906 3691 4906 3619 4906 3691 4907 3692 4907 3619 4907 3619 4908 3692 4908 3620 4908 3692 4909 3693 4909 3620 4909 3620 4910 3693 4910 3621 4910 3693 4911 3694 4911 3621 4911 3621 4912 3694 4912 3622 4912 3694 4913 3695 4913 3622 4913 3622 4914 3695 4914 3623 4914 3695 4915 3696 4915 3623 4915 3623 4916 3696 4916 3624 4916 3696 4917 3697 4917 3624 4917 3624 4918 3697 4918 3625 4918 3697 4919 3698 4919 3625 4919 3625 4920 3698 4920 3626 4920 3698 4921 3699 4921 3626 4921 3626 4922 3699 4922 3627 4922 3699 4923 3700 4923 3627 4923 3627 4924 3700 4924 3628 4924 3700 4925 3701 4925 3628 4925 3628 4926 3701 4926 3629 4926 3701 4927 3702 4927 3629 4927 3629 4928 3702 4928 3630 4928 3702 4929 3703 4929 3630 4929 3630 4930 3703 4930 3631 4930 3703 4931 3704 4931 3631 4931 3631 4932 3704 4932 3632 4932 3704 4933 3705 4933 3632 4933 3632 4934 3705 4934 3633 4934 3705 4935 3706 4935 3633 4935 3633 4936 3706 4936 3634 4936 3706 4937 3707 4937 3634 4937 3634 4938 3707 4938 3635 4938 3707 4939 3708 4939 3635 4939 3635 4940 3708 4940 3636 4940 3708 4941 3709 4941 3636 4941 3636 4942 3709 4942 3637 4942 3709 4943 3710 4943 3637 4943 3637 4944 3710 4944 3638 4944 3710 4945 3711 4945 3638 4945 3638 4946 3711 4946 3639 4946 3711 4947 3712 4947 3639 4947 3639 4948 3712 4948 3640 4948 3712 4949 3713 4949 3640 4949 3640 4950 3713 4950 3641 4950 3713 4951 3714 4951 3641 4951 3641 4952 3714 4952 3642 4952 3714 4953 3715 4953 3642 4953 3642 4954 3715 4954 3643 4954 3715 4955 3716 4955 3643 4955 3643 4956 3716 4956 3644 4956 3716 4957 3717 4957 3644 4957 3644 4958 3717 4958 3645 4958 3717 4959 3718 4959 3645 4959 3645 4960 3718 4960 3646 4960 3718 4961 3719 4961 3646 4961 3646 4962 3719 4962 3647 4962 3719 4963 3720 4963 3647 4963 3647 4964 3720 4964 3648 4964 3720 4965 3721 4965 3648 4965 3648 4966 3721 4966 3649 4966 3721 4967 3722 4967 3649 4967 3649 4968 3722 4968 3650 4968 3722 4969 3723 4969 3650 4969 3650 4970 3723 4970 3651 4970 3723 4971 3724 4971 3651 4971 3651 4972 3724 4972 3652 4972 3724 4973 3725 4973 3652 4973 3652 4974 3725 4974 3653 4974 3725 4975 3726 4975 3653 4975 3653 4976 3726 4976 3654 4976 3726 4977 3727 4977 3654 4977 3654 4978 3727 4978 3655 4978 3727 4979 3728 4979 3655 4979 3655 4980 3728 4980 3656 4980 3728 4981 3729 4981 3656 4981 3656 4982 3729 4982 3657 4982 3729 4983 3730 4983 3657 4983 3657 4984 3730 4984 3658 4984 3730 4985 3731 4985 3658 4985 3658 4986 3731 4986 3659 4986 3731 4987 3732 4987 3659 4987 3659 4988 3732 4988 3660 4988 3732 4989 3733 4989 3660 4989 3660 4990 3733 4990 3661 4990 3733 4991 3734 4991 3661 4991 3661 4992 3734 4992 3662 4992 3734 4993 3735 4993 3662 4993 3662 4994 3735 4994 3663 4994 3735 4995 3736 4995 3663 4995 3663 4996 3736 4996 3664 4996 3736 4997 3737 4997 3664 4997 3664 4998 3737 4998 3665 4998 3737 4999 3738 4999 3665 4999 3665 5000 3738 5000 3666 5000 3738 5001 3739 5001 3666 5001 3666 5002 3739 5002 3667 5002 3739 5003 3740 5003 3667 5003 3667 5004 3740 5004 3668 5004 3740 5005 3741 5005 3668 5005 3668 5006 3741 5006 3669 5006 3741 5007 3742 5007 3669 5007 3669 5008 3742 5008 3670 5008 3742 5009 3743 5009 3670 5009 3670 5010 3743 5010 3671 5010 3743 5011 3744 5011 3671 5011 3671 5012 3744 5012 3672 5012 3744 5013 3745 5013 3672 5013 3672 5014 3745 5014 3673 5014 3745 5015 3746 5015 3673 5015 3673 5016 3746 5016 3674 5016 3746 5017 3747 5017 3674 5017 3674 5018 3747 5018 3675 5018 3747 5019 3748 5019 3675 5019 3675 5020 3748 5020 3676 5020 3748 5021 3749 5021 3676 5021 3676 5022 3749 5022 3677 5022 3749 5023 3750 5023 3677 5023 3677 5024 3750 5024 3678 5024 3750 5025 3751 5025 3678 5025 3678 5026 3751 5026 3679 5026 3751 5027 3752 5027 3679 5027 3679 5028 3752 5028 3680 5028 3752 5029 3753 5029 3680 5029 3680 5030 3753 5030 3681 5030 3753 5031 3754 5031 3681 5031 3681 5032 3754 5032 3682 5032 3754 5033 3755 5033 3682 5033 3682 5034 3755 5034 3683 5034 3755 5035 3756 5035 3683 5035 3683 5036 3756 5036 3684 5036 3756 5037 3757 5037 3684 5037 3684 5038 3757 5038 3685 5038 3757 5039 3758 5039 3685 5039 3685 5040 3758 5040 3686 5040 3758 5041 3759 5041 3686 5041 3686 5042 3759 5042 3687 5042 3759 5043 3688 5043 3687 5043 3759 5044 3760 5044 3688 5044 3760 5045 3761 5045 3688 5045 3688 5046 3761 5046 3689 5046 3761 5047 3762 5047 3689 5047 3689 5048 3762 5048 3690 5048 3762 5049 3763 5049 3690 5049 3690 5050 3763 5050 3691 5050 3763 5051 3764 5051 3691 5051 3691 5052 3764 5052 3692 5052 3764 5053 3765 5053 3692 5053 3692 5054 3765 5054 3693 5054 3765 5055 3766 5055 3693 5055 3693 5056 3766 5056 3694 5056 3766 5057 3767 5057 3694 5057 3694 5058 3767 5058 3695 5058 3767 5059 3768 5059 3695 5059 3695 5060 3768 5060 3696 5060 3768 5061 3769 5061 3696 5061 3696 5062 3769 5062 3697 5062 3769 5063 3770 5063 3697 5063 3697 5064 3770 5064 3698 5064 3770 5065 3771 5065 3698 5065 3698 5066 3771 5066 3699 5066 3771 5067 3772 5067 3699 5067 3699 5068 3772 5068 3700 5068 3772 5069 3773 5069 3700 5069 3700 5070 3773 5070 3701 5070 3773 5071 3774 5071 3701 5071 3701 5072 3774 5072 3702 5072 3774 5073 3775 5073 3702 5073 3702 5074 3775 5074 3703 5074 3775 5075 3776 5075 3703 5075 3703 5076 3776 5076 3704 5076 3776 5077 3777 5077 3704 5077 3704 5078 3777 5078 3705 5078 3777 5079 3778 5079 3705 5079 3705 5080 3778 5080 3706 5080 3778 5081 3779 5081 3706 5081 3706 5082 3779 5082 3707 5082 3779 5083 3780 5083 3707 5083 3707 5084 3780 5084 3708 5084 3780 5085 3781 5085 3708 5085 3708 5086 3781 5086 3709 5086 3781 5087 3782 5087 3709 5087 3709 5088 3782 5088 3710 5088 3782 5089 3783 5089 3710 5089 3710 5090 3783 5090 3711 5090 3783 5091 3784 5091 3711 5091 3711 5092 3784 5092 3712 5092 3784 5093 3785 5093 3712 5093 3712 5094 3785 5094 3713 5094 3785 5095 3786 5095 3713 5095 3713 5096 3786 5096 3714 5096 3786 5097 3787 5097 3714 5097 3714 5098 3787 5098 3715 5098 3787 5099 3788 5099 3715 5099 3715 5100 3788 5100 3716 5100 3788 5101 3789 5101 3716 5101 3716 5102 3789 5102 3717 5102 3789 5103 3790 5103 3717 5103 3717 5104 3790 5104 3718 5104 3790 5105 3791 5105 3718 5105 3718 5106 3791 5106 3719 5106 3791 5107 3792 5107 3719 5107 3719 5108 3792 5108 3720 5108 3792 5109 3793 5109 3720 5109 3720 5110 3793 5110 3721 5110 3793 5111 3794 5111 3721 5111 3721 5112 3794 5112 3722 5112 3794 5113 3795 5113 3722 5113 3722 5114 3795 5114 3723 5114 3795 5115 3796 5115 3723 5115 3723 5116 3796 5116 3724 5116 3796 5117 3797 5117 3724 5117 3724 5118 3797 5118 3725 5118 3797 5119 3798 5119 3725 5119 3725 5120 3798 5120 3726 5120 3798 5121 3799 5121 3726 5121 3726 5122 3799 5122 3727 5122 3799 5123 3800 5123 3727 5123 3727 5124 3800 5124 3728 5124 3800 5125 3801 5125 3728 5125 3728 5126 3801 5126 3729 5126 3801 5127 3802 5127 3729 5127 3729 5128 3802 5128 3730 5128 3802 5129 3803 5129 3730 5129 3730 5130 3803 5130 3731 5130 3803 5131 3804 5131 3731 5131 3731 5132 3804 5132 3732 5132 3804 5133 3805 5133 3732 5133 3732 5134 3805 5134 3733 5134 3805 5135 3806 5135 3733 5135 3733 5136 3806 5136 3734 5136 3806 5137 3807 5137 3734 5137 3734 5138 3807 5138 3735 5138 3807 5139 3808 5139 3735 5139 3735 5140 3808 5140 3736 5140 3808 5141 3809 5141 3736 5141 3736 5142 3809 5142 3737 5142 3809 5143 3810 5143 3737 5143 3737 5144 3810 5144 3738 5144 3810 5145 3811 5145 3738 5145 3738 5146 3811 5146 3739 5146 3811 5147 3812 5147 3739 5147 3739 5148 3812 5148 3740 5148 3812 5149 3813 5149 3740 5149 3740 5150 3813 5150 3741 5150 3813 5151 3814 5151 3741 5151 3741 5152 3814 5152 3742 5152 3814 5153 3815 5153 3742 5153 3742 5154 3815 5154 3743 5154 3815 5155 3816 5155 3743 5155 3743 5156 3816 5156 3744 5156 3816 5157 3817 5157 3744 5157 3744 5158 3817 5158 3745 5158 3817 5159 3818 5159 3745 5159 3745 5160 3818 5160 3746 5160 3818 5161 3819 5161 3746 5161 3746 5162 3819 5162 3747 5162 3819 5163 3820 5163 3747 5163 3747 5164 3820 5164 3748 5164 3820 5165 3821 5165 3748 5165 3748 5166 3821 5166 3749 5166 3821 5167 3822 5167 3749 5167 3749 5168 3822 5168 3750 5168 3822 5169 3823 5169 3750 5169 3750 5170 3823 5170 3751 5170 3823 5171 3824 5171 3751 5171 3751 5172 3824 5172 3752 5172 3824 5173 3825 5173 3752 5173 3752 5174 3825 5174 3753 5174 3825 5175 3826 5175 3753 5175 3753 5176 3826 5176 3754 5176 3826 5177 3827 5177 3754 5177 3754 5178 3827 5178 3755 5178 3827 5179 3828 5179 3755 5179 3755 5180 3828 5180 3756 5180 3828 5181 3829 5181 3756 5181 3756 5182 3829 5182 3757 5182 3829 5183 3830 5183 3757 5183 3757 5184 3830 5184 3758 5184 3830 5185 3831 5185 3758 5185 3758 5186 3831 5186 3759 5186 3831 5187 3760 5187 3759 5187 3831 5188 3832 5188 3760 5188 3832 5189 3833 5189 3760 5189 3760 5190 3833 5190 3761 5190 3833 5191 3834 5191 3761 5191 3761 5192 3834 5192 3762 5192 3834 5193 3835 5193 3762 5193 3762 5194 3835 5194 3763 5194 3835 5195 3836 5195 3763 5195 3763 5196 3836 5196 3764 5196 3836 5197 3837 5197 3764 5197 3764 5198 3837 5198 3765 5198 3837 5199 3838 5199 3765 5199 3765 5200 3838 5200 3766 5200 3838 5201 3839 5201 3766 5201 3766 5202 3839 5202 3767 5202 3839 5203 3840 5203 3767 5203 3767 5204 3840 5204 3768 5204 3840 5205 3841 5205 3768 5205 3768 5206 3841 5206 3769 5206 3841 5207 3842 5207 3769 5207 3769 5208 3842 5208 3770 5208 3842 5209 3843 5209 3770 5209 3770 5210 3843 5210 3771 5210 3843 5211 3844 5211 3771 5211 3771 5212 3844 5212 3772 5212 3844 5213 3845 5213 3772 5213 3772 5214 3845 5214 3773 5214 3845 5215 3846 5215 3773 5215 3773 5216 3846 5216 3774 5216 3846 5217 3847 5217 3774 5217 3774 5218 3847 5218 3775 5218 3847 5219 3848 5219 3775 5219 3775 5220 3848 5220 3776 5220 3848 5221 3849 5221 3776 5221 3776 5222 3849 5222 3777 5222 3849 5223 3850 5223 3777 5223 3777 5224 3850 5224 3778 5224 3850 5225 3851 5225 3778 5225 3778 5226 3851 5226 3779 5226 3851 5227 3852 5227 3779 5227 3779 5228 3852 5228 3780 5228 3852 5229 3853 5229 3780 5229 3780 5230 3853 5230 3781 5230 3853 5231 3854 5231 3781 5231 3781 5232 3854 5232 3782 5232 3854 5233 3855 5233 3782 5233 3782 5234 3855 5234 3783 5234 3855 5235 3856 5235 3783 5235 3783 5236 3856 5236 3784 5236 3856 5237 3857 5237 3784 5237 3784 5238 3857 5238 3785 5238 3857 5239 3858 5239 3785 5239 3785 5240 3858 5240 3786 5240 3858 5241 3859 5241 3786 5241 3786 5242 3859 5242 3787 5242 3859 5243 3860 5243 3787 5243 3787 5244 3860 5244 3788 5244 3860 5245 3861 5245 3788 5245 3788 5246 3861 5246 3789 5246 3861 5247 3862 5247 3789 5247 3789 5248 3862 5248 3790 5248 3862 5249 3863 5249 3790 5249 3790 5250 3863 5250 3791 5250 3863 5251 3864 5251 3791 5251 3791 5252 3864 5252 3792 5252 3864 5253 3865 5253 3792 5253 3792 5254 3865 5254 3793 5254 3865 5255 3866 5255 3793 5255 3793 5256 3866 5256 3794 5256 3866 5257 3867 5257 3794 5257 3794 5258 3867 5258 3795 5258 3867 5259 3868 5259 3795 5259 3795 5260 3868 5260 3796 5260 3868 5261 3869 5261 3796 5261 3796 5262 3869 5262 3797 5262 3869 5263 3870 5263 3797 5263 3797 5264 3870 5264 3798 5264 3870 5265 3871 5265 3798 5265 3798 5266 3871 5266 3799 5266 3871 5267 3872 5267 3799 5267 3799 5268 3872 5268 3800 5268 3872 5269 3873 5269 3800 5269 3800 5270 3873 5270 3801 5270 3873 5271 3874 5271 3801 5271 3801 5272 3874 5272 3802 5272 3874 5273 3875 5273 3802 5273 3802 5274 3875 5274 3803 5274 3875 5275 3876 5275 3803 5275 3803 5276 3876 5276 3804 5276 3876 5277 3877 5277 3804 5277 3804 5278 3877 5278 3805 5278 3877 5279 3878 5279 3805 5279 3805 5280 3878 5280 3806 5280 3878 5281 3879 5281 3806 5281 3806 5282 3879 5282 3807 5282 3879 5283 3880 5283 3807 5283 3807 5284 3880 5284 3808 5284 3880 5285 3881 5285 3808 5285 3808 5286 3881 5286 3809 5286 3881 5287 3882 5287 3809 5287 3809 5288 3882 5288 3810 5288 3882 5289 3883 5289 3810 5289 3810 5290 3883 5290 3811 5290 3883 5291 3884 5291 3811 5291 3811 5292 3884 5292 3812 5292 3884 5293 3885 5293 3812 5293 3812 5294 3885 5294 3813 5294 3885 5295 3886 5295 3813 5295 3813 5296 3886 5296 3814 5296 3886 5297 3887 5297 3814 5297 3814 5298 3887 5298 3815 5298 3887 5299 3888 5299 3815 5299 3815 5300 3888 5300 3816 5300 3888 5301 3889 5301 3816 5301 3816 5302 3889 5302 3817 5302 3889 5303 3890 5303 3817 5303 3817 5304 3890 5304 3818 5304 3890 5305 3891 5305 3818 5305 3818 5306 3891 5306 3819 5306 3891 5307 3892 5307 3819 5307 3819 5308 3892 5308 3820 5308 3892 5309 3893 5309 3820 5309 3820 5310 3893 5310 3821 5310 3893 5311 3894 5311 3821 5311 3821 5312 3894 5312 3822 5312 3894 5313 3895 5313 3822 5313 3822 5314 3895 5314 3823 5314 3895 5315 3896 5315 3823 5315 3823 5316 3896 5316 3824 5316 3896 5317 3897 5317 3824 5317 3824 5318 3897 5318 3825 5318 3897 5319 3898 5319 3825 5319 3825 5320 3898 5320 3826 5320 3898 5321 3899 5321 3826 5321 3826 5322 3899 5322 3827 5322 3899 5323 3900 5323 3827 5323 3827 5324 3900 5324 3828 5324 3900 5325 3901 5325 3828 5325 3828 5326 3901 5326 3829 5326 3901 5327 3902 5327 3829 5327 3829 5328 3902 5328 3830 5328 3902 5329 3903 5329 3830 5329 3830 5330 3903 5330 3831 5330 3903 5331 3832 5331 3831 5331 3903 5332 3904 5332 3832 5332 3904 5333 3905 5333 3832 5333 3832 5334 3905 5334 3833 5334 3905 5335 3906 5335 3833 5335 3833 5336 3906 5336 3834 5336 3906 5337 3907 5337 3834 5337 3834 5338 3907 5338 3835 5338 3907 5339 3908 5339 3835 5339 3835 5340 3908 5340 3836 5340 3908 5341 3909 5341 3836 5341 3836 5342 3909 5342 3837 5342 3909 5343 3910 5343 3837 5343 3837 5344 3910 5344 3838 5344 3910 5345 3911 5345 3838 5345 3838 5346 3911 5346 3839 5346 3911 5347 3912 5347 3839 5347 3839 5348 3912 5348 3840 5348 3912 5349 3913 5349 3840 5349 3840 5350 3913 5350 3841 5350 3913 5351 3914 5351 3841 5351 3841 5352 3914 5352 3842 5352 3914 5353 3915 5353 3842 5353 3842 5354 3915 5354 3843 5354 3915 5355 3916 5355 3843 5355 3843 5356 3916 5356 3844 5356 3916 5357 3917 5357 3844 5357 3844 5358 3917 5358 3845 5358 3917 5359 3918 5359 3845 5359 3845 5360 3918 5360 3846 5360 3918 5361 3919 5361 3846 5361 3846 5362 3919 5362 3847 5362 3919 5363 3920 5363 3847 5363 3847 5364 3920 5364 3848 5364 3920 5365 3921 5365 3848 5365 3848 5366 3921 5366 3849 5366 3921 5367 3922 5367 3849 5367 3849 5368 3922 5368 3850 5368 3922 5369 3923 5369 3850 5369 3850 5370 3923 5370 3851 5370 3923 5371 3924 5371 3851 5371 3851 5372 3924 5372 3852 5372 3924 5373 3925 5373 3852 5373 3852 5374 3925 5374 3853 5374 3925 5375 3926 5375 3853 5375 3853 5376 3926 5376 3854 5376 3926 5377 3927 5377 3854 5377 3854 5378 3927 5378 3855 5378 3927 5379 3928 5379 3855 5379 3855 5380 3928 5380 3856 5380 3928 5381 3929 5381 3856 5381 3856 5382 3929 5382 3857 5382 3929 5383 3930 5383 3857 5383 3857 5384 3930 5384 3858 5384 3930 5385 3931 5385 3858 5385 3858 5386 3931 5386 3859 5386 3931 5387 3932 5387 3859 5387 3859 5388 3932 5388 3860 5388 3932 5389 3933 5389 3860 5389 3860 5390 3933 5390 3861 5390 3933 5391 3934 5391 3861 5391 3861 5392 3934 5392 3862 5392 3934 5393 3935 5393 3862 5393 3862 5394 3935 5394 3863 5394 3935 5395 3936 5395 3863 5395 3863 5396 3936 5396 3864 5396 3936 5397 3937 5397 3864 5397 3864 5398 3937 5398 3865 5398 3937 5399 3938 5399 3865 5399 3865 5400 3938 5400 3866 5400 3938 5401 3939 5401 3866 5401 3866 5402 3939 5402 3867 5402 3939 5403 3940 5403 3867 5403 3867 5404 3940 5404 3868 5404 3940 5405 3941 5405 3868 5405 3868 5406 3941 5406 3869 5406 3941 5407 3942 5407 3869 5407 3869 5408 3942 5408 3870 5408 3942 5409 3943 5409 3870 5409 3870 5410 3943 5410 3871 5410 3943 5411 3944 5411 3871 5411 3871 5412 3944 5412 3872 5412 3944 5413 3945 5413 3872 5413 3872 5414 3945 5414 3873 5414 3945 5415 3946 5415 3873 5415 3873 5416 3946 5416 3874 5416 3946 5417 3947 5417 3874 5417 3874 5418 3947 5418 3875 5418 3947 5419 3948 5419 3875 5419 3875 5420 3948 5420 3876 5420 3948 5421 3949 5421 3876 5421 3876 5422 3949 5422 3877 5422 3949 5423 3950 5423 3877 5423 3877 5424 3950 5424 3878 5424 3950 5425 3951 5425 3878 5425 3878 5426 3951 5426 3879 5426 3951 5427 3952 5427 3879 5427 3879 5428 3952 5428 3880 5428 3952 5429 3953 5429 3880 5429 3880 5430 3953 5430 3881 5430 3953 5431 3954 5431 3881 5431 3881 5432 3954 5432 3882 5432 3954 5433 3955 5433 3882 5433 3882 5434 3955 5434 3883 5434 3955 5435 3956 5435 3883 5435 3883 5436 3956 5436 3884 5436 3956 5437 3957 5437 3884 5437 3884 5438 3957 5438 3885 5438 3957 5439 3958 5439 3885 5439 3885 5440 3958 5440 3886 5440 3958 5441 3959 5441 3886 5441 3886 5442 3959 5442 3887 5442 3959 5443 3960 5443 3887 5443 3887 5444 3960 5444 3888 5444 3960 5445 3961 5445 3888 5445 3888 5446 3961 5446 3889 5446 3961 5447 3962 5447 3889 5447 3889 5448 3962 5448 3890 5448 3962 5449 3963 5449 3890 5449 3890 5450 3963 5450 3891 5450 3963 5451 3964 5451 3891 5451 3891 5452 3964 5452 3892 5452 3964 5453 3965 5453 3892 5453 3892 5454 3965 5454 3893 5454 3965 5455 3966 5455 3893 5455 3893 5456 3966 5456 3894 5456 3966 5457 3967 5457 3894 5457 3894 5458 3967 5458 3895 5458 3967 5459 3968 5459 3895 5459 3895 5460 3968 5460 3896 5460 3968 5461 3969 5461 3896 5461 3896 5462 3969 5462 3897 5462 3969 5463 3970 5463 3897 5463 3897 5464 3970 5464 3898 5464 3970 5465 3971 5465 3898 5465 3898 5466 3971 5466 3899 5466 3971 5467 3972 5467 3899 5467 3899 5468 3972 5468 3900 5468 3972 5469 3973 5469 3900 5469 3900 5470 3973 5470 3901 5470 3973 5471 3974 5471 3901 5471 3901 5472 3974 5472 3902 5472 3974 5473 3975 5473 3902 5473 3902 5474 3975 5474 3903 5474 3975 5475 3904 5475 3903 5475 3975 5476 3976 5476 3904 5476 3976 5477 3977 5477 3904 5477 3904 5478 3977 5478 3905 5478 3977 5479 3978 5479 3905 5479 3905 5480 3978 5480 3906 5480 3978 5481 3979 5481 3906 5481 3906 5482 3979 5482 3907 5482 3979 5483 3980 5483 3907 5483 3907 5484 3980 5484 3908 5484 3980 5485 3981 5485 3908 5485 3908 5486 3981 5486 3909 5486 3981 5487 3982 5487 3909 5487 3909 5488 3982 5488 3910 5488 3982 5489 3983 5489 3910 5489 3910 5490 3983 5490 3911 5490 3983 5491 3984 5491 3911 5491 3911 5492 3984 5492 3912 5492 3984 5493 3985 5493 3912 5493 3912 5494 3985 5494 3913 5494 3985 5495 3986 5495 3913 5495 3913 5496 3986 5496 3914 5496 3986 5497 3987 5497 3914 5497 3914 5498 3987 5498 3915 5498 3987 5499 3988 5499 3915 5499 3915 5500 3988 5500 3916 5500 3988 5501 3989 5501 3916 5501 3916 5502 3989 5502 3917 5502 3989 5503 3990 5503 3917 5503 3917 5504 3990 5504 3918 5504 3990 5505 3991 5505 3918 5505 3918 5506 3991 5506 3919 5506 3991 5507 3992 5507 3919 5507 3919 5508 3992 5508 3920 5508 3992 5509 3993 5509 3920 5509 3920 5510 3993 5510 3921 5510 3993 5511 3994 5511 3921 5511 3921 5512 3994 5512 3922 5512 3994 5513 3995 5513 3922 5513 3922 5514 3995 5514 3923 5514 3995 5515 3996 5515 3923 5515 3923 5516 3996 5516 3924 5516 3996 5517 3997 5517 3924 5517 3924 5518 3997 5518 3925 5518 3997 5519 3998 5519 3925 5519 3925 5520 3998 5520 3926 5520 3998 5521 3999 5521 3926 5521 3926 5522 3999 5522 3927 5522 3999 5523 4000 5523 3927 5523 3927 5524 4000 5524 3928 5524 4000 5525 4001 5525 3928 5525 3928 5526 4001 5526 3929 5526 4001 5527 4002 5527 3929 5527 3929 5528 4002 5528 3930 5528 4002 5529 4003 5529 3930 5529 3930 5530 4003 5530 3931 5530 4003 5531 4004 5531 3931 5531 3931 5532 4004 5532 3932 5532 4004 5533 4005 5533 3932 5533 3932 5534 4005 5534 3933 5534 4005 5535 4006 5535 3933 5535 3933 5536 4006 5536 3934 5536 4006 5537 4007 5537 3934 5537 3934 5538 4007 5538 3935 5538 4007 5539 4008 5539 3935 5539 3935 5540 4008 5540 3936 5540 4008 5541 4009 5541 3936 5541 3936 5542 4009 5542 3937 5542 4009 5543 4010 5543 3937 5543 3937 5544 4010 5544 3938 5544 4010 5545 4011 5545 3938 5545 3938 5546 4011 5546 3939 5546 4011 5547 4012 5547 3939 5547 3939 5548 4012 5548 3940 5548 4012 5549 4013 5549 3940 5549 3940 5550 4013 5550 3941 5550 4013 5551 4014 5551 3941 5551 3941 5552 4014 5552 3942 5552 4014 5553 4015 5553 3942 5553 3942 5554 4015 5554 3943 5554 4015 5555 4016 5555 3943 5555 3943 5556 4016 5556 3944 5556 4016 5557 4017 5557 3944 5557 3944 5558 4017 5558 3945 5558 4017 5559 4018 5559 3945 5559 3945 5560 4018 5560 3946 5560 4018 5561 4019 5561 3946 5561 3946 5562 4019 5562 3947 5562 4019 5563 4020 5563 3947 5563 3947 5564 4020 5564 3948 5564 4020 5565 4021 5565 3948 5565 3948 5566 4021 5566 3949 5566 4021 5567 4022 5567 3949 5567 3949 5568 4022 5568 3950 5568 4022 5569 4023 5569 3950 5569 3950 5570 4023 5570 3951 5570 4023 5571 4024 5571 3951 5571 3951 5572 4024 5572 3952 5572 4024 5573 4025 5573 3952 5573 3952 5574 4025 5574 3953 5574 4025 5575 4026 5575 3953 5575 3953 5576 4026 5576 3954 5576 4026 5577 4027 5577 3954 5577 3954 5578 4027 5578 3955 5578 4027 5579 4028 5579 3955 5579 3955 5580 4028 5580 3956 5580 4028 5581 4029 5581 3956 5581 3956 5582 4029 5582 3957 5582 4029 5583 4030 5583 3957 5583 3957 5584 4030 5584 3958 5584 4030 5585 4031 5585 3958 5585 3958 5586 4031 5586 3959 5586 4031 5587 4032 5587 3959 5587 3959 5588 4032 5588 3960 5588 4032 5589 4033 5589 3960 5589 3960 5590 4033 5590 3961 5590 4033 5591 4034 5591 3961 5591 3961 5592 4034 5592 3962 5592 4034 5593 4035 5593 3962 5593 3962 5594 4035 5594 3963 5594 4035 5595 4036 5595 3963 5595 3963 5596 4036 5596 3964 5596 4036 5597 4037 5597 3964 5597 3964 5598 4037 5598 3965 5598 4037 5599 4038 5599 3965 5599 3965 5600 4038 5600 3966 5600 4038 5601 4039 5601 3966 5601 3966 5602 4039 5602 3967 5602 4039 5603 4040 5603 3967 5603 3967 5604 4040 5604 3968 5604 4040 5605 4041 5605 3968 5605 3968 5606 4041 5606 3969 5606 4041 5607 4042 5607 3969 5607 3969 5608 4042 5608 3970 5608 4042 5609 4043 5609 3970 5609 3970 5610 4043 5610 3971 5610 4043 5611 4044 5611 3971 5611 3971 5612 4044 5612 3972 5612 4044 5613 4045 5613 3972 5613 3972 5614 4045 5614 3973 5614 4045 5615 4046 5615 3973 5615 3973 5616 4046 5616 3974 5616 4046 5617 4047 5617 3974 5617 3974 5618 4047 5618 3975 5618 4047 5619 3976 5619 3975 5619 4047 5620 4048 5620 3976 5620 4048 5621 4049 5621 3976 5621 3976 5622 4049 5622 3977 5622 4049 5623 4050 5623 3977 5623 3977 5624 4050 5624 3978 5624 4050 5625 4051 5625 3978 5625 3978 5626 4051 5626 3979 5626 4051 5627 4052 5627 3979 5627 3979 5628 4052 5628 3980 5628 4052 5629 4053 5629 3980 5629 3980 5630 4053 5630 3981 5630 4053 5631 4054 5631 3981 5631 3981 5632 4054 5632 3982 5632 4054 5633 4055 5633 3982 5633 3982 5634 4055 5634 3983 5634 4055 5635 4056 5635 3983 5635 3983 5636 4056 5636 3984 5636 4056 5637 4057 5637 3984 5637 3984 5638 4057 5638 3985 5638 4057 5639 4058 5639 3985 5639 3985 5640 4058 5640 3986 5640 4058 5641 4059 5641 3986 5641 3986 5642 4059 5642 3987 5642 4059 5643 4060 5643 3987 5643 3987 5644 4060 5644 3988 5644 4060 5645 4061 5645 3988 5645 3988 5646 4061 5646 3989 5646 4061 5647 4062 5647 3989 5647 3989 5648 4062 5648 3990 5648 4062 5649 4063 5649 3990 5649 3990 5650 4063 5650 3991 5650 4063 5651 4064 5651 3991 5651 3991 5652 4064 5652 3992 5652 4064 5653 4065 5653 3992 5653 3992 5654 4065 5654 3993 5654 4065 5655 4066 5655 3993 5655 3993 5656 4066 5656 3994 5656 4066 5657 4067 5657 3994 5657 3994 5658 4067 5658 3995 5658 4067 5659 4068 5659 3995 5659 3995 5660 4068 5660 3996 5660 4068 5661 4069 5661 3996 5661 3996 5662 4069 5662 3997 5662 4069 5663 4070 5663 3997 5663 3997 5664 4070 5664 3998 5664 4070 5665 4071 5665 3998 5665 3998 5666 4071 5666 3999 5666 4071 5667 4072 5667 3999 5667 3999 5668 4072 5668 4000 5668 4072 5669 4073 5669 4000 5669 4000 5670 4073 5670 4001 5670 4073 5671 4074 5671 4001 5671 4001 5672 4074 5672 4002 5672 4074 5673 4075 5673 4002 5673 4002 5674 4075 5674 4003 5674 4075 5675 4076 5675 4003 5675 4003 5676 4076 5676 4004 5676 4076 5677 4077 5677 4004 5677 4004 5678 4077 5678 4005 5678 4077 5679 4078 5679 4005 5679 4005 5680 4078 5680 4006 5680 4078 5681 4079 5681 4006 5681 4006 5682 4079 5682 4007 5682 4079 5683 4080 5683 4007 5683 4007 5684 4080 5684 4008 5684 4080 5685 4081 5685 4008 5685 4008 5686 4081 5686 4009 5686 4081 5687 4082 5687 4009 5687 4009 5688 4082 5688 4010 5688 4082 5689 4083 5689 4010 5689 4010 5690 4083 5690 4011 5690 4083 5691 4084 5691 4011 5691 4011 5692 4084 5692 4012 5692 4084 5693 4085 5693 4012 5693 4012 5694 4085 5694 4013 5694 4085 5695 4086 5695 4013 5695 4013 5696 4086 5696 4014 5696 4086 5697 4087 5697 4014 5697 4014 5698 4087 5698 4015 5698 4087 5699 4088 5699 4015 5699 4015 5700 4088 5700 4016 5700 4088 5701 4089 5701 4016 5701 4016 5702 4089 5702 4017 5702 4089 5703 4090 5703 4017 5703 4017 5704 4090 5704 4018 5704 4090 5705 4091 5705 4018 5705 4018 5706 4091 5706 4019 5706 4091 5707 4092 5707 4019 5707 4019 5708 4092 5708 4020 5708 4092 5709 4093 5709 4020 5709 4020 5710 4093 5710 4021 5710 4093 5711 4094 5711 4021 5711 4021 5712 4094 5712 4022 5712 4094 5713 4095 5713 4022 5713 4022 5714 4095 5714 4023 5714 4095 5715 4096 5715 4023 5715 4023 5716 4096 5716 4024 5716 4096 5717 4097 5717 4024 5717 4024 5718 4097 5718 4025 5718 4097 5719 4098 5719 4025 5719 4025 5720 4098 5720 4026 5720 4098 5721 4099 5721 4026 5721 4026 5722 4099 5722 4027 5722 4099 5723 4100 5723 4027 5723 4027 5724 4100 5724 4028 5724 4100 5725 4101 5725 4028 5725 4028 5726 4101 5726 4029 5726 4101 5727 4102 5727 4029 5727 4029 5728 4102 5728 4030 5728 4102 5729 4103 5729 4030 5729 4030 5730 4103 5730 4031 5730 4103 5731 4104 5731 4031 5731 4031 5732 4104 5732 4032 5732 4104 5733 4105 5733 4032 5733 4032 5734 4105 5734 4033 5734 4105 5735 4106 5735 4033 5735 4033 5736 4106 5736 4034 5736 4106 5737 4107 5737 4034 5737 4034 5738 4107 5738 4035 5738 4107 5739 4108 5739 4035 5739 4035 5740 4108 5740 4036 5740 4108 5741 4109 5741 4036 5741 4036 5742 4109 5742 4037 5742 4109 5743 4110 5743 4037 5743 4037 5744 4110 5744 4038 5744 4110 5745 4111 5745 4038 5745 4038 5746 4111 5746 4039 5746 4111 5747 4112 5747 4039 5747 4039 5748 4112 5748 4040 5748 4112 5749 4113 5749 4040 5749 4040 5750 4113 5750 4041 5750 4113 5751 4114 5751 4041 5751 4041 5752 4114 5752 4042 5752 4114 5753 4115 5753 4042 5753 4042 5754 4115 5754 4043 5754 4115 5755 4116 5755 4043 5755 4043 5756 4116 5756 4044 5756 4116 5757 4117 5757 4044 5757 4044 5758 4117 5758 4045 5758 4117 5759 4118 5759 4045 5759 4045 5760 4118 5760 4046 5760 4118 5761 4119 5761 4046 5761 4046 5762 4119 5762 4047 5762 4119 5763 4048 5763 4047 5763 4119 5764 4120 5764 4048 5764 4120 5765 4121 5765 4048 5765 4048 5766 4121 5766 4049 5766 4121 5767 4122 5767 4049 5767 4049 5768 4122 5768 4050 5768 4122 5769 4123 5769 4050 5769 4050 5770 4123 5770 4051 5770 4123 5771 4124 5771 4051 5771 4051 5772 4124 5772 4052 5772 4124 5773 4125 5773 4052 5773 4052 5774 4125 5774 4053 5774 4125 5775 4126 5775 4053 5775 4053 5776 4126 5776 4054 5776 4126 5777 4127 5777 4054 5777 4054 5778 4127 5778 4055 5778 4127 5779 4128 5779 4055 5779 4055 5780 4128 5780 4056 5780 4128 5781 4129 5781 4056 5781 4056 5782 4129 5782 4057 5782 4129 5783 4130 5783 4057 5783 4057 5784 4130 5784 4058 5784 4130 5785 4131 5785 4058 5785 4058 5786 4131 5786 4059 5786 4131 5787 4132 5787 4059 5787 4059 5788 4132 5788 4060 5788 4132 5789 4133 5789 4060 5789 4060 5790 4133 5790 4061 5790 4133 5791 4134 5791 4061 5791 4061 5792 4134 5792 4062 5792 4134 5793 4135 5793 4062 5793 4062 5794 4135 5794 4063 5794 4135 5795 4136 5795 4063 5795 4063 5796 4136 5796 4064 5796 4136 5797 4137 5797 4064 5797 4064 5798 4137 5798 4065 5798 4137 5799 4138 5799 4065 5799 4065 5800 4138 5800 4066 5800 4138 5801 4139 5801 4066 5801 4066 5802 4139 5802 4067 5802 4139 5803 4140 5803 4067 5803 4067 5804 4140 5804 4068 5804 4140 5805 4141 5805 4068 5805 4068 5806 4141 5806 4069 5806 4141 5807 4142 5807 4069 5807 4069 5808 4142 5808 4070 5808 4142 5809 4143 5809 4070 5809 4070 5810 4143 5810 4071 5810 4143 5811 4144 5811 4071 5811 4071 5812 4144 5812 4072 5812 4144 5813 4145 5813 4072 5813 4072 5814 4145 5814 4073 5814 4145 5815 4146 5815 4073 5815 4073 5816 4146 5816 4074 5816 4146 5817 4147 5817 4074 5817 4074 5818 4147 5818 4075 5818 4147 5819 4148 5819 4075 5819 4075 5820 4148 5820 4076 5820 4148 5821 4149 5821 4076 5821 4076 5822 4149 5822 4077 5822 4149 5823 4150 5823 4077 5823 4077 5824 4150 5824 4078 5824 4150 5825 4151 5825 4078 5825 4078 5826 4151 5826 4079 5826 4151 5827 4152 5827 4079 5827 4079 5828 4152 5828 4080 5828 4152 5829 4153 5829 4080 5829 4080 5830 4153 5830 4081 5830 4153 5831 4154 5831 4081 5831 4081 5832 4154 5832 4082 5832 4154 5833 4155 5833 4082 5833 4082 5834 4155 5834 4083 5834 4155 5835 4156 5835 4083 5835 4083 5836 4156 5836 4084 5836 4156 5837 4157 5837 4084 5837 4084 5838 4157 5838 4085 5838 4157 5839 4158 5839 4085 5839 4085 5840 4158 5840 4086 5840 4158 5841 4159 5841 4086 5841 4086 5842 4159 5842 4087 5842 4159 5843 4160 5843 4087 5843 4087 5844 4160 5844 4088 5844 4160 5845 4161 5845 4088 5845 4088 5846 4161 5846 4089 5846 4161 5847 4162 5847 4089 5847 4089 5848 4162 5848 4090 5848 4162 5849 4163 5849 4090 5849 4090 5850 4163 5850 4091 5850 4163 5851 4164 5851 4091 5851 4091 5852 4164 5852 4092 5852 4164 5853 4165 5853 4092 5853 4092 5854 4165 5854 4093 5854 4165 5855 4166 5855 4093 5855 4093 5856 4166 5856 4094 5856 4166 5857 4167 5857 4094 5857 4094 5858 4167 5858 4095 5858 4167 5859 4168 5859 4095 5859 4095 5860 4168 5860 4096 5860 4168 5861 4169 5861 4096 5861 4096 5862 4169 5862 4097 5862 4169 5863 4170 5863 4097 5863 4097 5864 4170 5864 4098 5864 4170 5865 4171 5865 4098 5865 4098 5866 4171 5866 4099 5866 4171 5867 4172 5867 4099 5867 4099 5868 4172 5868 4100 5868 4172 5869 4173 5869 4100 5869 4100 5870 4173 5870 4101 5870 4173 5871 4174 5871 4101 5871 4101 5872 4174 5872 4102 5872 4174 5873 4175 5873 4102 5873 4102 5874 4175 5874 4103 5874 4175 5875 4176 5875 4103 5875 4103 5876 4176 5876 4104 5876 4176 5877 4177 5877 4104 5877 4104 5878 4177 5878 4105 5878 4177 5879 4178 5879 4105 5879 4105 5880 4178 5880 4106 5880 4178 5881 4179 5881 4106 5881 4106 5882 4179 5882 4107 5882 4179 5883 4180 5883 4107 5883 4107 5884 4180 5884 4108 5884 4180 5885 4181 5885 4108 5885 4108 5886 4181 5886 4109 5886 4181 5887 4182 5887 4109 5887 4109 5888 4182 5888 4110 5888 4182 5889 4183 5889 4110 5889 4110 5890 4183 5890 4111 5890 4183 5891 4184 5891 4111 5891 4111 5892 4184 5892 4112 5892 4184 5893 4185 5893 4112 5893 4112 5894 4185 5894 4113 5894 4185 5895 4186 5895 4113 5895 4113 5896 4186 5896 4114 5896 4186 5897 4187 5897 4114 5897 4114 5898 4187 5898 4115 5898 4187 5899 4188 5899 4115 5899 4115 5900 4188 5900 4116 5900 4188 5901 4189 5901 4116 5901 4116 5902 4189 5902 4117 5902 4189 5903 4190 5903 4117 5903 4117 5904 4190 5904 4118 5904 4190 5905 4191 5905 4118 5905 4118 5906 4191 5906 4119 5906 4191 5907 4120 5907 4119 5907 4191 5908 4192 5908 4120 5908 4192 5909 4193 5909 4120 5909 4120 5910 4193 5910 4121 5910 4193 5911 4194 5911 4121 5911 4121 5912 4194 5912 4122 5912 4194 5913 4195 5913 4122 5913 4122 5914 4195 5914 4123 5914 4195 5915 4196 5915 4123 5915 4123 5916 4196 5916 4124 5916 4196 5917 4197 5917 4124 5917 4124 5918 4197 5918 4125 5918 4197 5919 4198 5919 4125 5919 4125 5920 4198 5920 4126 5920 4198 5921 4199 5921 4126 5921 4126 5922 4199 5922 4127 5922 4199 5923 4200 5923 4127 5923 4127 5924 4200 5924 4128 5924 4200 5925 4201 5925 4128 5925 4128 5926 4201 5926 4129 5926 4201 5927 4202 5927 4129 5927 4129 5928 4202 5928 4130 5928 4202 5929 4203 5929 4130 5929 4130 5930 4203 5930 4131 5930 4203 5931 4204 5931 4131 5931 4131 5932 4204 5932 4132 5932 4204 5933 4205 5933 4132 5933 4132 5934 4205 5934 4133 5934 4205 5935 4206 5935 4133 5935 4133 5936 4206 5936 4134 5936 4206 5937 4207 5937 4134 5937 4134 5938 4207 5938 4135 5938 4207 5939 4208 5939 4135 5939 4135 5940 4208 5940 4136 5940 4208 5941 4209 5941 4136 5941 4136 5942 4209 5942 4137 5942 4209 5943 4210 5943 4137 5943 4137 5944 4210 5944 4138 5944 4210 5945 4211 5945 4138 5945 4138 5946 4211 5946 4139 5946 4211 5947 4212 5947 4139 5947 4139 5948 4212 5948 4140 5948 4212 5949 4213 5949 4140 5949 4140 5950 4213 5950 4141 5950 4213 5951 4214 5951 4141 5951 4141 5952 4214 5952 4142 5952 4214 5953 4215 5953 4142 5953 4142 5954 4215 5954 4143 5954 4215 5955 4216 5955 4143 5955 4143 5956 4216 5956 4144 5956 4216 5957 4217 5957 4144 5957 4144 5958 4217 5958 4145 5958 4217 5959 4218 5959 4145 5959 4145 5960 4218 5960 4146 5960 4218 5961 4219 5961 4146 5961 4146 5962 4219 5962 4147 5962 4219 5963 4220 5963 4147 5963 4147 5964 4220 5964 4148 5964 4220 5965 4221 5965 4148 5965 4148 5966 4221 5966 4149 5966 4221 5967 4222 5967 4149 5967 4149 5968 4222 5968 4150 5968 4222 5969 4223 5969 4150 5969 4150 5970 4223 5970 4151 5970 4223 5971 4224 5971 4151 5971 4151 5972 4224 5972 4152 5972 4224 5973 4225 5973 4152 5973 4152 5974 4225 5974 4153 5974 4225 5975 4226 5975 4153 5975 4153 5976 4226 5976 4154 5976 4226 5977 4227 5977 4154 5977 4154 5978 4227 5978 4155 5978 4227 5979 4228 5979 4155 5979 4155 5980 4228 5980 4156 5980 4228 5981 4229 5981 4156 5981 4156 5982 4229 5982 4157 5982 4229 5983 4230 5983 4157 5983 4157 5984 4230 5984 4158 5984 4230 5985 4231 5985 4158 5985 4158 5986 4231 5986 4159 5986 4231 5987 4232 5987 4159 5987 4159 5988 4232 5988 4160 5988 4232 5989 4233 5989 4160 5989 4160 5990 4233 5990 4161 5990 4233 5991 4234 5991 4161 5991 4161 5992 4234 5992 4162 5992 4234 5993 4235 5993 4162 5993 4162 5994 4235 5994 4163 5994 4235 5995 4236 5995 4163 5995 4163 5996 4236 5996 4164 5996 4236 5997 4237 5997 4164 5997 4164 5998 4237 5998 4165 5998 4237 5999 4238 5999 4165 5999 4165 6000 4238 6000 4166 6000 4238 6001 4239 6001 4166 6001 4166 6002 4239 6002 4167 6002 4239 6003 4240 6003 4167 6003 4167 6004 4240 6004 4168 6004 4240 6005 4241 6005 4168 6005 4168 6006 4241 6006 4169 6006 4241 6007 4242 6007 4169 6007 4169 6008 4242 6008 4170 6008 4242 6009 4243 6009 4170 6009 4170 6010 4243 6010 4171 6010 4243 6011 4244 6011 4171 6011 4171 6012 4244 6012 4172 6012 4244 6013 4245 6013 4172 6013 4172 6014 4245 6014 4173 6014 4245 6015 4246 6015 4173 6015 4173 6016 4246 6016 4174 6016 4246 6017 4247 6017 4174 6017 4174 6018 4247 6018 4175 6018 4247 6019 4248 6019 4175 6019 4175 6020 4248 6020 4176 6020 4248 6021 4249 6021 4176 6021 4176 6022 4249 6022 4177 6022 4249 6023 4250 6023 4177 6023 4177 6024 4250 6024 4178 6024 4250 6025 4251 6025 4178 6025 4178 6026 4251 6026 4179 6026 4251 6027 4252 6027 4179 6027 4179 6028 4252 6028 4180 6028 4252 6029 4253 6029 4180 6029 4180 6030 4253 6030 4181 6030 4253 6031 4254 6031 4181 6031 4181 6032 4254 6032 4182 6032 4254 6033 4255 6033 4182 6033 4182 6034 4255 6034 4183 6034 4255 6035 4256 6035 4183 6035 4183 6036 4256 6036 4184 6036 4256 6037 4257 6037 4184 6037 4184 6038 4257 6038 4185 6038 4257 6039 4258 6039 4185 6039 4185 6040 4258 6040 4186 6040 4258 6041 4259 6041 4186 6041 4186 6042 4259 6042 4187 6042 4259 6043 4260 6043 4187 6043 4187 6044 4260 6044 4188 6044 4260 6045 4261 6045 4188 6045 4188 6046 4261 6046 4189 6046 4261 6047 4262 6047 4189 6047 4189 6048 4262 6048 4190 6048 4262 6049 4263 6049 4190 6049 4190 6050 4263 6050 4191 6050 4263 6051 4192 6051 4191 6051 4263 6052 4264 6052 4192 6052 4264 6053 4265 6053 4192 6053 4192 6054 4265 6054 4193 6054 4265 6055 4266 6055 4193 6055 4193 6056 4266 6056 4194 6056 4266 6057 4267 6057 4194 6057 4194 6058 4267 6058 4195 6058 4267 6059 4268 6059 4195 6059 4195 6060 4268 6060 4196 6060 4268 6061 4269 6061 4196 6061 4196 6062 4269 6062 4197 6062 4269 6063 4270 6063 4197 6063 4197 6064 4270 6064 4198 6064 4270 6065 4271 6065 4198 6065 4198 6066 4271 6066 4199 6066 4271 6067 4272 6067 4199 6067 4199 6068 4272 6068 4200 6068 4272 6069 4273 6069 4200 6069 4200 6070 4273 6070 4201 6070 4273 6071 4274 6071 4201 6071 4201 6072 4274 6072 4202 6072 4274 6073 4275 6073 4202 6073 4202 6074 4275 6074 4203 6074 4275 6075 4276 6075 4203 6075 4203 6076 4276 6076 4204 6076 4276 6077 4277 6077 4204 6077 4204 6078 4277 6078 4205 6078 4277 6079 4278 6079 4205 6079 4205 6080 4278 6080 4206 6080 4278 6081 4279 6081 4206 6081 4206 6082 4279 6082 4207 6082 4279 6083 4280 6083 4207 6083 4207 6084 4280 6084 4208 6084 4280 6085 4281 6085 4208 6085 4208 6086 4281 6086 4209 6086 4281 6087 4282 6087 4209 6087 4209 6088 4282 6088 4210 6088 4282 6089 4283 6089 4210 6089 4210 6090 4283 6090 4211 6090 4283 6091 4284 6091 4211 6091 4211 6092 4284 6092 4212 6092 4284 6093 4285 6093 4212 6093 4212 6094 4285 6094 4213 6094 4285 6095 4286 6095 4213 6095 4213 6096 4286 6096 4214 6096 4286 6097 4287 6097 4214 6097 4214 6098 4287 6098 4215 6098 4287 6099 4288 6099 4215 6099 4215 6100 4288 6100 4216 6100 4288 6101 4289 6101 4216 6101 4216 6102 4289 6102 4217 6102 4289 6103 4290 6103 4217 6103 4217 6104 4290 6104 4218 6104 4290 6105 4291 6105 4218 6105 4218 6106 4291 6106 4219 6106 4291 6107 4292 6107 4219 6107 4219 6108 4292 6108 4220 6108 4292 6109 4293 6109 4220 6109 4220 6110 4293 6110 4221 6110 4293 6111 4294 6111 4221 6111 4221 6112 4294 6112 4222 6112 4294 6113 4295 6113 4222 6113 4222 6114 4295 6114 4223 6114 4295 6115 4296 6115 4223 6115 4223 6116 4296 6116 4224 6116 4296 6117 4297 6117 4224 6117 4224 6118 4297 6118 4225 6118 4297 6119 4298 6119 4225 6119 4225 6120 4298 6120 4226 6120 4298 6121 4299 6121 4226 6121 4226 6122 4299 6122 4227 6122 4299 6123 4300 6123 4227 6123 4227 6124 4300 6124 4228 6124 4300 6125 4301 6125 4228 6125 4228 6126 4301 6126 4229 6126 4301 6127 4302 6127 4229 6127 4229 6128 4302 6128 4230 6128 4302 6129 4303 6129 4230 6129 4230 6130 4303 6130 4231 6130 4303 6131 4304 6131 4231 6131 4231 6132 4304 6132 4232 6132 4304 6133 4305 6133 4232 6133 4232 6134 4305 6134 4233 6134 4305 6135 4306 6135 4233 6135 4233 6136 4306 6136 4234 6136 4306 6137 4307 6137 4234 6137 4234 6138 4307 6138 4235 6138 4307 6139 4308 6139 4235 6139 4235 6140 4308 6140 4236 6140 4308 6141 4309 6141 4236 6141 4236 6142 4309 6142 4237 6142 4309 6143 4310 6143 4237 6143 4237 6144 4310 6144 4238 6144 4310 6145 4311 6145 4238 6145 4238 6146 4311 6146 4239 6146 4311 6147 4312 6147 4239 6147 4239 6148 4312 6148 4240 6148 4312 6149 4313 6149 4240 6149 4240 6150 4313 6150 4241 6150 4313 6151 4314 6151 4241 6151 4241 6152 4314 6152 4242 6152 4314 6153 4315 6153 4242 6153 4242 6154 4315 6154 4243 6154 4315 6155 4316 6155 4243 6155 4243 6156 4316 6156 4244 6156 4316 6157 4317 6157 4244 6157 4244 6158 4317 6158 4245 6158 4317 6159 4318 6159 4245 6159 4245 6160 4318 6160 4246 6160 4318 6161 4319 6161 4246 6161 4246 6162 4319 6162 4247 6162 4319 6163 4320 6163 4247 6163 4247 6164 4320 6164 4248 6164 4320 6165 4321 6165 4248 6165 4248 6166 4321 6166 4249 6166 4321 6167 4322 6167 4249 6167 4249 6168 4322 6168 4250 6168 4322 6169 4323 6169 4250 6169 4250 6170 4323 6170 4251 6170 4323 6171 4324 6171 4251 6171 4251 6172 4324 6172 4252 6172 4324 6173 4325 6173 4252 6173 4252 6174 4325 6174 4253 6174 4325 6175 4326 6175 4253 6175 4253 6176 4326 6176 4254 6176 4326 6177 4327 6177 4254 6177 4254 6178 4327 6178 4255 6178 4327 6179 4328 6179 4255 6179 4255 6180 4328 6180 4256 6180 4328 6181 4329 6181 4256 6181 4256 6182 4329 6182 4257 6182 4329 6183 4330 6183 4257 6183 4257 6184 4330 6184 4258 6184 4330 6185 4331 6185 4258 6185 4258 6186 4331 6186 4259 6186 4331 6187 4332 6187 4259 6187 4259 6188 4332 6188 4260 6188 4332 6189 4333 6189 4260 6189 4260 6190 4333 6190 4261 6190 4333 6191 4334 6191 4261 6191 4261 6192 4334 6192 4262 6192 4334 6193 4335 6193 4262 6193 4262 6194 4335 6194 4263 6194 4335 6195 4264 6195 4263 6195 4335 6196 4336 6196 4264 6196 4336 6197 4337 6197 4264 6197 4264 6198 4337 6198 4265 6198 4337 6199 4338 6199 4265 6199 4265 6200 4338 6200 4266 6200 4338 6201 4339 6201 4266 6201 4266 6202 4339 6202 4267 6202 4339 6203 4340 6203 4267 6203 4267 6204 4340 6204 4268 6204 4340 6205 4341 6205 4268 6205 4268 6206 4341 6206 4269 6206 4341 6207 4342 6207 4269 6207 4269 6208 4342 6208 4270 6208 4342 6209 4343 6209 4270 6209 4270 6210 4343 6210 4271 6210 4343 6211 4344 6211 4271 6211 4271 6212 4344 6212 4272 6212 4344 6213 4345 6213 4272 6213 4272 6214 4345 6214 4273 6214 4345 6215 4346 6215 4273 6215 4273 6216 4346 6216 4274 6216 4346 6217 4347 6217 4274 6217 4274 6218 4347 6218 4275 6218 4347 6219 4348 6219 4275 6219 4275 6220 4348 6220 4276 6220 4348 6221 4349 6221 4276 6221 4276 6222 4349 6222 4277 6222 4349 6223 4350 6223 4277 6223 4277 6224 4350 6224 4278 6224 4350 6225 4351 6225 4278 6225 4278 6226 4351 6226 4279 6226 4351 6227 4352 6227 4279 6227 4279 6228 4352 6228 4280 6228 4352 6229 4353 6229 4280 6229 4280 6230 4353 6230 4281 6230 4353 6231 4354 6231 4281 6231 4281 6232 4354 6232 4282 6232 4354 6233 4355 6233 4282 6233 4282 6234 4355 6234 4283 6234 4355 6235 4356 6235 4283 6235 4283 6236 4356 6236 4284 6236 4356 6237 4357 6237 4284 6237 4284 6238 4357 6238 4285 6238 4357 6239 4358 6239 4285 6239 4285 6240 4358 6240 4286 6240 4358 6241 4359 6241 4286 6241 4286 6242 4359 6242 4287 6242 4359 6243 4360 6243 4287 6243 4287 6244 4360 6244 4288 6244 4360 6245 4361 6245 4288 6245 4288 6246 4361 6246 4289 6246 4361 6247 4362 6247 4289 6247 4289 6248 4362 6248 4290 6248 4362 6249 4363 6249 4290 6249 4290 6250 4363 6250 4291 6250 4363 6251 4364 6251 4291 6251 4291 6252 4364 6252 4292 6252 4364 6253 4365 6253 4292 6253 4292 6254 4365 6254 4293 6254 4365 6255 4366 6255 4293 6255 4293 6256 4366 6256 4294 6256 4366 6257 4367 6257 4294 6257 4294 6258 4367 6258 4295 6258 4367 6259 4368 6259 4295 6259 4295 6260 4368 6260 4296 6260 4368 6261 4369 6261 4296 6261 4296 6262 4369 6262 4297 6262 4369 6263 4370 6263 4297 6263 4297 6264 4370 6264 4298 6264 4370 6265 4371 6265 4298 6265 4298 6266 4371 6266 4299 6266 4371 6267 4372 6267 4299 6267 4299 6268 4372 6268 4300 6268 4372 6269 4373 6269 4300 6269 4300 6270 4373 6270 4301 6270 4373 6271 4374 6271 4301 6271 4301 6272 4374 6272 4302 6272 4374 6273 4375 6273 4302 6273 4302 6274 4375 6274 4303 6274 4375 6275 4376 6275 4303 6275 4303 6276 4376 6276 4304 6276 4376 6277 4377 6277 4304 6277 4304 6278 4377 6278 4305 6278 4377 6279 4378 6279 4305 6279 4305 6280 4378 6280 4306 6280 4378 6281 4379 6281 4306 6281 4306 6282 4379 6282 4307 6282 4379 6283 4380 6283 4307 6283 4307 6284 4380 6284 4308 6284 4380 6285 4381 6285 4308 6285 4308 6286 4381 6286 4309 6286 4381 6287 4382 6287 4309 6287 4309 6288 4382 6288 4310 6288 4382 6289 4383 6289 4310 6289 4310 6290 4383 6290 4311 6290 4383 6291 4384 6291 4311 6291 4311 6292 4384 6292 4312 6292 4384 6293 4385 6293 4312 6293 4312 6294 4385 6294 4313 6294 4385 6295 4386 6295 4313 6295 4313 6296 4386 6296 4314 6296 4386 6297 4387 6297 4314 6297 4314 6298 4387 6298 4315 6298 4387 6299 4388 6299 4315 6299 4315 6300 4388 6300 4316 6300 4388 6301 4389 6301 4316 6301 4316 6302 4389 6302 4317 6302 4389 6303 4390 6303 4317 6303 4317 6304 4390 6304 4318 6304 4390 6305 4391 6305 4318 6305 4318 6306 4391 6306 4319 6306 4391 6307 4392 6307 4319 6307 4319 6308 4392 6308 4320 6308 4392 6309 4393 6309 4320 6309 4320 6310 4393 6310 4321 6310 4393 6311 4394 6311 4321 6311 4321 6312 4394 6312 4322 6312 4394 6313 4395 6313 4322 6313 4322 6314 4395 6314 4323 6314 4395 6315 4396 6315 4323 6315 4323 6316 4396 6316 4324 6316 4396 6317 4397 6317 4324 6317 4324 6318 4397 6318 4325 6318 4397 6319 4398 6319 4325 6319 4325 6320 4398 6320 4326 6320 4398 6321 4399 6321 4326 6321 4326 6322 4399 6322 4327 6322 4399 6323 4400 6323 4327 6323 4327 6324 4400 6324 4328 6324 4400 6325 4401 6325 4328 6325 4328 6326 4401 6326 4329 6326 4401 6327 4402 6327 4329 6327 4329 6328 4402 6328 4330 6328 4402 6329 4403 6329 4330 6329 4330 6330 4403 6330 4331 6330 4403 6331 4404 6331 4331 6331 4331 6332 4404 6332 4332 6332 4404 6333 4405 6333 4332 6333 4332 6334 4405 6334 4333 6334 4405 6335 4406 6335 4333 6335 4333 6336 4406 6336 4334 6336 4406 6337 4407 6337 4334 6337 4334 6338 4407 6338 4335 6338 4407 6339 4336 6339 4335 6339 4407 6340 4408 6340 4336 6340 4408 6341 4409 6341 4336 6341 4336 6342 4409 6342 4337 6342 4409 6343 4410 6343 4337 6343 4337 6344 4410 6344 4338 6344 4410 6345 4411 6345 4338 6345 4338 6346 4411 6346 4339 6346 4411 6347 4412 6347 4339 6347 4339 6348 4412 6348 4340 6348 4412 6349 4413 6349 4340 6349 4340 6350 4413 6350 4341 6350 4413 6351 4414 6351 4341 6351 4341 6352 4414 6352 4342 6352 4414 6353 4415 6353 4342 6353 4342 6354 4415 6354 4343 6354 4415 6355 4416 6355 4343 6355 4343 6356 4416 6356 4344 6356 4416 6357 4417 6357 4344 6357 4344 6358 4417 6358 4345 6358 4417 6359 4418 6359 4345 6359 4345 6360 4418 6360 4346 6360 4418 6361 4419 6361 4346 6361 4346 6362 4419 6362 4347 6362 4419 6363 4420 6363 4347 6363 4347 6364 4420 6364 4348 6364 4420 6365 4421 6365 4348 6365 4348 6366 4421 6366 4349 6366 4421 6367 4422 6367 4349 6367 4349 6368 4422 6368 4350 6368 4422 6369 4423 6369 4350 6369 4350 6370 4423 6370 4351 6370 4423 6371 4424 6371 4351 6371 4351 6372 4424 6372 4352 6372 4424 6373 4425 6373 4352 6373 4352 6374 4425 6374 4353 6374 4425 6375 4426 6375 4353 6375 4353 6376 4426 6376 4354 6376 4426 6377 4427 6377 4354 6377 4354 6378 4427 6378 4355 6378 4427 6379 4428 6379 4355 6379 4355 6380 4428 6380 4356 6380 4428 6381 4429 6381 4356 6381 4356 6382 4429 6382 4357 6382 4429 6383 4430 6383 4357 6383 4357 6384 4430 6384 4358 6384 4430 6385 4431 6385 4358 6385 4358 6386 4431 6386 4359 6386 4431 6387 4432 6387 4359 6387 4359 6388 4432 6388 4360 6388 4432 6389 4433 6389 4360 6389 4360 6390 4433 6390 4361 6390 4433 6391 4434 6391 4361 6391 4361 6392 4434 6392 4362 6392 4434 6393 4435 6393 4362 6393 4362 6394 4435 6394 4363 6394 4435 6395 4436 6395 4363 6395 4363 6396 4436 6396 4364 6396 4436 6397 4437 6397 4364 6397 4364 6398 4437 6398 4365 6398 4437 6399 4438 6399 4365 6399 4365 6400 4438 6400 4366 6400 4438 6401 4439 6401 4366 6401 4366 6402 4439 6402 4367 6402 4439 6403 4440 6403 4367 6403 4367 6404 4440 6404 4368 6404 4440 6405 4441 6405 4368 6405 4368 6406 4441 6406 4369 6406 4441 6407 4442 6407 4369 6407 4369 6408 4442 6408 4370 6408 4442 6409 4443 6409 4370 6409 4370 6410 4443 6410 4371 6410 4443 6411 4444 6411 4371 6411 4371 6412 4444 6412 4372 6412 4444 6413 4445 6413 4372 6413 4372 6414 4445 6414 4373 6414 4445 6415 4446 6415 4373 6415 4373 6416 4446 6416 4374 6416 4446 6417 4447 6417 4374 6417 4374 6418 4447 6418 4375 6418 4447 6419 4448 6419 4375 6419 4375 6420 4448 6420 4376 6420 4448 6421 4449 6421 4376 6421 4376 6422 4449 6422 4377 6422 4449 6423 4450 6423 4377 6423 4377 6424 4450 6424 4378 6424 4450 6425 4451 6425 4378 6425 4378 6426 4451 6426 4379 6426 4451 6427 4452 6427 4379 6427 4379 6428 4452 6428 4380 6428 4452 6429 4453 6429 4380 6429 4380 6430 4453 6430 4381 6430 4453 6431 4454 6431 4381 6431 4381 6432 4454 6432 4382 6432 4454 6433 4455 6433 4382 6433 4382 6434 4455 6434 4383 6434 4455 6435 4456 6435 4383 6435 4383 6436 4456 6436 4384 6436 4456 6437 4457 6437 4384 6437 4384 6438 4457 6438 4385 6438 4457 6439 4458 6439 4385 6439 4385 6440 4458 6440 4386 6440 4458 6441 4459 6441 4386 6441 4386 6442 4459 6442 4387 6442 4459 6443 4460 6443 4387 6443 4387 6444 4460 6444 4388 6444 4460 6445 4461 6445 4388 6445 4388 6446 4461 6446 4389 6446 4461 6447 4462 6447 4389 6447 4389 6448 4462 6448 4390 6448 4462 6449 4463 6449 4390 6449 4390 6450 4463 6450 4391 6450 4463 6451 4464 6451 4391 6451 4391 6452 4464 6452 4392 6452 4464 6453 4465 6453 4392 6453 4392 6454 4465 6454 4393 6454 4465 6455 4466 6455 4393 6455 4393 6456 4466 6456 4394 6456 4466 6457 4467 6457 4394 6457 4394 6458 4467 6458 4395 6458 4467 6459 4468 6459 4395 6459 4395 6460 4468 6460 4396 6460 4468 6461 4469 6461 4396 6461 4396 6462 4469 6462 4397 6462 4469 6463 4470 6463 4397 6463 4397 6464 4470 6464 4398 6464 4470 6465 4471 6465 4398 6465 4398 6466 4471 6466 4399 6466 4471 6467 4472 6467 4399 6467 4399 6468 4472 6468 4400 6468 4472 6469 4473 6469 4400 6469 4400 6470 4473 6470 4401 6470 4473 6471 4474 6471 4401 6471 4401 6472 4474 6472 4402 6472 4474 6473 4475 6473 4402 6473 4402 6474 4475 6474 4403 6474 4475 6475 4476 6475 4403 6475 4403 6476 4476 6476 4404 6476 4476 6477 4477 6477 4404 6477 4404 6478 4477 6478 4405 6478 4477 6479 4478 6479 4405 6479 4405 6480 4478 6480 4406 6480 4478 6481 4479 6481 4406 6481 4406 6482 4479 6482 4407 6482 4479 6483 4408 6483 4407 6483 4479 6484 4480 6484 4408 6484 4480 6485 4481 6485 4408 6485 4408 6486 4481 6486 4409 6486 4481 6487 4482 6487 4409 6487 4409 6488 4482 6488 4410 6488 4482 6489 4483 6489 4410 6489 4410 6490 4483 6490 4411 6490 4483 6491 4484 6491 4411 6491 4411 6492 4484 6492 4412 6492 4484 6493 4485 6493 4412 6493 4412 6494 4485 6494 4413 6494 4485 6495 4486 6495 4413 6495 4413 6496 4486 6496 4414 6496 4486 6497 4487 6497 4414 6497 4414 6498 4487 6498 4415 6498 4487 6499 4488 6499 4415 6499 4415 6500 4488 6500 4416 6500 4488 6501 4489 6501 4416 6501 4416 6502 4489 6502 4417 6502 4489 6503 4490 6503 4417 6503 4417 6504 4490 6504 4418 6504 4490 6505 4491 6505 4418 6505 4418 6506 4491 6506 4419 6506 4491 6507 4492 6507 4419 6507 4419 6508 4492 6508 4420 6508 4492 6509 4493 6509 4420 6509 4420 6510 4493 6510 4421 6510 4493 6511 4494 6511 4421 6511 4421 6512 4494 6512 4422 6512 4494 6513 4495 6513 4422 6513 4422 6514 4495 6514 4423 6514 4495 6515 4496 6515 4423 6515 4423 6516 4496 6516 4424 6516 4496 6517 4497 6517 4424 6517 4424 6518 4497 6518 4425 6518 4497 6519 4498 6519 4425 6519 4425 6520 4498 6520 4426 6520 4498 6521 4499 6521 4426 6521 4426 6522 4499 6522 4427 6522 4499 6523 4500 6523 4427 6523 4427 6524 4500 6524 4428 6524 4500 6525 4501 6525 4428 6525 4428 6526 4501 6526 4429 6526 4501 6527 4502 6527 4429 6527 4429 6528 4502 6528 4430 6528 4502 6529 4503 6529 4430 6529 4430 6530 4503 6530 4431 6530 4503 6531 4504 6531 4431 6531 4431 6532 4504 6532 4432 6532 4504 6533 4505 6533 4432 6533 4432 6534 4505 6534 4433 6534 4505 6535 4506 6535 4433 6535 4433 6536 4506 6536 4434 6536 4506 6537 4507 6537 4434 6537 4434 6538 4507 6538 4435 6538 4507 6539 4508 6539 4435 6539 4435 6540 4508 6540 4436 6540 4508 6541 4509 6541 4436 6541 4436 6542 4509 6542 4437 6542 4509 6543 4510 6543 4437 6543 4437 6544 4510 6544 4438 6544 4510 6545 4511 6545 4438 6545 4438 6546 4511 6546 4439 6546 4511 6547 4512 6547 4439 6547 4439 6548 4512 6548 4440 6548 4512 6549 4513 6549 4440 6549 4440 6550 4513 6550 4441 6550 4513 6551 4514 6551 4441 6551 4441 6552 4514 6552 4442 6552 4514 6553 4515 6553 4442 6553 4442 6554 4515 6554 4443 6554 4515 6555 4516 6555 4443 6555 4443 6556 4516 6556 4444 6556 4516 6557 4517 6557 4444 6557 4444 6558 4517 6558 4445 6558 4517 6559 4518 6559 4445 6559 4445 6560 4518 6560 4446 6560 4518 6561 4519 6561 4446 6561 4446 6562 4519 6562 4447 6562 4519 6563 4520 6563 4447 6563 4447 6564 4520 6564 4448 6564 4520 6565 4521 6565 4448 6565 4448 6566 4521 6566 4449 6566 4521 6567 4522 6567 4449 6567 4449 6568 4522 6568 4450 6568 4522 6569 4523 6569 4450 6569 4450 6570 4523 6570 4451 6570 4523 6571 4524 6571 4451 6571 4451 6572 4524 6572 4452 6572 4524 6573 4525 6573 4452 6573 4452 6574 4525 6574 4453 6574 4525 6575 4526 6575 4453 6575 4453 6576 4526 6576 4454 6576 4526 6577 4527 6577 4454 6577 4454 6578 4527 6578 4455 6578 4527 6579 4528 6579 4455 6579 4455 6580 4528 6580 4456 6580 4528 6581 4529 6581 4456 6581 4456 6582 4529 6582 4457 6582 4529 6583 4530 6583 4457 6583 4457 6584 4530 6584 4458 6584 4530 6585 4531 6585 4458 6585 4458 6586 4531 6586 4459 6586 4531 6587 4532 6587 4459 6587 4459 6588 4532 6588 4460 6588 4532 6589 4533 6589 4460 6589 4460 6590 4533 6590 4461 6590 4533 6591 4534 6591 4461 6591 4461 6592 4534 6592 4462 6592 4534 6593 4535 6593 4462 6593 4462 6594 4535 6594 4463 6594 4535 6595 4536 6595 4463 6595 4463 6596 4536 6596 4464 6596 4536 6597 4537 6597 4464 6597 4464 6598 4537 6598 4465 6598 4537 6599 4538 6599 4465 6599 4465 6600 4538 6600 4466 6600 4538 6601 4539 6601 4466 6601 4466 6602 4539 6602 4467 6602 4539 6603 4540 6603 4467 6603 4467 6604 4540 6604 4468 6604 4540 6605 4541 6605 4468 6605 4468 6606 4541 6606 4469 6606 4541 6607 4542 6607 4469 6607 4469 6608 4542 6608 4470 6608 4542 6609 4543 6609 4470 6609 4470 6610 4543 6610 4471 6610 4543 6611 4544 6611 4471 6611 4471 6612 4544 6612 4472 6612 4544 6613 4545 6613 4472 6613 4472 6614 4545 6614 4473 6614 4545 6615 4546 6615 4473 6615 4473 6616 4546 6616 4474 6616 4546 6617 4547 6617 4474 6617 4474 6618 4547 6618 4475 6618 4547 6619 4548 6619 4475 6619 4475 6620 4548 6620 4476 6620 4548 6621 4549 6621 4476 6621 4476 6622 4549 6622 4477 6622 4549 6623 4550 6623 4477 6623 4477 6624 4550 6624 4478 6624 4550 6625 4551 6625 4478 6625 4478 6626 4551 6626 4479 6626 4551 6627 4480 6627 4479 6627 4551 6628 4552 6628 4480 6628 4552 6629 4553 6629 4480 6629 4480 6630 4553 6630 4481 6630 4553 6631 4554 6631 4481 6631 4481 6632 4554 6632 4482 6632 4554 6633 4555 6633 4482 6633 4482 6634 4555 6634 4483 6634 4555 6635 4556 6635 4483 6635 4483 6636 4556 6636 4484 6636 4556 6637 4557 6637 4484 6637 4484 6638 4557 6638 4485 6638 4557 6639 4558 6639 4485 6639 4485 6640 4558 6640 4486 6640 4558 6641 4559 6641 4486 6641 4486 6642 4559 6642 4487 6642 4559 6643 4560 6643 4487 6643 4487 6644 4560 6644 4488 6644 4560 6645 4561 6645 4488 6645 4488 6646 4561 6646 4489 6646 4561 6647 4562 6647 4489 6647 4489 6648 4562 6648 4490 6648 4562 6649 4563 6649 4490 6649 4490 6650 4563 6650 4491 6650 4563 6651 4564 6651 4491 6651 4491 6652 4564 6652 4492 6652 4564 6653 4565 6653 4492 6653 4492 6654 4565 6654 4493 6654 4565 6655 4566 6655 4493 6655 4493 6656 4566 6656 4494 6656 4566 6657 4567 6657 4494 6657 4494 6658 4567 6658 4495 6658 4567 6659 4568 6659 4495 6659 4495 6660 4568 6660 4496 6660 4568 6661 4569 6661 4496 6661 4496 6662 4569 6662 4497 6662 4569 6663 4570 6663 4497 6663 4497 6664 4570 6664 4498 6664 4570 6665 4571 6665 4498 6665 4498 6666 4571 6666 4499 6666 4571 6667 4572 6667 4499 6667 4499 6668 4572 6668 4500 6668 4572 6669 4573 6669 4500 6669 4500 6670 4573 6670 4501 6670 4573 6671 4574 6671 4501 6671 4501 6672 4574 6672 4502 6672 4574 6673 4575 6673 4502 6673 4502 6674 4575 6674 4503 6674 4575 6675 4576 6675 4503 6675 4503 6676 4576 6676 4504 6676 4576 6677 4577 6677 4504 6677 4504 6678 4577 6678 4505 6678 4577 6679 4578 6679 4505 6679 4505 6680 4578 6680 4506 6680 4578 6681 4579 6681 4506 6681 4506 6682 4579 6682 4507 6682 4579 6683 4580 6683 4507 6683 4507 6684 4580 6684 4508 6684 4580 6685 4581 6685 4508 6685 4508 6686 4581 6686 4509 6686 4581 6687 4582 6687 4509 6687 4509 6688 4582 6688 4510 6688 4582 6689 4583 6689 4510 6689 4510 6690 4583 6690 4511 6690 4583 6691 4584 6691 4511 6691 4511 6692 4584 6692 4512 6692 4584 6693 4585 6693 4512 6693 4512 6694 4585 6694 4513 6694 4585 6695 4586 6695 4513 6695 4513 6696 4586 6696 4514 6696 4586 6697 4587 6697 4514 6697 4514 6698 4587 6698 4515 6698 4587 6699 4588 6699 4515 6699 4515 6700 4588 6700 4516 6700 4588 6701 4589 6701 4516 6701 4516 6702 4589 6702 4517 6702 4589 6703 4590 6703 4517 6703 4517 6704 4590 6704 4518 6704 4590 6705 4591 6705 4518 6705 4518 6706 4591 6706 4519 6706 4591 6707 4592 6707 4519 6707 4519 6708 4592 6708 4520 6708 4592 6709 4593 6709 4520 6709 4520 6710 4593 6710 4521 6710 4593 6711 4594 6711 4521 6711 4521 6712 4594 6712 4522 6712 4594 6713 4595 6713 4522 6713 4522 6714 4595 6714 4523 6714 4595 6715 4596 6715 4523 6715 4523 6716 4596 6716 4524 6716 4596 6717 4597 6717 4524 6717 4524 6718 4597 6718 4525 6718 4597 6719 4598 6719 4525 6719 4525 6720 4598 6720 4526 6720 4598 6721 4599 6721 4526 6721 4526 6722 4599 6722 4527 6722 4599 6723 4600 6723 4527 6723 4527 6724 4600 6724 4528 6724 4600 6725 4601 6725 4528 6725 4528 6726 4601 6726 4529 6726 4601 6727 4602 6727 4529 6727 4529 6728 4602 6728 4530 6728 4602 6729 4603 6729 4530 6729 4530 6730 4603 6730 4531 6730 4603 6731 4604 6731 4531 6731 4531 6732 4604 6732 4532 6732 4604 6733 4605 6733 4532 6733 4532 6734 4605 6734 4533 6734 4605 6735 4606 6735 4533 6735 4533 6736 4606 6736 4534 6736 4606 6737 4607 6737 4534 6737 4534 6738 4607 6738 4535 6738 4607 6739 4608 6739 4535 6739 4535 6740 4608 6740 4536 6740 4608 6741 4609 6741 4536 6741 4536 6742 4609 6742 4537 6742 4609 6743 4610 6743 4537 6743 4537 6744 4610 6744 4538 6744 4610 6745 4611 6745 4538 6745 4538 6746 4611 6746 4539 6746 4611 6747 4612 6747 4539 6747 4539 6748 4612 6748 4540 6748 4612 6749 4613 6749 4540 6749 4540 6750 4613 6750 4541 6750 4613 6751 4614 6751 4541 6751 4541 6752 4614 6752 4542 6752 4614 6753 4615 6753 4542 6753 4542 6754 4615 6754 4543 6754 4615 6755 4616 6755 4543 6755 4543 6756 4616 6756 4544 6756 4616 6757 4617 6757 4544 6757 4544 6758 4617 6758 4545 6758 4617 6759 4618 6759 4545 6759 4545 6760 4618 6760 4546 6760 4618 6761 4619 6761 4546 6761 4546 6762 4619 6762 4547 6762 4619 6763 4620 6763 4547 6763 4547 6764 4620 6764 4548 6764 4620 6765 4621 6765 4548 6765 4548 6766 4621 6766 4549 6766 4621 6767 4622 6767 4549 6767 4549 6768 4622 6768 4550 6768 4622 6769 4623 6769 4550 6769 4550 6770 4623 6770 4551 6770 4623 6771 4552 6771 4551 6771 4623 6772 4624 6772 4552 6772 4624 6773 4625 6773 4552 6773 4552 6774 4625 6774 4553 6774 4625 6775 4626 6775 4553 6775 4553 6776 4626 6776 4554 6776 4626 6777 4627 6777 4554 6777 4554 6778 4627 6778 4555 6778 4627 6779 4628 6779 4555 6779 4555 6780 4628 6780 4556 6780 4628 6781 4629 6781 4556 6781 4556 6782 4629 6782 4557 6782 4629 6783 4630 6783 4557 6783 4557 6784 4630 6784 4558 6784 4630 6785 4631 6785 4558 6785 4558 6786 4631 6786 4559 6786 4631 6787 4632 6787 4559 6787 4559 6788 4632 6788 4560 6788 4632 6789 4633 6789 4560 6789 4560 6790 4633 6790 4561 6790 4633 6791 4634 6791 4561 6791 4561 6792 4634 6792 4562 6792 4634 6793 4635 6793 4562 6793 4562 6794 4635 6794 4563 6794 4635 6795 4636 6795 4563 6795 4563 6796 4636 6796 4564 6796 4636 6797 4637 6797 4564 6797 4564 6798 4637 6798 4565 6798 4637 6799 4638 6799 4565 6799 4565 6800 4638 6800 4566 6800 4638 6801 4639 6801 4566 6801 4566 6802 4639 6802 4567 6802 4639 6803 4640 6803 4567 6803 4567 6804 4640 6804 4568 6804 4640 6805 4641 6805 4568 6805 4568 6806 4641 6806 4569 6806 4641 6807 4642 6807 4569 6807 4569 6808 4642 6808 4570 6808 4642 6809 4643 6809 4570 6809 4570 6810 4643 6810 4571 6810 4643 6811 4644 6811 4571 6811 4571 6812 4644 6812 4572 6812 4644 6813 4645 6813 4572 6813 4572 6814 4645 6814 4573 6814 4645 6815 4646 6815 4573 6815 4573 6816 4646 6816 4574 6816 4646 6817 4647 6817 4574 6817 4574 6818 4647 6818 4575 6818 4647 6819 4648 6819 4575 6819 4575 6820 4648 6820 4576 6820 4648 6821 4649 6821 4576 6821 4576 6822 4649 6822 4577 6822 4649 6823 4650 6823 4577 6823 4577 6824 4650 6824 4578 6824 4650 6825 4651 6825 4578 6825 4578 6826 4651 6826 4579 6826 4651 6827 4652 6827 4579 6827 4579 6828 4652 6828 4580 6828 4652 6829 4653 6829 4580 6829 4580 6830 4653 6830 4581 6830 4653 6831 4654 6831 4581 6831 4581 6832 4654 6832 4582 6832 4654 6833 4655 6833 4582 6833 4582 6834 4655 6834 4583 6834 4655 6835 4656 6835 4583 6835 4583 6836 4656 6836 4584 6836 4656 6837 4657 6837 4584 6837 4584 6838 4657 6838 4585 6838 4657 6839 4658 6839 4585 6839 4585 6840 4658 6840 4586 6840 4658 6841 4659 6841 4586 6841 4586 6842 4659 6842 4587 6842 4659 6843 4660 6843 4587 6843 4587 6844 4660 6844 4588 6844 4660 6845 4661 6845 4588 6845 4588 6846 4661 6846 4589 6846 4661 6847 4662 6847 4589 6847 4589 6848 4662 6848 4590 6848 4662 6849 4663 6849 4590 6849 4590 6850 4663 6850 4591 6850 4663 6851 4664 6851 4591 6851 4591 6852 4664 6852 4592 6852 4664 6853 4665 6853 4592 6853 4592 6854 4665 6854 4593 6854 4665 6855 4666 6855 4593 6855 4593 6856 4666 6856 4594 6856 4666 6857 4667 6857 4594 6857 4594 6858 4667 6858 4595 6858 4667 6859 4668 6859 4595 6859 4595 6860 4668 6860 4596 6860 4668 6861 4669 6861 4596 6861 4596 6862 4669 6862 4597 6862 4669 6863 4670 6863 4597 6863 4597 6864 4670 6864 4598 6864 4670 6865 4671 6865 4598 6865 4598 6866 4671 6866 4599 6866 4671 6867 4672 6867 4599 6867 4599 6868 4672 6868 4600 6868 4672 6869 4673 6869 4600 6869 4600 6870 4673 6870 4601 6870 4673 6871 4674 6871 4601 6871 4601 6872 4674 6872 4602 6872 4674 6873 4675 6873 4602 6873 4602 6874 4675 6874 4603 6874 4675 6875 4676 6875 4603 6875 4603 6876 4676 6876 4604 6876 4676 6877 4677 6877 4604 6877 4604 6878 4677 6878 4605 6878 4677 6879 4678 6879 4605 6879 4605 6880 4678 6880 4606 6880 4678 6881 4679 6881 4606 6881 4606 6882 4679 6882 4607 6882 4679 6883 4680 6883 4607 6883 4607 6884 4680 6884 4608 6884 4680 6885 4681 6885 4608 6885 4608 6886 4681 6886 4609 6886 4681 6887 4682 6887 4609 6887 4609 6888 4682 6888 4610 6888 4682 6889 4683 6889 4610 6889 4610 6890 4683 6890 4611 6890 4683 6891 4684 6891 4611 6891 4611 6892 4684 6892 4612 6892 4684 6893 4685 6893 4612 6893 4612 6894 4685 6894 4613 6894 4685 6895 4686 6895 4613 6895 4613 6896 4686 6896 4614 6896 4686 6897 4687 6897 4614 6897 4614 6898 4687 6898 4615 6898 4687 6899 4688 6899 4615 6899 4615 6900 4688 6900 4616 6900 4688 6901 4689 6901 4616 6901 4616 6902 4689 6902 4617 6902 4689 6903 4690 6903 4617 6903 4617 6904 4690 6904 4618 6904 4690 6905 4691 6905 4618 6905 4618 6906 4691 6906 4619 6906 4691 6907 4692 6907 4619 6907 4619 6908 4692 6908 4620 6908 4692 6909 4693 6909 4620 6909 4620 6910 4693 6910 4621 6910 4693 6911 4694 6911 4621 6911 4621 6912 4694 6912 4622 6912 4694 6913 4695 6913 4622 6913 4622 6914 4695 6914 4623 6914 4695 6915 4624 6915 4623 6915 4695 6916 4696 6916 4624 6916 4696 6917 4697 6917 4624 6917 4624 6918 4697 6918 4625 6918 4697 6919 4698 6919 4625 6919 4625 6920 4698 6920 4626 6920 4698 6921 4699 6921 4626 6921 4626 6922 4699 6922 4627 6922 4699 6923 4700 6923 4627 6923 4627 6924 4700 6924 4628 6924 4700 6925 4701 6925 4628 6925 4628 6926 4701 6926 4629 6926 4701 6927 4702 6927 4629 6927 4629 6928 4702 6928 4630 6928 4702 6929 4703 6929 4630 6929 4630 6930 4703 6930 4631 6930 4703 6931 4704 6931 4631 6931 4631 6932 4704 6932 4632 6932 4704 6933 4705 6933 4632 6933 4632 6934 4705 6934 4633 6934 4705 6935 4706 6935 4633 6935 4633 6936 4706 6936 4634 6936 4706 6937 4707 6937 4634 6937 4634 6938 4707 6938 4635 6938 4707 6939 4708 6939 4635 6939 4635 6940 4708 6940 4636 6940 4708 6941 4709 6941 4636 6941 4636 6942 4709 6942 4637 6942 4709 6943 4710 6943 4637 6943 4637 6944 4710 6944 4638 6944 4710 6945 4711 6945 4638 6945 4638 6946 4711 6946 4639 6946 4711 6947 4712 6947 4639 6947 4639 6948 4712 6948 4640 6948 4712 6949 4713 6949 4640 6949 4640 6950 4713 6950 4641 6950 4713 6951 4714 6951 4641 6951 4641 6952 4714 6952 4642 6952 4714 6953 4715 6953 4642 6953 4642 6954 4715 6954 4643 6954 4715 6955 4716 6955 4643 6955 4643 6956 4716 6956 4644 6956 4716 6957 4717 6957 4644 6957 4644 6958 4717 6958 4645 6958 4717 6959 4718 6959 4645 6959 4645 6960 4718 6960 4646 6960 4718 6961 4719 6961 4646 6961 4646 6962 4719 6962 4647 6962 4719 6963 4720 6963 4647 6963 4647 6964 4720 6964 4648 6964 4720 6965 4721 6965 4648 6965 4648 6966 4721 6966 4649 6966 4721 6967 4722 6967 4649 6967 4649 6968 4722 6968 4650 6968 4722 6969 4723 6969 4650 6969 4650 6970 4723 6970 4651 6970 4723 6971 4724 6971 4651 6971 4651 6972 4724 6972 4652 6972 4724 6973 4725 6973 4652 6973 4652 6974 4725 6974 4653 6974 4725 6975 4726 6975 4653 6975 4653 6976 4726 6976 4654 6976 4726 6977 4727 6977 4654 6977 4654 6978 4727 6978 4655 6978 4727 6979 4728 6979 4655 6979 4655 6980 4728 6980 4656 6980 4728 6981 4729 6981 4656 6981 4656 6982 4729 6982 4657 6982 4729 6983 4730 6983 4657 6983 4657 6984 4730 6984 4658 6984 4730 6985 4731 6985 4658 6985 4658 6986 4731 6986 4659 6986 4731 6987 4732 6987 4659 6987 4659 6988 4732 6988 4660 6988 4732 6989 4733 6989 4660 6989 4660 6990 4733 6990 4661 6990 4733 6991 4734 6991 4661 6991 4661 6992 4734 6992 4662 6992 4734 6993 4735 6993 4662 6993 4662 6994 4735 6994 4663 6994 4735 6995 4736 6995 4663 6995 4663 6996 4736 6996 4664 6996 4736 6997 4737 6997 4664 6997 4664 6998 4737 6998 4665 6998 4737 6999 4738 6999 4665 6999 4665 7000 4738 7000 4666 7000 4738 7001 4739 7001 4666 7001 4666 7002 4739 7002 4667 7002 4739 7003 4740 7003 4667 7003 4667 7004 4740 7004 4668 7004 4740 7005 4741 7005 4668 7005 4668 7006 4741 7006 4669 7006 4741 7007 4742 7007 4669 7007 4669 7008 4742 7008 4670 7008 4742 7009 4743 7009 4670 7009 4670 7010 4743 7010 4671 7010 4743 7011 4744 7011 4671 7011 4671 7012 4744 7012 4672 7012 4744 7013 4745 7013 4672 7013 4672 7014 4745 7014 4673 7014 4745 7015 4746 7015 4673 7015 4673 7016 4746 7016 4674 7016 4746 7017 4747 7017 4674 7017 4674 7018 4747 7018 4675 7018 4747 7019 4748 7019 4675 7019 4675 7020 4748 7020 4676 7020 4748 7021 4749 7021 4676 7021 4676 7022 4749 7022 4677 7022 4749 7023 4750 7023 4677 7023 4677 7024 4750 7024 4678 7024 4750 7025 4751 7025 4678 7025 4678 7026 4751 7026 4679 7026 4751 7027 4752 7027 4679 7027 4679 7028 4752 7028 4680 7028 4752 7029 4753 7029 4680 7029 4680 7030 4753 7030 4681 7030 4753 7031 4754 7031 4681 7031 4681 7032 4754 7032 4682 7032 4754 7033 4755 7033 4682 7033 4682 7034 4755 7034 4683 7034 4755 7035 4756 7035 4683 7035 4683 7036 4756 7036 4684 7036 4756 7037 4757 7037 4684 7037 4684 7038 4757 7038 4685 7038 4757 7039 4758 7039 4685 7039 4685 7040 4758 7040 4686 7040 4758 7041 4759 7041 4686 7041 4686 7042 4759 7042 4687 7042 4759 7043 4760 7043 4687 7043 4687 7044 4760 7044 4688 7044 4760 7045 4761 7045 4688 7045 4688 7046 4761 7046 4689 7046 4761 7047 4762 7047 4689 7047 4689 7048 4762 7048 4690 7048 4762 7049 4763 7049 4690 7049 4690 7050 4763 7050 4691 7050 4763 7051 4764 7051 4691 7051 4691 7052 4764 7052 4692 7052 4764 7053 4765 7053 4692 7053 4692 7054 4765 7054 4693 7054 4765 7055 4766 7055 4693 7055 4693 7056 4766 7056 4694 7056 4766 7057 4767 7057 4694 7057 4694 7058 4767 7058 4695 7058 4767 7059 4696 7059 4695 7059 4767 7060 4768 7060 4696 7060 4768 7061 4769 7061 4696 7061 4696 7062 4769 7062 4697 7062 4769 7063 4770 7063 4697 7063 4697 7064 4770 7064 4698 7064 4770 7065 4771 7065 4698 7065 4698 7066 4771 7066 4699 7066 4771 7067 4772 7067 4699 7067 4699 7068 4772 7068 4700 7068 4772 7069 4773 7069 4700 7069 4700 7070 4773 7070 4701 7070 4773 7071 4774 7071 4701 7071 4701 7072 4774 7072 4702 7072 4774 7073 4775 7073 4702 7073 4702 7074 4775 7074 4703 7074 4775 7075 4776 7075 4703 7075 4703 7076 4776 7076 4704 7076 4776 7077 4777 7077 4704 7077 4704 7078 4777 7078 4705 7078 4777 7079 4778 7079 4705 7079 4705 7080 4778 7080 4706 7080 4778 7081 4779 7081 4706 7081 4706 7082 4779 7082 4707 7082 4779 7083 4780 7083 4707 7083 4707 7084 4780 7084 4708 7084 4780 7085 4781 7085 4708 7085 4708 7086 4781 7086 4709 7086 4781 7087 4782 7087 4709 7087 4709 7088 4782 7088 4710 7088 4782 7089 4783 7089 4710 7089 4710 7090 4783 7090 4711 7090 4783 7091 4784 7091 4711 7091 4711 7092 4784 7092 4712 7092 4784 7093 4785 7093 4712 7093 4712 7094 4785 7094 4713 7094 4785 7095 4786 7095 4713 7095 4713 7096 4786 7096 4714 7096 4786 7097 4787 7097 4714 7097 4714 7098 4787 7098 4715 7098 4787 7099 4788 7099 4715 7099 4715 7100 4788 7100 4716 7100 4788 7101 4789 7101 4716 7101 4716 7102 4789 7102 4717 7102 4789 7103 4790 7103 4717 7103 4717 7104 4790 7104 4718 7104 4790 7105 4791 7105 4718 7105 4718 7106 4791 7106 4719 7106 4791 7107 4792 7107 4719 7107 4719 7108 4792 7108 4720 7108 4792 7109 4793 7109 4720 7109 4720 7110 4793 7110 4721 7110 4793 7111 4794 7111 4721 7111 4721 7112 4794 7112 4722 7112 4794 7113 4795 7113 4722 7113 4722 7114 4795 7114 4723 7114 4795 7115 4796 7115 4723 7115 4723 7116 4796 7116 4724 7116 4796 7117 4797 7117 4724 7117 4724 7118 4797 7118 4725 7118 4797 7119 4798 7119 4725 7119 4725 7120 4798 7120 4726 7120 4798 7121 4799 7121 4726 7121 4726 7122 4799 7122 4727 7122 4799 7123 4800 7123 4727 7123 4727 7124 4800 7124 4728 7124 4800 7125 4801 7125 4728 7125 4728 7126 4801 7126 4729 7126 4801 7127 4802 7127 4729 7127 4729 7128 4802 7128 4730 7128 4802 7129 4803 7129 4730 7129 4730 7130 4803 7130 4731 7130 4803 7131 4804 7131 4731 7131 4731 7132 4804 7132 4732 7132 4804 7133 4805 7133 4732 7133 4732 7134 4805 7134 4733 7134 4805 7135 4806 7135 4733 7135 4733 7136 4806 7136 4734 7136 4806 7137 4807 7137 4734 7137 4734 7138 4807 7138 4735 7138 4807 7139 4808 7139 4735 7139 4735 7140 4808 7140 4736 7140 4808 7141 4809 7141 4736 7141 4736 7142 4809 7142 4737 7142 4809 7143 4810 7143 4737 7143 4737 7144 4810 7144 4738 7144 4810 7145 4811 7145 4738 7145 4738 7146 4811 7146 4739 7146 4811 7147 4812 7147 4739 7147 4739 7148 4812 7148 4740 7148 4812 7149 4813 7149 4740 7149 4740 7150 4813 7150 4741 7150 4813 7151 4814 7151 4741 7151 4741 7152 4814 7152 4742 7152 4814 7153 4815 7153 4742 7153 4742 7154 4815 7154 4743 7154 4815 7155 4816 7155 4743 7155 4743 7156 4816 7156 4744 7156 4816 7157 4817 7157 4744 7157 4744 7158 4817 7158 4745 7158 4817 7159 4818 7159 4745 7159 4745 7160 4818 7160 4746 7160 4818 7161 4819 7161 4746 7161 4746 7162 4819 7162 4747 7162 4819 7163 4820 7163 4747 7163 4747 7164 4820 7164 4748 7164 4820 7165 4821 7165 4748 7165 4748 7166 4821 7166 4749 7166 4821 7167 4822 7167 4749 7167 4749 7168 4822 7168 4750 7168 4822 7169 4823 7169 4750 7169 4750 7170 4823 7170 4751 7170 4823 7171 4824 7171 4751 7171 4751 7172 4824 7172 4752 7172 4824 7173 4825 7173 4752 7173 4752 7174 4825 7174 4753 7174 4825 7175 4826 7175 4753 7175 4753 7176 4826 7176 4754 7176 4826 7177 4827 7177 4754 7177 4754 7178 4827 7178 4755 7178 4827 7179 4828 7179 4755 7179 4755 7180 4828 7180 4756 7180 4828 7181 4829 7181 4756 7181 4756 7182 4829 7182 4757 7182 4829 7183 4830 7183 4757 7183 4757 7184 4830 7184 4758 7184 4830 7185 4831 7185 4758 7185 4758 7186 4831 7186 4759 7186 4831 7187 4832 7187 4759 7187 4759 7188 4832 7188 4760 7188 4832 7189 4833 7189 4760 7189 4760 7190 4833 7190 4761 7190 4833 7191 4834 7191 4761 7191 4761 7192 4834 7192 4762 7192 4834 7193 4835 7193 4762 7193 4762 7194 4835 7194 4763 7194 4835 7195 4836 7195 4763 7195 4763 7196 4836 7196 4764 7196 4836 7197 4837 7197 4764 7197 4764 7198 4837 7198 4765 7198 4837 7199 4838 7199 4765 7199 4765 7200 4838 7200 4766 7200 4838 7201 4839 7201 4766 7201 4766 7202 4839 7202 4767 7202 4839 7203 4768 7203 4767 7203 4839 7204 3007 7204 4768 7204 3007 7205 2664 7205 4768 7205 4768 7206 2664 7206 4769 7206 2664 7207 2621 7207 4769 7207 4769 7208 2621 7208 4770 7208 2621 7209 1658 7209 4770 7209 4770 7210 1658 7210 4771 7210 1658 7211 2584 7211 4771 7211 4771 7212 2584 7212 4772 7212 2584 7213 3000 7213 4772 7213 4772 7214 3000 7214 4773 7214 3000 7215 2998 7215 4773 7215 4773 7216 2998 7216 4774 7216 2998 7217 2996 7217 4774 7217 4774 7218 2996 7218 4775 7218 2996 7219 2549 7219 4775 7219 4775 7220 2549 7220 4776 7220 2549 7221 2515 7221 4776 7221 4776 7222 2515 7222 4777 7222 2515 7223 2469 7223 4777 7223 4777 7224 2469 7224 4778 7224 2469 7225 2462 7225 4778 7225 4778 7226 2462 7226 4779 7226 2462 7227 2988 7227 4779 7227 4779 7228 2988 7228 4780 7228 2988 7229 2990 7229 4780 7229 4780 7230 2990 7230 4781 7230 2990 7231 2992 7231 4781 7231 4781 7232 2992 7232 4782 7232 2992 7233 2994 7233 4782 7233 4782 7234 2994 7234 4783 7234 2994 7235 2384 7235 4783 7235 4783 7236 2384 7236 4784 7236 2384 7237 2304 7237 4784 7237 4784 7238 2304 7238 4785 7238 2304 7239 2301 7239 4785 7239 4785 7240 2301 7240 4786 7240 2301 7241 2980 7241 4786 7241 4786 7242 2980 7242 4787 7242 2980 7243 2982 7243 4787 7243 4787 7244 2982 7244 4788 7244 2982 7245 2984 7245 4788 7245 4788 7246 2984 7246 4789 7246 2984 7247 2986 7247 4789 7247 4789 7248 2986 7248 4790 7248 2986 7249 2276 7249 4790 7249 4790 7250 2276 7250 4791 7250 2276 7251 2213 7251 4791 7251 4791 7252 2213 7252 4792 7252 2213 7253 2208 7253 4792 7253 4792 7254 2208 7254 4793 7254 2208 7255 2243 7255 4793 7255 4793 7256 2243 7256 4794 7256 2243 7257 2974 7257 4794 7257 4794 7258 2974 7258 4795 7258 2974 7259 2976 7259 4795 7259 4795 7260 2976 7260 4796 7260 2976 7261 2978 7261 4796 7261 4796 7262 2978 7262 4797 7262 2978 7263 2150 7263 4797 7263 4797 7264 2150 7264 4798 7264 2150 7265 2106 7265 4798 7265 4798 7266 2106 7266 4799 7266 2106 7267 2102 7267 4799 7267 4799 7268 2102 7268 4800 7268 2102 7269 2071 7269 4800 7269 4800 7270 2071 7270 4801 7270 2071 7271 2967 7271 4801 7271 4801 7272 2967 7272 4802 7272 2967 7273 2969 7273 4802 7273 4802 7274 2969 7274 4803 7274 2969 7275 2971 7275 4803 7275 4803 7276 2971 7276 4804 7276 2971 7277 2027 7277 4804 7277 4804 7278 2027 7278 4805 7278 2027 7279 1984 7279 4805 7279 4805 7280 1984 7280 4806 7280 1984 7281 1661 7281 4806 7281 4806 7282 1661 7282 4807 7282 1661 7283 1944 7283 4807 7283 4807 7284 1944 7284 4808 7284 1944 7285 2964 7285 4808 7285 4808 7286 2964 7286 4809 7286 2964 7287 2962 7287 4809 7287 4809 7288 2962 7288 4810 7288 2962 7289 2960 7289 4810 7289 4810 7290 2960 7290 4811 7290 2960 7291 1912 7291 4811 7291 4811 7292 1912 7292 4812 7292 1912 7293 1878 7293 4812 7293 4812 7294 1878 7294 4813 7294 1878 7295 1835 7295 4813 7295 4813 7296 1835 7296 4814 7296 1835 7297 1828 7297 4814 7297 4814 7298 1828 7298 4815 7298 1828 7299 2952 7299 4815 7299 4815 7300 2952 7300 4816 7300 2952 7301 2954 7301 4816 7301 4816 7302 2954 7302 4817 7302 2954 7303 2956 7303 4817 7303 4817 7304 2956 7304 4818 7304 2956 7305 2958 7305 4818 7305 4818 7306 2958 7306 4819 7306 2958 7307 1747 7307 4819 7307 4819 7308 1747 7308 4820 7308 1747 7309 1667 7309 4820 7309 4820 7310 1667 7310 4821 7310 1667 7311 1664 7311 4821 7311 4821 7312 1664 7312 4822 7312 1664 7313 2944 7313 4822 7313 4822 7314 2944 7314 4823 7314 2944 7315 2946 7315 4823 7315 4823 7316 2946 7316 4824 7316 2946 7317 2948 7317 4824 7317 4824 7318 2948 7318 4825 7318 2948 7319 2950 7319 4825 7319 4825 7320 2950 7320 4826 7320 2950 7321 2913 7321 4826 7321 4826 7322 2913 7322 4827 7322 2913 7323 2850 7323 4827 7323 4827 7324 2850 7324 4828 7324 2850 7325 2845 7325 4828 7325 4828 7326 2845 7326 4829 7326 2845 7327 2880 7327 4829 7327 4829 7328 2880 7328 4830 7328 2880 7329 2938 7329 4830 7329 4830 7330 2938 7330 4831 7330 2938 7331 2940 7331 4831 7331 4831 7332 2940 7332 4832 7332 2940 7333 2942 7333 4832 7333 4832 7334 2942 7334 4833 7334 2942 7335 2787 7335 4833 7335 4833 7336 2787 7336 4834 7336 2787 7337 2743 7337 4834 7337 4834 7338 2743 7338 4835 7338 2743 7339 2739 7339 4835 7339 4835 7340 2739 7340 4836 7340 2739 7341 2708 7341 4836 7341 4836 7342 2708 7342 4837 7342 2708 7343 3003 7343 4837 7343 4837 7344 3003 7344 4838 7344 3003 7345 3005 7345 4838 7345 4838 7346 3005 7346 4839 7346 3005 7347 3007 7347 4839 7347 4840 7348 2248 7348 4841 7348 2248 7349 2985 7349 4841 7349 4841 7350 2985 7350 4842 7350 2985 7351 2983 7351 4842 7351 4842 7352 2983 7352 4843 7352 2983 7353 2981 7353 4843 7353 4843 7354 2981 7354 4844 7354 2981 7355 2979 7355 4844 7355 4844 7356 2979 7356 4845 7356 2979 7357 2332 7357 4845 7357 4845 7358 2332 7358 4846 7358 2332 7359 2358 7359 4846 7359 4846 7360 2358 7360 4847 7360 2358 7361 2363 7361 4847 7361 4847 7362 2363 7362 4848 7362 2363 7363 2993 7363 4848 7363 4848 7364 2993 7364 4849 7364 2993 7365 2991 7365 4849 7365 4849 7366 2991 7366 4850 7366 2991 7367 2989 7367 4850 7367 4850 7368 2989 7368 4851 7368 2989 7369 2987 7369 4851 7369 4851 7370 2987 7370 4852 7370 2987 7371 2476 7371 4852 7371 4852 7372 2476 7372 4853 7372 2476 7373 2431 7373 4853 7373 4853 7374 2431 7374 4854 7374 2431 7375 2427 7375 4854 7375 4854 7376 2427 7376 4855 7376 2427 7377 2995 7377 4855 7377 4855 7378 2995 7378 4856 7378 2995 7379 2997 7379 4856 7379 4856 7380 2997 7380 4857 7380 2997 7381 2999 7381 4857 7381 4857 7382 2999 7382 4858 7382 2999 7383 3001 7383 4858 7383 4858 7384 3001 7384 4859 7384 3001 7385 2581 7385 4859 7385 4859 7386 2581 7386 4860 7386 2581 7387 2558 7387 4860 7387 4860 7388 2558 7388 4861 7388 2558 7389 2554 7389 4861 7389 4861 7390 2554 7390 4862 7390 2554 7391 2647 7391 4862 7391 4862 7392 2647 7392 4863 7392 2647 7393 3006 7393 4863 7393 4863 7394 3006 7394 4864 7394 3006 7395 3004 7395 4864 7395 4864 7396 3004 7396 4865 7396 3004 7397 3002 7397 4865 7397 4865 7398 3002 7398 4866 7398 3002 7399 2723 7399 4866 7399 4866 7400 2723 7400 4867 7400 2723 7401 2681 7401 4867 7401 4867 7402 2681 7402 4868 7402 2681 7403 2694 7403 4868 7403 4868 7404 2694 7404 4869 7404 2694 7405 2769 7405 4869 7405 4869 7406 2769 7406 4870 7406 2769 7407 2941 7407 4870 7407 4870 7408 2941 7408 4871 7408 2941 7409 2939 7409 4871 7409 4871 7410 2939 7410 4872 7410 2939 7411 2937 7411 4872 7411 4872 7412 2937 7412 4873 7412 2937 7413 2936 7413 4873 7413 4873 7414 2936 7414 4874 7414 2936 7415 2811 7415 4874 7415 4874 7416 2811 7416 4875 7416 2811 7417 2827 7417 4875 7417 4875 7418 2827 7418 4876 7418 2827 7419 2885 7419 4876 7419 4876 7420 2885 7420 4877 7420 2885 7421 2949 7421 4877 7421 4877 7422 2949 7422 4878 7422 2949 7423 2947 7423 4878 7423 4878 7424 2947 7424 4879 7424 2947 7425 2945 7425 4879 7425 4879 7426 2945 7426 4880 7426 2945 7427 2943 7427 4880 7427 4880 7428 2943 7428 4881 7428 2943 7429 1695 7429 4881 7429 4881 7430 1695 7430 4882 7430 1695 7431 1721 7431 4882 7431 4882 7432 1721 7432 4883 7432 1721 7433 1726 7433 4883 7433 4883 7434 1726 7434 4884 7434 1726 7435 2957 7435 4884 7435 4884 7436 2957 7436 4885 7436 2957 7437 2955 7437 4885 7437 4885 7438 2955 7438 4886 7438 2955 7439 2953 7439 4886 7439 4886 7440 2953 7440 4887 7440 2953 7441 2951 7441 4887 7441 4887 7442 2951 7442 4888 7442 2951 7443 1825 7443 4888 7443 4888 7444 1825 7444 4889 7444 1825 7445 1794 7445 4889 7445 4889 7446 1794 7446 4890 7446 1794 7447 1790 7447 4890 7447 4890 7448 1790 7448 4891 7448 1790 7449 2959 7449 4891 7449 4891 7450 2959 7450 4892 7450 2959 7451 2961 7451 4892 7451 4892 7452 2961 7452 4893 7452 2961 7453 2963 7453 4893 7453 4893 7454 2963 7454 4894 7454 2963 7455 2965 7455 4894 7455 4894 7456 2965 7456 4895 7456 2965 7457 1950 7457 4895 7457 4895 7458 1950 7458 4896 7458 1950 7459 1921 7459 4896 7459 4896 7460 1921 7460 4897 7460 1921 7461 1917 7461 4897 7461 4897 7462 1917 7462 4898 7462 1917 7463 2010 7463 4898 7463 4898 7464 2010 7464 4899 7464 2010 7465 2970 7465 4899 7465 4899 7466 2970 7466 4900 7466 2970 7467 2968 7467 4900 7467 4900 7468 2968 7468 4901 7468 2968 7469 2966 7469 4901 7469 4901 7470 2966 7470 4902 7470 2966 7471 2086 7471 4902 7471 4902 7472 2086 7472 4903 7472 2086 7473 2044 7473 4903 7473 4903 7474 2044 7474 4904 7474 2044 7475 2057 7475 4904 7475 4904 7476 2057 7476 4905 7476 2057 7477 2132 7477 4905 7477 4905 7478 2132 7478 4906 7478 2132 7479 2977 7479 4906 7479 4906 7480 2977 7480 4907 7480 2977 7481 2975 7481 4907 7481 4907 7482 2975 7482 4908 7482 2975 7483 2973 7483 4908 7483 4908 7484 2973 7484 4909 7484 2973 7485 2972 7485 4909 7485 4909 7486 2972 7486 4910 7486 2972 7487 2174 7487 4910 7487 4910 7488 2174 7488 4911 7488 2174 7489 2190 7489 4911 7489 4911 7490 2190 7490 4840 7490 2190 7491 2248 7491 4840 7491 4912 7492 4913 7492 4914 7492 4913 7493 4915 7493 4914 7493 4914 7494 4915 7494 4916 7494 4915 7495 4917 7495 4916 7495 4916 7496 4917 7496 4918 7496 4917 7497 4919 7497 4918 7497 4918 7498 4919 7498 4920 7498 4919 7499 4921 7499 4920 7499 4920 7500 4921 7500 4922 7500 4921 7501 4923 7501 4922 7501 4922 7502 4923 7502 4924 7502 4923 7503 4925 7503 4924 7503 4924 7504 4925 7504 4926 7504 4925 7505 4927 7505 4926 7505 4926 7506 4927 7506 4928 7506 4927 7507 4929 7507 4928 7507 4928 7508 4929 7508 4930 7508 4929 7509 4931 7509 4930 7509 4930 7510 4931 7510 4932 7510 4931 7511 4933 7511 4932 7511 4932 7512 4933 7512 4934 7512 4933 7513 4935 7513 4934 7513 4934 7514 4935 7514 4936 7514 4935 7515 4937 7515 4936 7515 4936 7516 4937 7516 4938 7516 4937 7517 4939 7517 4938 7517 4938 7518 4939 7518 4940 7518 4939 7519 4941 7519 4940 7519 4940 7520 4941 7520 4942 7520 4941 7521 4943 7521 4942 7521 4942 7522 4943 7522 4944 7522 4943 7523 4945 7523 4944 7523 4944 7524 4945 7524 4946 7524 4945 7525 4947 7525 4946 7525 4946 7526 4947 7526 4948 7526 4947 7527 4949 7527 4948 7527 4948 7528 4949 7528 4950 7528 4949 7529 4951 7529 4950 7529 4950 7530 4951 7530 4952 7530 4951 7531 4953 7531 4952 7531 4952 7532 4953 7532 4954 7532 4953 7533 4955 7533 4954 7533 4954 7534 4955 7534 4956 7534 4955 7535 4957 7535 4956 7535 4956 7536 4957 7536 4958 7536 4957 7537 4959 7537 4958 7537 4958 7538 4959 7538 4960 7538 4959 7539 4961 7539 4960 7539 4960 7540 4961 7540 4962 7540 4961 7541 4963 7541 4962 7541 4962 7542 4963 7542 4964 7542 4963 7543 4965 7543 4964 7543 4964 7544 4965 7544 4966 7544 4965 7545 4967 7545 4966 7545 4966 7546 4967 7546 4968 7546 4967 7547 4969 7547 4968 7547 4968 7548 4969 7548 4970 7548 4969 7549 4971 7549 4970 7549 4970 7550 4971 7550 4972 7550 4971 7551 4973 7551 4972 7551 4972 7552 4973 7552 4974 7552 4973 7553 4975 7553 4974 7553 4974 7554 4975 7554 4976 7554 4975 7555 4977 7555 4976 7555 4976 7556 4977 7556 4978 7556 4977 7557 4979 7557 4978 7557 4978 7558 4979 7558 4980 7558 4979 7559 4981 7559 4980 7559 4980 7560 4981 7560 4982 7560 4981 7561 4983 7561 4982 7561 4982 7562 4983 7562 4984 7562 4983 7563 4985 7563 4984 7563 4984 7564 4985 7564 4986 7564 4985 7565 4987 7565 4986 7565 4986 7566 4987 7566 4988 7566 4987 7567 4989 7567 4988 7567 4988 7568 4989 7568 4990 7568 4989 7569 4991 7569 4990 7569 4990 7570 4991 7570 4992 7570 4991 7571 4993 7571 4992 7571 4992 7572 4993 7572 4994 7572 4993 7573 4995 7573 4994 7573 4994 7574 4995 7574 4996 7574 4995 7575 4997 7575 4996 7575 4996 7576 4997 7576 4998 7576 4997 7577 4999 7577 4998 7577 4998 7578 4999 7578 5000 7578 4999 7579 5001 7579 5000 7579 5000 7580 5001 7580 5002 7580 5001 7581 5003 7581 5002 7581 5002 7582 5003 7582 5004 7582 5003 7583 5005 7583 5004 7583 5004 7584 5005 7584 5006 7584 5005 7585 5007 7585 5006 7585 5006 7586 5007 7586 5008 7586 5007 7587 5009 7587 5008 7587 5008 7588 5009 7588 5010 7588 5009 7589 5011 7589 5010 7589 5010 7590 5011 7590 5012 7590 5011 7591 5013 7591 5012 7591 5012 7592 5013 7592 5014 7592 5013 7593 5015 7593 5014 7593 5014 7594 5015 7594 5016 7594 5015 7595 5017 7595 5016 7595 5016 7596 5017 7596 5018 7596 5017 7597 5019 7597 5018 7597 5018 7598 5019 7598 5020 7598 5019 7599 5021 7599 5020 7599 5020 7600 5021 7600 5022 7600 5021 7601 5023 7601 5022 7601 5022 7602 5023 7602 5024 7602 5023 7603 5025 7603 5024 7603 5024 7604 5025 7604 5026 7604 5025 7605 5027 7605 5026 7605 5026 7606 5027 7606 5028 7606 5027 7607 5029 7607 5028 7607 5028 7608 5029 7608 5030 7608 5029 7609 5031 7609 5030 7609 5030 7610 5031 7610 5032 7610 5031 7611 5033 7611 5032 7611 5032 7612 5033 7612 5034 7612 5033 7613 5035 7613 5034 7613 5034 7614 5035 7614 5036 7614 5035 7615 5037 7615 5036 7615 5036 7616 5037 7616 5038 7616 5037 7617 5039 7617 5038 7617 5038 7618 5039 7618 5040 7618 5039 7619 5041 7619 5040 7619 5040 7620 5041 7620 5042 7620 5041 7621 5043 7621 5042 7621 5042 7622 5043 7622 5044 7622 5043 7623 5045 7623 5044 7623 5044 7624 5045 7624 5046 7624 5045 7625 5047 7625 5046 7625 5046 7626 5047 7626 5048 7626 5047 7627 5049 7627 5048 7627 5048 7628 5049 7628 5050 7628 5049 7629 5051 7629 5050 7629 5050 7630 5051 7630 5052 7630 5051 7631 5053 7631 5052 7631 5052 7632 5053 7632 5054 7632 5053 7633 5055 7633 5054 7633 5054 7634 5055 7634 4912 7634 5055 7635 4913 7635 4912 7635 5056 7636 5057 7636 1091 7636 5058 7637 5059 7637 1120 7637 3562 7638 3563 7638 944 7638 3324 7639 3325 7639 989 7639 5060 7640 5061 7640 972 7640 5062 7641 5063 7641 972 7641 5063 7642 5064 7642 972 7642 972 7643 5064 7643 5060 7643 5065 7644 5066 7644 942 7644 5066 7645 5067 7645 942 7645 942 7646 5067 7646 5068 7646 5068 7647 5069 7647 942 7647 5069 7648 5070 7648 942 7648 942 7649 5070 7649 972 7649 5070 7650 5071 7650 972 7650 972 7651 5071 7651 5072 7651 5072 7652 5073 7652 972 7652 5073 7653 5074 7653 972 7653 972 7654 5074 7654 5075 7654 5075 7655 5076 7655 972 7655 5076 7656 5077 7656 972 7656 972 7657 5077 7657 5062 7657 5061 7658 5078 7658 972 7658 5078 7659 5079 7659 972 7659 972 7660 5079 7660 5080 7660 5080 7661 5081 7661 972 7661 5081 7662 5082 7662 972 7662 972 7663 5082 7663 5083 7663 5083 7664 5084 7664 972 7664 5084 7665 5085 7665 972 7665 972 7666 5085 7666 5086 7666 5086 7667 5087 7667 972 7667 5087 7668 5088 7668 972 7668 972 7669 5088 7669 5089 7669 5090 7670 5091 7670 4883 7670 5091 7671 5092 7671 4883 7671 4883 7672 5092 7672 5093 7672 5093 7673 5094 7673 4883 7673 5094 7674 5095 7674 4883 7674 4883 7675 5095 7675 5096 7675 5096 7676 5097 7676 4883 7676 5097 7677 5098 7677 4883 7677 4883 7678 5098 7678 5099 7678 5099 7679 5100 7679 4883 7679 5100 7680 5101 7680 4883 7680 4883 7681 5101 7681 5102 7681 5102 7682 5103 7682 4883 7682 5103 7683 5104 7683 4883 7683 4883 7684 5104 7684 5105 7684 5105 7685 5106 7685 4883 7685 5106 7686 5107 7686 4883 7686 4883 7687 5107 7687 5108 7687 5108 7688 5109 7688 4883 7688 5109 7689 5110 7689 4883 7689 4883 7690 5110 7690 5111 7690 5111 7691 5112 7691 4883 7691 5112 7692 5113 7692 4883 7692 4883 7693 5113 7693 5114 7693 5114 7694 5115 7694 4883 7694 5115 7695 5116 7695 4883 7695 4883 7696 5116 7696 4882 7696 5116 7697 5117 7697 4882 7697 4882 7698 5117 7698 5118 7698 5119 7699 5120 7699 4881 7699 5119 7700 4881 7700 5121 7700 5122 7701 5123 7701 4881 7701 5123 7702 5124 7702 4881 7702 4881 7703 5124 7703 5121 7703 5118 7704 5125 7704 4882 7704 5125 7705 5126 7705 4882 7705 4882 7706 5126 7706 5127 7706 5128 7707 5129 7707 4881 7707 5127 7708 5130 7708 4882 7708 5130 7709 5131 7709 4882 7709 4882 7710 5131 7710 4881 7710 5131 7711 5132 7711 4881 7711 4881 7712 5132 7712 5128 7712 5129 7713 5133 7713 4881 7713 5133 7714 5134 7714 4881 7714 4881 7715 5134 7715 5135 7715 5135 7716 5136 7716 4881 7716 5136 7717 5137 7717 4881 7717 4881 7718 5137 7718 5122 7718 5138 7719 5139 7719 953 7719 5120 7720 5140 7720 4881 7720 5140 7721 5141 7721 4881 7721 4881 7722 5141 7722 5142 7722 5142 7723 5143 7723 4881 7723 5143 7724 5144 7724 4881 7724 4881 7725 5144 7725 5145 7725 5145 7726 5146 7726 4881 7726 5146 7727 5147 7727 4881 7727 4881 7728 5147 7728 5148 7728 5148 7729 5149 7729 4881 7729 5149 7730 5150 7730 4881 7730 4881 7731 5150 7731 5151 7731 5152 7732 5153 7732 953 7732 5153 7733 5154 7733 953 7733 953 7734 5154 7734 5155 7734 5155 7735 5156 7735 953 7735 5156 7736 5157 7736 953 7736 953 7737 5157 7737 5158 7737 5158 7738 5159 7738 953 7738 5159 7739 5160 7739 953 7739 953 7740 5160 7740 5161 7740 5161 7741 5162 7741 953 7741 5162 7742 5163 7742 953 7742 953 7743 5163 7743 5138 7743 5139 7744 5164 7744 953 7744 5164 7745 5165 7745 953 7745 953 7746 5165 7746 5166 7746 5166 7747 5167 7747 953 7747 5167 7748 5168 7748 953 7748 953 7749 5168 7749 5169 7749 5169 7750 5170 7750 953 7750 5170 7751 5171 7751 953 7751 953 7752 5171 7752 5172 7752 5172 7753 5173 7753 953 7753 5173 7754 5174 7754 953 7754 953 7755 5174 7755 942 7755 5174 7756 5175 7756 942 7756 5175 7757 5176 7757 942 7757 942 7758 5176 7758 5177 7758 5177 7759 5178 7759 942 7759 5178 7760 5179 7760 942 7760 942 7761 5179 7761 5065 7761 3111 7762 3112 7762 4890 7762 3112 7763 3113 7763 4890 7763 3113 7764 3114 7764 4890 7764 4890 7765 3114 7765 3115 7765 3115 7766 3116 7766 4890 7766 3116 7767 3117 7767 4890 7767 4890 7768 3117 7768 3118 7768 3118 7769 3119 7769 4890 7769 3119 7770 3120 7770 4890 7770 4890 7771 3120 7771 3121 7771 3121 7772 3122 7772 4890 7772 3122 7773 3123 7773 4890 7773 4890 7774 3123 7774 3124 7774 3124 7775 3125 7775 4890 7775 3125 7776 3126 7776 4890 7776 4890 7777 3126 7777 4889 7777 3126 7778 3127 7778 4889 7778 4889 7779 3127 7779 3128 7779 3128 7780 3129 7780 4889 7780 3129 7781 3008 7781 4889 7781 4889 7782 3008 7782 3009 7782 3094 7783 3095 7783 991 7783 3086 7784 3087 7784 991 7784 3094 7785 991 7785 3093 7785 3087 7786 3088 7786 991 7786 3088 7787 3089 7787 991 7787 991 7788 3089 7788 3090 7788 3090 7789 3091 7789 991 7789 3091 7790 3092 7790 991 7790 991 7791 3092 7791 3093 7791 3100 7792 3101 7792 4891 7792 3095 7793 3096 7793 991 7793 3096 7794 3097 7794 991 7794 991 7795 3097 7795 3098 7795 3100 7796 4891 7796 3099 7796 3101 7797 3102 7797 4891 7797 3102 7798 3103 7798 4891 7798 4891 7799 3103 7799 3104 7799 3104 7800 3105 7800 4891 7800 3105 7801 3106 7801 4891 7801 4891 7802 3106 7802 3107 7802 3107 7803 3108 7803 4891 7803 3108 7804 3109 7804 4891 7804 4891 7805 3109 7805 4890 7805 3109 7806 3110 7806 4890 7806 4890 7807 3110 7807 3111 7807 3079 7808 3080 7808 992 7808 3080 7809 3081 7809 992 7809 992 7810 3081 7810 3082 7810 3062 7811 3063 7811 939 7811 3063 7812 3064 7812 939 7812 3064 7813 3065 7813 939 7813 3065 7814 3066 7814 939 7814 939 7815 3066 7815 3067 7815 3067 7816 3068 7816 939 7816 3068 7817 3069 7817 939 7817 939 7818 3069 7818 992 7818 3069 7819 3070 7819 992 7819 3070 7820 3071 7820 992 7820 3071 7821 3072 7821 992 7821 992 7822 3072 7822 3073 7822 3073 7823 3074 7823 992 7823 3074 7824 3075 7824 992 7824 992 7825 3075 7825 3076 7825 3076 7826 3077 7826 992 7826 3077 7827 3078 7827 992 7827 992 7828 3078 7828 3079 7828 3082 7829 3083 7829 992 7829 3083 7830 3084 7830 992 7830 992 7831 3084 7831 991 7831 3084 7832 3085 7832 991 7832 991 7833 3085 7833 3086 7833 3048 7834 3049 7834 952 7834 3018 7835 3019 7835 4888 7835 3019 7836 3020 7836 4888 7836 4888 7837 3020 7837 3021 7837 3009 7838 3010 7838 4889 7838 3010 7839 3011 7839 4889 7839 4889 7840 3011 7840 4888 7840 3011 7841 3012 7841 4888 7841 3012 7842 3013 7842 4888 7842 3013 7843 3014 7843 4888 7843 4888 7844 3014 7844 3015 7844 3015 7845 3016 7845 4888 7845 3016 7846 3017 7846 4888 7846 4888 7847 3017 7847 3018 7847 3021 7848 3022 7848 4888 7848 3022 7849 3023 7849 4888 7849 4888 7850 3023 7850 3024 7850 3035 7851 3036 7851 952 7851 3024 7852 3025 7852 4888 7852 3025 7853 3026 7853 4888 7853 4888 7854 3026 7854 3027 7854 3035 7855 952 7855 3034 7855 3027 7856 3028 7856 4888 7856 3028 7857 3029 7857 4888 7857 4888 7858 3029 7858 3030 7858 3030 7859 3031 7859 4888 7859 3031 7860 3032 7860 4888 7860 4888 7861 3032 7861 3033 7861 3036 7862 3037 7862 952 7862 3037 7863 3038 7863 952 7863 952 7864 3038 7864 3039 7864 3039 7865 3040 7865 952 7865 3040 7866 3041 7866 952 7866 952 7867 3041 7867 3042 7867 3042 7868 3043 7868 952 7868 3043 7869 3044 7869 952 7869 952 7870 3044 7870 3045 7870 3045 7871 3046 7871 952 7871 3046 7872 3047 7872 952 7872 952 7873 3047 7873 3048 7873 3049 7874 3050 7874 952 7874 3050 7875 3051 7875 952 7875 952 7876 3051 7876 3052 7876 3059 7877 3060 7877 939 7877 3060 7878 3061 7878 939 7878 939 7879 3061 7879 3062 7879 3052 7880 3053 7880 952 7880 3053 7881 3054 7881 952 7881 952 7882 3054 7882 3055 7882 3055 7883 3056 7883 952 7883 3056 7884 3057 7884 952 7884 952 7885 3057 7885 939 7885 3057 7886 3058 7886 939 7886 939 7887 3058 7887 3059 7887 4897 7888 3357 7888 3360 7888 3360 7889 3361 7889 4897 7889 3361 7890 3362 7890 4897 7890 4897 7891 3362 7891 3363 7891 3363 7892 3364 7892 4897 7892 3364 7893 3365 7893 4897 7893 4897 7894 3365 7894 3366 7894 3366 7895 3367 7895 4897 7895 3367 7896 3368 7896 4897 7896 4897 7897 3368 7897 3369 7897 3369 7898 3370 7898 4897 7898 3370 7899 3371 7899 4897 7899 4897 7900 3371 7900 4896 7900 3371 7901 3372 7901 4896 7901 4896 7902 3372 7902 3373 7902 3373 7903 3253 7903 4896 7903 3253 7904 3254 7904 4896 7904 4896 7905 3254 7905 3255 7905 3255 7906 3256 7906 4896 7906 3256 7907 3257 7907 4896 7907 4896 7908 3257 7908 3258 7908 3328 7909 3329 7909 988 7909 3328 7910 988 7910 3327 7910 989 7911 3325 7911 988 7911 3325 7912 3326 7912 988 7912 988 7913 3326 7913 3327 7913 3339 7914 3340 7914 988 7914 3329 7915 3330 7915 988 7915 3330 7916 3331 7916 988 7916 988 7917 3331 7917 3332 7917 3339 7918 988 7918 3338 7918 3332 7919 3333 7919 988 7919 3333 7920 3334 7920 988 7920 988 7921 3334 7921 3335 7921 3335 7922 3336 7922 988 7922 3336 7923 3337 7923 988 7923 988 7924 3337 7924 3338 7924 3340 7925 3341 7925 988 7925 3341 7926 3342 7926 988 7926 988 7927 3342 7927 3343 7927 3344 7928 3345 7928 4898 7928 3345 7929 3346 7929 4898 7929 4898 7930 3346 7930 3347 7930 3347 7931 3348 7931 4898 7931 3348 7932 3349 7932 4898 7932 4898 7933 3349 7933 3350 7933 3350 7934 3351 7934 4898 7934 3351 7935 3352 7935 4898 7935 4898 7936 3352 7936 3353 7936 3353 7937 3354 7937 4898 7937 3354 7938 3355 7938 4898 7938 4898 7939 3355 7939 3356 7939 3356 7940 3252 7940 4898 7940 3252 7941 3359 7941 4898 7941 4898 7942 3359 7942 4897 7942 3359 7943 3358 7943 4897 7943 4897 7944 3358 7944 3357 7944 3302 7945 3303 7945 949 7945 3303 7946 3304 7946 949 7946 3304 7947 3305 7947 949 7947 3305 7948 3306 7948 949 7948 949 7949 3306 7949 3307 7949 3307 7950 3308 7950 949 7950 3308 7951 3309 7951 949 7951 949 7952 3309 7952 3310 7952 3310 7953 3311 7953 949 7953 3311 7954 3312 7954 949 7954 949 7955 3312 7955 989 7955 3312 7956 3313 7956 989 7956 3313 7957 3314 7957 989 7957 989 7958 3314 7958 3315 7958 3315 7959 3316 7959 989 7959 3316 7960 3317 7960 989 7960 989 7961 3317 7961 3318 7961 3318 7962 3319 7962 989 7962 3319 7963 3320 7963 989 7963 989 7964 3320 7964 3321 7964 3321 7965 3322 7965 989 7965 3322 7966 3323 7966 989 7966 989 7967 3323 7967 3324 7967 3265 7968 3266 7968 4895 7968 3262 7969 3263 7969 4895 7969 3263 7970 3264 7970 4895 7970 4895 7971 3264 7971 3265 7971 3258 7972 3259 7972 4896 7972 3259 7973 3260 7973 4896 7973 4896 7974 3260 7974 4895 7974 3260 7975 3261 7975 4895 7975 4895 7976 3261 7976 3262 7976 3266 7977 3267 7977 4895 7977 3267 7978 3268 7978 4895 7978 4895 7979 3268 7979 3269 7979 3269 7980 3270 7980 4895 7980 3270 7981 3271 7981 4895 7981 4895 7982 3271 7982 3272 7982 3279 7983 3280 7983 948 7983 3272 7984 3273 7984 4895 7984 3273 7985 3274 7985 4895 7985 4895 7986 3274 7986 3275 7986 3275 7987 3276 7987 4895 7987 3276 7988 3277 7988 4895 7988 4895 7989 3277 7989 3278 7989 3280 7990 3281 7990 948 7990 3281 7991 3282 7991 948 7991 948 7992 3282 7992 3283 7992 3283 7993 3284 7993 948 7993 3284 7994 3285 7994 948 7994 948 7995 3285 7995 3286 7995 3286 7996 3287 7996 948 7996 3287 7997 3288 7997 948 7997 948 7998 3288 7998 3289 7998 3289 7999 3290 7999 948 7999 3290 8000 3291 8000 948 8000 948 8001 3291 8001 3292 8001 3292 8002 3293 8002 948 8002 3293 8003 3294 8003 948 8003 948 8004 3294 8004 3295 8004 3295 8005 3296 8005 948 8005 3296 8006 3297 8006 948 8006 948 8007 3297 8007 3298 8007 3298 8008 3299 8008 948 8008 3299 8009 3300 8009 948 8009 948 8010 3300 8010 949 8010 3300 8011 3301 8011 949 8011 949 8012 3301 8012 3302 8012 3606 8013 3607 8013 4904 8013 3607 8014 3608 8014 4904 8014 4904 8015 3608 8015 3609 8015 3609 8016 3610 8016 4904 8016 3610 8017 3611 8017 4904 8017 4904 8018 3611 8018 3612 8018 3495 8019 3496 8019 4903 8019 3612 8020 3613 8020 4904 8020 3613 8021 3614 8021 4904 8021 4904 8022 3614 8022 4903 8022 3614 8023 3615 8023 4903 8023 4903 8024 3615 8024 3495 8024 3496 8025 3497 8025 4903 8025 3497 8026 3498 8026 4903 8026 4903 8027 3498 8027 3499 8027 3499 8028 3500 8028 4903 8028 3500 8029 3501 8029 4903 8029 4903 8030 3501 8030 3502 8030 3502 8031 3503 8031 4903 8031 3503 8032 3504 8032 4903 8032 4903 8033 3504 8033 3505 8033 3568 8034 3569 8034 1006 8034 3569 8035 3570 8035 1006 8035 1006 8036 3570 8036 3571 8036 3565 8037 3566 8037 1006 8037 3566 8038 3567 8038 1006 8038 1006 8039 3567 8039 3568 8039 944 8040 3563 8040 1006 8040 3563 8041 3564 8041 1006 8041 1006 8042 3564 8042 3565 8042 3581 8043 3582 8043 1006 8043 3571 8044 3572 8044 1006 8044 3572 8045 3573 8045 1006 8045 1006 8046 3573 8046 3574 8046 3581 8047 1006 8047 3580 8047 3574 8048 3575 8048 1006 8048 3575 8049 3576 8049 1006 8049 1006 8050 3576 8050 3577 8050 3577 8051 3578 8051 1006 8051 3578 8052 3579 8052 1006 8052 1006 8053 3579 8053 3580 8053 3582 8054 3583 8054 1006 8054 3583 8055 3584 8055 1006 8055 1006 8056 3584 8056 3585 8056 3586 8057 3587 8057 4905 8057 3587 8058 3588 8058 4905 8058 3588 8059 3589 8059 4905 8059 4905 8060 3589 8060 3590 8060 3590 8061 3591 8061 4905 8061 3591 8062 3592 8062 4905 8062 4905 8063 3592 8063 3593 8063 3593 8064 3594 8064 4905 8064 3594 8065 3595 8065 4905 8065 4905 8066 3595 8066 3596 8066 3596 8067 3597 8067 4905 8067 3597 8068 3598 8068 4905 8068 4905 8069 3598 8069 3599 8069 3599 8070 3600 8070 4905 8070 3600 8071 3601 8071 4905 8071 4905 8072 3601 8072 3602 8072 3602 8073 3603 8073 4905 8073 3603 8074 3604 8074 4905 8074 4905 8075 3604 8075 4904 8075 3604 8076 3605 8076 4904 8076 4904 8077 3605 8077 3606 8077 3555 8078 3556 8078 944 8078 3539 8079 3542 8079 945 8079 3542 8080 3543 8080 945 8080 945 8081 3543 8081 3544 8081 3544 8082 3545 8082 945 8082 3545 8083 3546 8083 945 8083 945 8084 3546 8084 3547 8084 3555 8085 944 8085 3554 8085 3547 8086 3548 8086 945 8086 3548 8087 3549 8087 945 8087 945 8088 3549 8088 3550 8088 3550 8089 3551 8089 945 8089 3551 8090 3552 8090 945 8090 945 8091 3552 8091 944 8091 3552 8092 3553 8092 944 8092 944 8093 3553 8093 3554 8093 3556 8094 3557 8094 944 8094 3557 8095 3558 8095 944 8095 944 8096 3558 8096 3559 8096 3559 8097 3560 8097 944 8097 3560 8098 3561 8098 944 8098 944 8099 3561 8099 3562 8099 3505 8100 3506 8100 4903 8100 3506 8101 3507 8101 4903 8101 4903 8102 3507 8102 4902 8102 3507 8103 3508 8103 4902 8103 4902 8104 3508 8104 3509 8104 3509 8105 3510 8105 4902 8105 3510 8106 3511 8106 4902 8106 4902 8107 3511 8107 3512 8107 3512 8108 3513 8108 4902 8108 3513 8109 3514 8109 4902 8109 4902 8110 3514 8110 3515 8110 3522 8111 3523 8111 946 8111 3515 8112 3516 8112 4902 8112 3516 8113 3517 8113 4902 8113 4902 8114 3517 8114 3518 8114 3518 8115 3519 8115 4902 8115 3519 8116 3520 8116 4902 8116 4902 8117 3520 8117 3521 8117 3523 8118 3524 8118 946 8118 3524 8119 3525 8119 946 8119 946 8120 3525 8120 3526 8120 3526 8121 3527 8121 946 8121 3527 8122 3528 8122 946 8122 946 8123 3528 8123 3529 8123 3529 8124 3530 8124 946 8124 3530 8125 3531 8125 946 8125 946 8126 3531 8126 3532 8126 3532 8127 3533 8127 946 8127 3533 8128 3534 8128 946 8128 946 8129 3534 8129 3535 8129 3535 8130 3536 8130 946 8130 3536 8131 3537 8131 946 8131 946 8132 3537 8132 3538 8132 3538 8133 3494 8133 946 8133 3494 8134 3541 8134 946 8134 946 8135 3541 8135 945 8135 3541 8136 3540 8136 945 8136 945 8137 3540 8137 3539 8137 3143 8138 3144 8138 4910 8138 3140 8139 3141 8139 4910 8139 3141 8140 3142 8140 4910 8140 4910 8141 3142 8141 3143 8141 3246 8142 3247 8142 4911 8142 3247 8143 3248 8143 4911 8143 4911 8144 3248 8144 3249 8144 3249 8145 3250 8145 4911 8145 3250 8146 3251 8146 4911 8146 4911 8147 3251 8147 4910 8147 3251 8148 3130 8148 4910 8148 4910 8149 3130 8149 3131 8149 3131 8150 3132 8150 4910 8150 3132 8151 3133 8151 4910 8151 4910 8152 3133 8152 3134 8152 3134 8153 3135 8153 4910 8153 3135 8154 3136 8154 4910 8154 4910 8155 3136 8155 3137 8155 3137 8156 3138 8156 4910 8156 3138 8157 3139 8157 4910 8157 4910 8158 3139 8158 3140 8158 3232 8159 3233 8159 4840 8159 3206 8160 3207 8160 1126 8160 3203 8161 3204 8161 1126 8161 3204 8162 3205 8162 1126 8162 1126 8163 3205 8163 3206 8163 3196 8164 3197 8164 1076 8164 3197 8165 3198 8165 1076 8165 1076 8166 3198 8166 1126 8166 3198 8167 3199 8167 1126 8167 1126 8168 3199 8168 3200 8168 3200 8169 3201 8169 1126 8169 3201 8170 3202 8170 1126 8170 1126 8171 3202 8171 3203 8171 3207 8172 3208 8172 1126 8172 3208 8173 3209 8173 1126 8173 1126 8174 3209 8174 3210 8174 3216 8175 3217 8175 1126 8175 3210 8176 3211 8176 1126 8176 3211 8177 3212 8177 1126 8177 1126 8178 3212 8178 3213 8178 3213 8179 3214 8179 1126 8179 3214 8180 3215 8180 1126 8180 1126 8181 3215 8181 3216 8181 3217 8182 3218 8182 1126 8182 3218 8183 3219 8183 1126 8183 1126 8184 3219 8184 3220 8184 3222 8185 3223 8185 4840 8185 3222 8186 4840 8186 3221 8186 3223 8187 3224 8187 4840 8187 3224 8188 3225 8188 4840 8188 4840 8189 3225 8189 3226 8189 3226 8190 3227 8190 4840 8190 3227 8191 3228 8191 4840 8191 4840 8192 3228 8192 3229 8192 3229 8193 3230 8193 4840 8193 3230 8194 3231 8194 4840 8194 4840 8195 3231 8195 3232 8195 3233 8196 3234 8196 4840 8196 3234 8197 3235 8197 4840 8197 4840 8198 3235 8198 3236 8198 3236 8199 3237 8199 4840 8199 3237 8200 3238 8200 4840 8200 4840 8201 3238 8201 3239 8201 3239 8202 3240 8202 4840 8202 3240 8203 3241 8203 4840 8203 4840 8204 3241 8204 3242 8204 3242 8205 3243 8205 4840 8205 3243 8206 3244 8206 4840 8206 4840 8207 3244 8207 4911 8207 3244 8208 3245 8208 4911 8208 4911 8209 3245 8209 3246 8209 3173 8210 3174 8210 1129 8210 3174 8211 3175 8211 1129 8211 3175 8212 3176 8212 1129 8212 3176 8213 3177 8213 1129 8213 1129 8214 3177 8214 3178 8214 3178 8215 3179 8215 1129 8215 3179 8216 3180 8216 1129 8216 1129 8217 3180 8217 3181 8217 3181 8218 3182 8218 1129 8218 3182 8219 3183 8219 1129 8219 1129 8220 3183 8220 3184 8220 3184 8221 3185 8221 1129 8221 3185 8222 3186 8222 1129 8222 1129 8223 3186 8223 1076 8223 3186 8224 3187 8224 1076 8224 3187 8225 3188 8225 1076 8225 3188 8226 3189 8226 1076 8226 1076 8227 3189 8227 3190 8227 3190 8228 3191 8228 1076 8228 3191 8229 3192 8229 1076 8229 1076 8230 3192 8230 3193 8230 3193 8231 3194 8231 1076 8231 3194 8232 3195 8232 1076 8232 1076 8233 3195 8233 3196 8233 3144 8234 3145 8234 4910 8234 3145 8235 3146 8235 4910 8235 4910 8236 3146 8236 4909 8236 3146 8237 3147 8237 4909 8237 3147 8238 3148 8238 4909 8238 4909 8239 3148 8239 3149 8239 3149 8240 3150 8240 4909 8240 3150 8241 3151 8241 4909 8241 4909 8242 3151 8242 3152 8242 3152 8243 3153 8243 4909 8243 3153 8244 3154 8244 4909 8244 4909 8245 3154 8245 3155 8245 3156 8246 3157 8246 1175 8246 3157 8247 3158 8247 1175 8247 3158 8248 3159 8248 1175 8248 1175 8249 3159 8249 3160 8249 3160 8250 3161 8250 1175 8250 3161 8251 3162 8251 1175 8251 1175 8252 3162 8252 3163 8252 3163 8253 3164 8253 1175 8253 3164 8254 3165 8254 1175 8254 1175 8255 3165 8255 3166 8255 3166 8256 3167 8256 1175 8256 3167 8257 3168 8257 1175 8257 1175 8258 3168 8258 3169 8258 3169 8259 3170 8259 1175 8259 3170 8260 3171 8260 1175 8260 1175 8261 3171 8261 1129 8261 3171 8262 3172 8262 1129 8262 1129 8263 3172 8263 3173 8263 3448 8264 3449 8264 1192 8264 3445 8265 3446 8265 1192 8265 3446 8266 3447 8266 1192 8266 1192 8267 3447 8267 3448 8267 3432 8268 3433 8268 1163 8268 3433 8269 3434 8269 1163 8269 1163 8270 3434 8270 3435 8270 3435 8271 3436 8271 1163 8271 3436 8272 3437 8272 1163 8272 1163 8273 3437 8273 1192 8273 3437 8274 3438 8274 1192 8274 1192 8275 3438 8275 3439 8275 3439 8276 3440 8276 1192 8276 3440 8277 3441 8277 1192 8277 1192 8278 3441 8278 3442 8278 3442 8279 3443 8279 1192 8279 3443 8280 3444 8280 1192 8280 1192 8281 3444 8281 3445 8281 3449 8282 3450 8282 1192 8282 3450 8283 3451 8283 1192 8283 1192 8284 3451 8284 3452 8284 3452 8285 3453 8285 1192 8285 3453 8286 3454 8286 1192 8286 1192 8287 3454 8287 3455 8287 3455 8288 3456 8288 1192 8288 3456 8289 3457 8289 1192 8289 1192 8290 3457 8290 3458 8290 3458 8291 3459 8291 1192 8291 3459 8292 3460 8292 1192 8292 1192 8293 3460 8293 3461 8293 3462 8294 3463 8294 4847 8294 3463 8295 3464 8295 4847 8295 4847 8296 3464 8296 3465 8296 3465 8297 3466 8297 4847 8297 3466 8298 3467 8298 4847 8298 4847 8299 3467 8299 3468 8299 3468 8300 3469 8300 4847 8300 3469 8301 3470 8301 4847 8301 4847 8302 3470 8302 3471 8302 3471 8303 3472 8303 4847 8303 3472 8304 3473 8304 4847 8304 4847 8305 3473 8305 3474 8305 3474 8306 3475 8306 4847 8306 3475 8307 3476 8307 4847 8307 4847 8308 3476 8308 3477 8308 3477 8309 3478 8309 4847 8309 3478 8310 3479 8310 4847 8310 4847 8311 3479 8311 3480 8311 3480 8312 3481 8312 4847 8312 3481 8313 3482 8313 4847 8313 4847 8314 3482 8314 3483 8314 3483 8315 3484 8315 4847 8315 3484 8316 3485 8316 4847 8316 4847 8317 3485 8317 3486 8317 3486 8318 3487 8318 4847 8318 3487 8319 3488 8319 4847 8319 4847 8320 3488 8320 4846 8320 3488 8321 3489 8321 4846 8321 4846 8322 3489 8322 3490 8322 3414 8323 3415 8323 1164 8323 3388 8324 3389 8324 4845 8324 3388 8325 4845 8325 3387 8325 3384 8326 3385 8326 4845 8326 3385 8327 3386 8327 4845 8327 4845 8328 3386 8328 3387 8328 3490 8329 3491 8329 4846 8329 3491 8330 3492 8330 4846 8330 4846 8331 3492 8331 3493 8331 3377 8332 3378 8332 4845 8332 3493 8333 3374 8333 4846 8333 3374 8334 3375 8334 4846 8334 4846 8335 3375 8335 4845 8335 3375 8336 3376 8336 4845 8336 4845 8337 3376 8337 3377 8337 3378 8338 3379 8338 4845 8338 3379 8339 3380 8339 4845 8339 4845 8340 3380 8340 3381 8340 3381 8341 3382 8341 4845 8341 3382 8342 3383 8342 4845 8342 4845 8343 3383 8343 3384 8343 3389 8344 3390 8344 4845 8344 3390 8345 3391 8345 4845 8345 4845 8346 3391 8346 3392 8346 3392 8347 3393 8347 4845 8347 3393 8348 3394 8348 4845 8348 4845 8349 3394 8349 3395 8349 3395 8350 3396 8350 4845 8350 3396 8351 3397 8351 4845 8351 4845 8352 3397 8352 3398 8352 3398 8353 3399 8353 4845 8353 3399 8354 3400 8354 4845 8354 4845 8355 3400 8355 3401 8355 3402 8356 3403 8356 1164 8356 3403 8357 3404 8357 1164 8357 1164 8358 3404 8358 3405 8358 3405 8359 3406 8359 1164 8359 3406 8360 3407 8360 1164 8360 1164 8361 3407 8361 3408 8361 3408 8362 3409 8362 1164 8362 3409 8363 3410 8363 1164 8363 1164 8364 3410 8364 3411 8364 3411 8365 3412 8365 1164 8365 3412 8366 3413 8366 1164 8366 1164 8367 3413 8367 3414 8367 3415 8368 3416 8368 1164 8368 3416 8369 3417 8369 1164 8369 1164 8370 3417 8370 3418 8370 3418 8371 3419 8371 1164 8371 3419 8372 3420 8372 1164 8372 1164 8373 3420 8373 3421 8373 3421 8374 3422 8374 1164 8374 3422 8375 3423 8375 1164 8375 1164 8376 3423 8376 3424 8376 3424 8377 3425 8377 1164 8377 3425 8378 3426 8378 1164 8378 1164 8379 3426 8379 1163 8379 3426 8380 3427 8380 1163 8380 3427 8381 3428 8381 1163 8381 1163 8382 3428 8382 3429 8382 3429 8383 3430 8383 1163 8383 3430 8384 3431 8384 1163 8384 1163 8385 3431 8385 3432 8385 5180 8386 5181 8386 4854 8386 5181 8387 5182 8387 4854 8387 5182 8388 5183 8388 4854 8388 4854 8389 5183 8389 5184 8389 5184 8390 5185 8390 4854 8390 5185 8391 5186 8391 4854 8391 4854 8392 5186 8392 5187 8392 5187 8393 5188 8393 4854 8393 5188 8394 5189 8394 4854 8394 4854 8395 5189 8395 5190 8395 5190 8396 5191 8396 4854 8396 5191 8397 5192 8397 4854 8397 4854 8398 5192 8398 5193 8398 5193 8399 5194 8399 4854 8399 5194 8400 5195 8400 4854 8400 4854 8401 5195 8401 4853 8401 5195 8402 5196 8402 4853 8402 4853 8403 5196 8403 5197 8403 5197 8404 5198 8404 4853 8404 5198 8405 5199 8405 4853 8405 4853 8406 5199 8406 5200 8406 5201 8407 5202 8407 1139 8407 5203 8408 5204 8408 1139 8408 5201 8409 1139 8409 5205 8409 5204 8410 5206 8410 1139 8410 5206 8411 5207 8411 1139 8411 1139 8412 5207 8412 5208 8412 5208 8413 5209 8413 1139 8413 5209 8414 5210 8414 1139 8414 1139 8415 5210 8415 5205 8415 5211 8416 5212 8416 4855 8416 5202 8417 5213 8417 1139 8417 5213 8418 5214 8418 1139 8418 1139 8419 5214 8419 5215 8419 5211 8420 4855 8420 5216 8420 5212 8421 5217 8421 4855 8421 5217 8422 5218 8422 4855 8422 4855 8423 5218 8423 5219 8423 5219 8424 5220 8424 4855 8424 5220 8425 5221 8425 4855 8425 4855 8426 5221 8426 5222 8426 5222 8427 5223 8427 4855 8427 5223 8428 5224 8428 4855 8428 4855 8429 5224 8429 4854 8429 5224 8430 5225 8430 4854 8430 4854 8431 5225 8431 5180 8431 5226 8432 5227 8432 1143 8432 5227 8433 5228 8433 1143 8433 1143 8434 5228 8434 5229 8434 5230 8435 5231 8435 1148 8435 5231 8436 5232 8436 1148 8436 5232 8437 5233 8437 1148 8437 5233 8438 5234 8438 1148 8438 1148 8439 5234 8439 5235 8439 5235 8440 5236 8440 1148 8440 5236 8441 5237 8441 1148 8441 1148 8442 5237 8442 1143 8442 5237 8443 5238 8443 1143 8443 5238 8444 5239 8444 1143 8444 5239 8445 5240 8445 1143 8445 1143 8446 5240 8446 5241 8446 5241 8447 5242 8447 1143 8447 5242 8448 5243 8448 1143 8448 1143 8449 5243 8449 5244 8449 5244 8450 5245 8450 1143 8450 5245 8451 5246 8451 1143 8451 1143 8452 5246 8452 5226 8452 5229 8453 5247 8453 1143 8453 5247 8454 5248 8454 1143 8454 1143 8455 5248 8455 1139 8455 5248 8456 5249 8456 1139 8456 1139 8457 5249 8457 5203 8457 5250 8458 5251 8458 4852 8458 5251 8459 5252 8459 4852 8459 4852 8460 5252 8460 5253 8460 5200 8461 5254 8461 4853 8461 5254 8462 5255 8462 4853 8462 4853 8463 5255 8463 4852 8463 5255 8464 5256 8464 4852 8464 5256 8465 5257 8465 4852 8465 5257 8466 5258 8466 4852 8466 4852 8467 5258 8467 5259 8467 5259 8468 5260 8468 4852 8468 5260 8469 5261 8469 4852 8469 4852 8470 5261 8470 5250 8470 5262 8471 5263 8471 1152 8471 5253 8472 5264 8472 4852 8472 5264 8473 5265 8473 4852 8473 4852 8474 5265 8474 5266 8474 5267 8475 5268 8475 1152 8475 5266 8476 5269 8476 4852 8476 5269 8477 5270 8477 4852 8477 4852 8478 5270 8478 5271 8478 5267 8479 1152 8479 5272 8479 5271 8480 5273 8480 4852 8480 5273 8481 5274 8481 4852 8481 4852 8482 5274 8482 5275 8482 5275 8483 5276 8483 4852 8483 5276 8484 5277 8484 4852 8484 4852 8485 5277 8485 5278 8485 5268 8486 5279 8486 1152 8486 5279 8487 5280 8487 1152 8487 1152 8488 5280 8488 5281 8488 5281 8489 5282 8489 1152 8489 5282 8490 5283 8490 1152 8490 1152 8491 5283 8491 5284 8491 5284 8492 5285 8492 1152 8492 5285 8493 5286 8493 1152 8493 1152 8494 5286 8494 5287 8494 5287 8495 5288 8495 1152 8495 5288 8496 5289 8496 1152 8496 1152 8497 5289 8497 5262 8497 5263 8498 5290 8498 1152 8498 5290 8499 5291 8499 1152 8499 1152 8500 5291 8500 5292 8500 5293 8501 5294 8501 1148 8501 5294 8502 5295 8502 1148 8502 1148 8503 5295 8503 5230 8503 5292 8504 5296 8504 1152 8504 5296 8505 5297 8505 1152 8505 1152 8506 5297 8506 5298 8506 5298 8507 5299 8507 1152 8507 5299 8508 5300 8508 1152 8508 1152 8509 5300 8509 1148 8509 5300 8510 5301 8510 1148 8510 1148 8511 5301 8511 5293 8511 4861 8512 5302 8512 5303 8512 5303 8513 5304 8513 4861 8513 5304 8514 5305 8514 4861 8514 4861 8515 5305 8515 5306 8515 5306 8516 5307 8516 4861 8516 5307 8517 5308 8517 4861 8517 4861 8518 5308 8518 5309 8518 5309 8519 5310 8519 4861 8519 5310 8520 5311 8520 4861 8520 4861 8521 5311 8521 5312 8521 5312 8522 5313 8522 4861 8522 5313 8523 5314 8523 4861 8523 4861 8524 5314 8524 4860 8524 5314 8525 5315 8525 4860 8525 4860 8526 5315 8526 5316 8526 5316 8527 5317 8527 4860 8527 5317 8528 5318 8528 4860 8528 4860 8529 5318 8529 5319 8529 5319 8530 5320 8530 4860 8530 5320 8531 5321 8531 4860 8531 4860 8532 5321 8532 5322 8532 5323 8533 5324 8533 1121 8533 5323 8534 1121 8534 5325 8534 1120 8535 5059 8535 1121 8535 5059 8536 5326 8536 1121 8536 1121 8537 5326 8537 5325 8537 5327 8538 5328 8538 1121 8538 5324 8539 5329 8539 1121 8539 5329 8540 5330 8540 1121 8540 1121 8541 5330 8541 5331 8541 5327 8542 1121 8542 5332 8542 5331 8543 5333 8543 1121 8543 5333 8544 5334 8544 1121 8544 1121 8545 5334 8545 5335 8545 5335 8546 5336 8546 1121 8546 5336 8547 5337 8547 1121 8547 1121 8548 5337 8548 5332 8548 5328 8549 5338 8549 1121 8549 5338 8550 5339 8550 1121 8550 1121 8551 5339 8551 5340 8551 5341 8552 5342 8552 4862 8552 5342 8553 5343 8553 4862 8553 4862 8554 5343 8554 5344 8554 5344 8555 5345 8555 4862 8555 5345 8556 5346 8556 4862 8556 4862 8557 5346 8557 5347 8557 5347 8558 5348 8558 4862 8558 5348 8559 5349 8559 4862 8559 4862 8560 5349 8560 5350 8560 5350 8561 5351 8561 4862 8561 5351 8562 5352 8562 4862 8562 4862 8563 5352 8563 5353 8563 5353 8564 5354 8564 4862 8564 5354 8565 5355 8565 4862 8565 4862 8566 5355 8566 4861 8566 5355 8567 5356 8567 4861 8567 4861 8568 5356 8568 5302 8568 5357 8569 5358 8569 1049 8569 5358 8570 5359 8570 1049 8570 5359 8571 5360 8571 1049 8571 5360 8572 5361 8572 1049 8572 1049 8573 5361 8573 5362 8573 5362 8574 5363 8574 1049 8574 5363 8575 5364 8575 1049 8575 1049 8576 5364 8576 5365 8576 5365 8577 5366 8577 1049 8577 5366 8578 5367 8578 1049 8578 1049 8579 5367 8579 1120 8579 5367 8580 5368 8580 1120 8580 5368 8581 5369 8581 1120 8581 1120 8582 5369 8582 5370 8582 5370 8583 5371 8583 1120 8583 5371 8584 5372 8584 1120 8584 1120 8585 5372 8585 5373 8585 5373 8586 5374 8586 1120 8586 5374 8587 5375 8587 1120 8587 1120 8588 5375 8588 5376 8588 5376 8589 5377 8589 1120 8589 5377 8590 5378 8590 1120 8590 1120 8591 5378 8591 5058 8591 5379 8592 5380 8592 4859 8592 5381 8593 5382 8593 4859 8593 5382 8594 5383 8594 4859 8594 4859 8595 5383 8595 5379 8595 5322 8596 5384 8596 4860 8596 5384 8597 5385 8597 4860 8597 4860 8598 5385 8598 4859 8598 5385 8599 5386 8599 4859 8599 4859 8600 5386 8600 5381 8600 5380 8601 5387 8601 4859 8601 5387 8602 5388 8602 4859 8602 4859 8603 5388 8603 5389 8603 5389 8604 5390 8604 4859 8604 5390 8605 5391 8605 4859 8605 4859 8606 5391 8606 5392 8606 5393 8607 5394 8607 1075 8607 5392 8608 5395 8608 4859 8608 5395 8609 5396 8609 4859 8609 4859 8610 5396 8610 5397 8610 5397 8611 5398 8611 4859 8611 5398 8612 5399 8612 4859 8612 4859 8613 5399 8613 5400 8613 5394 8614 5401 8614 1075 8614 5401 8615 5402 8615 1075 8615 1075 8616 5402 8616 5403 8616 5403 8617 5404 8617 1075 8617 5404 8618 5405 8618 1075 8618 1075 8619 5405 8619 5406 8619 5406 8620 5407 8620 1075 8620 5407 8621 5408 8621 1075 8621 1075 8622 5408 8622 5409 8622 5409 8623 5410 8623 1075 8623 5410 8624 5411 8624 1075 8624 1075 8625 5411 8625 5412 8625 5412 8626 5413 8626 1075 8626 5413 8627 5414 8627 1075 8627 1075 8628 5414 8628 5415 8628 5415 8629 5416 8629 1075 8629 5416 8630 5417 8630 1075 8630 1075 8631 5417 8631 5418 8631 5418 8632 5419 8632 1075 8632 5419 8633 5420 8633 1075 8633 1075 8634 5420 8634 1049 8634 5420 8635 5421 8635 1049 8635 1049 8636 5421 8636 5357 8636 5422 8637 5423 8637 4868 8637 5423 8638 5424 8638 4868 8638 4868 8639 5424 8639 5425 8639 5425 8640 5426 8640 4868 8640 5426 8641 5427 8641 4868 8641 4868 8642 5427 8642 5428 8642 5429 8643 5430 8643 4867 8643 5428 8644 5431 8644 4868 8644 5431 8645 5432 8645 4868 8645 4868 8646 5432 8646 4867 8646 5432 8647 5433 8647 4867 8647 4867 8648 5433 8648 5429 8648 5430 8649 5434 8649 4867 8649 5434 8650 5435 8650 4867 8650 4867 8651 5435 8651 5436 8651 5436 8652 5437 8652 4867 8652 5437 8653 5438 8653 4867 8653 4867 8654 5438 8654 5439 8654 5439 8655 5440 8655 4867 8655 5440 8656 5441 8656 4867 8656 4867 8657 5441 8657 5442 8657 5443 8658 5444 8658 1088 8658 5444 8659 5445 8659 1088 8659 1088 8660 5445 8660 5446 8660 5447 8661 5448 8661 1088 8661 5448 8662 5449 8662 1088 8662 1088 8663 5449 8663 5443 8663 1091 8664 5057 8664 1088 8664 5057 8665 5450 8665 1088 8665 1088 8666 5450 8666 5447 8666 5451 8667 5452 8667 1088 8667 5446 8668 5453 8668 1088 8668 5453 8669 5454 8669 1088 8669 1088 8670 5454 8670 5455 8670 5451 8671 1088 8671 5456 8671 5455 8672 5457 8672 1088 8672 5457 8673 5458 8673 1088 8673 1088 8674 5458 8674 5459 8674 5459 8675 5460 8675 1088 8675 5460 8676 5461 8676 1088 8676 1088 8677 5461 8677 5456 8677 5452 8678 5462 8678 1088 8678 5462 8679 5463 8679 1088 8679 1088 8680 5463 8680 5464 8680 5465 8681 5466 8681 4869 8681 5466 8682 5467 8682 4869 8682 5467 8683 5468 8683 4869 8683 4869 8684 5468 8684 5469 8684 5469 8685 5470 8685 4869 8685 5470 8686 5471 8686 4869 8686 4869 8687 5471 8687 5472 8687 5472 8688 5473 8688 4869 8688 5473 8689 5474 8689 4869 8689 4869 8690 5474 8690 5475 8690 5475 8691 5476 8691 4869 8691 5476 8692 5477 8692 4869 8692 4869 8693 5477 8693 5478 8693 5478 8694 5479 8694 4869 8694 5479 8695 5480 8695 4869 8695 4869 8696 5480 8696 5481 8696 5481 8697 5482 8697 4869 8697 5482 8698 5483 8698 4869 8698 4869 8699 5483 8699 4868 8699 5483 8700 5484 8700 4868 8700 4868 8701 5484 8701 5422 8701 5485 8702 5486 8702 1091 8702 5487 8703 5488 8703 1094 8703 5488 8704 5489 8704 1094 8704 1094 8705 5489 8705 5490 8705 5490 8706 5491 8706 1094 8706 5491 8707 5492 8707 1094 8707 1094 8708 5492 8708 5493 8708 5485 8709 1091 8709 5494 8709 5493 8710 5495 8710 1094 8710 5495 8711 5496 8711 1094 8711 1094 8712 5496 8712 5497 8712 5497 8713 5498 8713 1094 8713 5498 8714 5499 8714 1094 8714 1094 8715 5499 8715 1091 8715 5499 8716 5500 8716 1091 8716 1091 8717 5500 8717 5494 8717 5486 8718 5501 8718 1091 8718 5501 8719 5502 8719 1091 8719 1091 8720 5502 8720 5503 8720 5503 8721 5504 8721 1091 8721 5504 8722 5505 8722 1091 8722 1091 8723 5505 8723 5056 8723 5442 8724 5506 8724 4867 8724 5506 8725 5507 8725 4867 8725 4867 8726 5507 8726 4866 8726 5507 8727 5508 8727 4866 8727 4866 8728 5508 8728 5509 8728 5509 8729 5510 8729 4866 8729 5510 8730 5511 8730 4866 8730 4866 8731 5511 8731 5512 8731 5512 8732 5513 8732 4866 8732 5513 8733 5514 8733 4866 8733 4866 8734 5514 8734 5515 8734 5516 8735 5517 8735 1096 8735 5515 8736 5518 8736 4866 8736 5518 8737 5519 8737 4866 8737 4866 8738 5519 8738 5520 8738 5520 8739 5521 8739 4866 8739 5521 8740 5522 8740 4866 8740 4866 8741 5522 8741 5523 8741 5517 8742 5524 8742 1096 8742 5524 8743 5525 8743 1096 8743 1096 8744 5525 8744 5526 8744 5526 8745 5527 8745 1096 8745 5527 8746 5528 8746 1096 8746 1096 8747 5528 8747 5529 8747 5529 8748 5530 8748 1096 8748 5530 8749 5531 8749 1096 8749 1096 8750 5531 8750 5532 8750 5532 8751 5533 8751 1096 8751 5533 8752 5534 8752 1096 8752 1096 8753 5534 8753 5535 8753 5535 8754 5536 8754 1096 8754 5536 8755 5537 8755 1096 8755 1096 8756 5537 8756 5538 8756 5538 8757 5539 8757 1096 8757 5539 8758 5540 8758 1096 8758 1096 8759 5540 8759 1094 8759 5540 8760 5541 8760 1094 8760 1094 8761 5541 8761 5487 8761 5542 8762 5543 8762 4874 8762 5544 8763 5545 8763 4874 8763 5545 8764 5546 8764 4874 8764 4874 8765 5546 8765 5542 8765 5547 8766 5548 8766 4875 8766 5548 8767 5549 8767 4875 8767 4875 8768 5549 8768 5550 8768 5550 8769 5551 8769 4875 8769 5551 8770 5552 8770 4875 8770 4875 8771 5552 8771 4874 8771 5552 8772 5553 8772 4874 8772 4874 8773 5553 8773 5554 8773 5554 8774 5555 8774 4874 8774 5555 8775 5556 8775 4874 8775 4874 8776 5556 8776 5557 8776 5557 8777 5558 8777 4874 8777 5558 8778 5559 8778 4874 8778 4874 8779 5559 8779 5560 8779 5560 8780 5561 8780 4874 8780 5561 8781 5562 8781 4874 8781 4874 8782 5562 8782 5544 8782 5563 8783 5564 8783 936 8783 5565 8784 5566 8784 936 8784 5566 8785 5567 8785 936 8785 936 8786 5567 8786 5563 8786 5568 8787 5569 8787 958 8787 5569 8788 5570 8788 958 8788 958 8789 5570 8789 936 8789 5570 8790 5571 8790 936 8790 936 8791 5571 8791 5572 8791 5572 8792 5573 8792 936 8792 5573 8793 5574 8793 936 8793 936 8794 5574 8794 5565 8794 5575 8795 5576 8795 4876 8795 5564 8796 5577 8796 936 8796 5577 8797 5578 8797 936 8797 936 8798 5578 8798 5579 8798 5580 8799 5581 8799 936 8799 5579 8800 5582 8800 936 8800 5582 8801 5583 8801 936 8801 936 8802 5583 8802 5584 8802 5584 8803 5585 8803 936 8803 5585 8804 5586 8804 936 8804 936 8805 5586 8805 5580 8805 5581 8806 5587 8806 936 8806 5587 8807 5588 8807 936 8807 936 8808 5588 8808 5589 8808 5590 8809 5591 8809 4876 8809 5590 8810 4876 8810 5592 8810 5591 8811 5593 8811 4876 8811 5593 8812 5594 8812 4876 8812 4876 8813 5594 8813 5595 8813 5595 8814 5596 8814 4876 8814 5596 8815 5597 8815 4876 8815 4876 8816 5597 8816 5598 8816 5598 8817 5599 8817 4876 8817 5599 8818 5600 8818 4876 8818 4876 8819 5600 8819 5575 8819 5576 8820 5601 8820 4876 8820 5601 8821 5602 8821 4876 8821 4876 8822 5602 8822 5603 8822 5603 8823 5604 8823 4876 8823 5604 8824 5605 8824 4876 8824 4876 8825 5605 8825 5606 8825 5606 8826 5607 8826 4876 8826 5607 8827 5608 8827 4876 8827 4876 8828 5608 8828 5609 8828 5609 8829 5610 8829 4876 8829 5610 8830 5611 8830 4876 8830 4876 8831 5611 8831 4875 8831 5611 8832 5612 8832 4875 8832 4875 8833 5612 8833 5547 8833 5613 8834 5614 8834 1009 8834 5614 8835 5615 8835 1009 8835 5615 8836 5616 8836 1009 8836 5616 8837 5617 8837 1009 8837 1009 8838 5617 8838 5618 8838 5618 8839 5619 8839 1009 8839 5619 8840 5620 8840 1009 8840 1009 8841 5620 8841 5621 8841 5621 8842 5622 8842 1009 8842 5622 8843 5623 8843 1009 8843 1009 8844 5623 8844 5624 8844 5624 8845 5625 8845 1009 8845 5625 8846 5626 8846 1009 8846 1009 8847 5626 8847 958 8847 5626 8848 5627 8848 958 8848 5627 8849 5628 8849 958 8849 5628 8850 5629 8850 958 8850 958 8851 5629 8851 5630 8851 5630 8852 5631 8852 958 8852 5631 8853 5632 8853 958 8853 958 8854 5632 8854 5633 8854 5633 8855 5634 8855 958 8855 5634 8856 5635 8856 958 8856 958 8857 5635 8857 5568 8857 5543 8858 5636 8858 4874 8858 5636 8859 5637 8859 4874 8859 4874 8860 5637 8860 4873 8860 5637 8861 5638 8861 4873 8861 5638 8862 5639 8862 4873 8862 4873 8863 5639 8863 5640 8863 5640 8864 5641 8864 4873 8864 5641 8865 5642 8865 4873 8865 4873 8866 5642 8866 5643 8866 5643 8867 5644 8867 4873 8867 5644 8868 5645 8868 4873 8868 4873 8869 5645 8869 5646 8869 5647 8870 5648 8870 1028 8870 5648 8871 5649 8871 1028 8871 5649 8872 5650 8872 1028 8872 1028 8873 5650 8873 5651 8873 5651 8874 5652 8874 1028 8874 5652 8875 5653 8875 1028 8875 1028 8876 5653 8876 5654 8876 5654 8877 5655 8877 1028 8877 5655 8878 5656 8878 1028 8878 1028 8879 5656 8879 5657 8879 5657 8880 5658 8880 1028 8880 5658 8881 5659 8881 1028 8881 1028 8882 5659 8882 5660 8882 5660 8883 5661 8883 1028 8883 5661 8884 5662 8884 1028 8884 1028 8885 5662 8885 1009 8885 5662 8886 5663 8886 1009 8886 1009 8887 5663 8887 5613 8887 5400 8888 5393 8888 4859 8888 5393 8889 1075 8889 4859 8889 4859 8890 1075 8890 4858 8890 1075 8891 1112 8891 4858 8891 4858 8892 1112 8892 4857 8892 1112 8893 1124 8893 4857 8893 4857 8894 1124 8894 4856 8894 1124 8895 1134 8895 4856 8895 4856 8896 1134 8896 4855 8896 1134 8897 1139 8897 4855 8897 4855 8898 1139 8898 5216 8898 1139 8899 5215 8899 5216 8899 5278 8900 5272 8900 4852 8900 5272 8901 1152 8901 4852 8901 4852 8902 1152 8902 4851 8902 1152 8903 1114 8903 4851 8903 4851 8904 1114 8904 4850 8904 1114 8905 1113 8905 4850 8905 4850 8906 1113 8906 4849 8906 1113 8907 1189 8907 4849 8907 4849 8908 1189 8908 4848 8908 1189 8909 1191 8909 4848 8909 4848 8910 1191 8910 4847 8910 1191 8911 1192 8911 4847 8911 4847 8912 1192 8912 3462 8912 1192 8913 3461 8913 3462 8913 3401 8914 3402 8914 4845 8914 3402 8915 1164 8915 4845 8915 4845 8916 1164 8916 4844 8916 1164 8917 1166 8917 4844 8917 4844 8918 1166 8918 4843 8918 1166 8919 1195 8919 4843 8919 4843 8920 1195 8920 4842 8920 1195 8921 1167 8921 4842 8921 4842 8922 1167 8922 4841 8922 1167 8923 1127 8923 4841 8923 4841 8924 1127 8924 4840 8924 1127 8925 1126 8925 4840 8925 4840 8926 1126 8926 3221 8926 1126 8927 3220 8927 3221 8927 3155 8928 3156 8928 4909 8928 3156 8929 1175 8929 4909 8929 4909 8930 1175 8930 4908 8930 1175 8931 1200 8931 4908 8931 4908 8932 1200 8932 4907 8932 1200 8933 1117 8933 4907 8933 4907 8934 1117 8934 4906 8934 1117 8935 983 8935 4906 8935 4906 8936 983 8936 4905 8936 983 8937 1006 8937 4905 8937 4905 8938 1006 8938 3586 8938 1006 8939 3585 8939 3586 8939 3521 8940 3522 8940 4902 8940 3522 8941 946 8941 4902 8941 4902 8942 946 8942 4901 8942 946 8943 947 8943 4901 8943 4901 8944 947 8944 4900 8944 947 8945 986 8945 4900 8945 4900 8946 986 8946 4899 8946 986 8947 987 8947 4899 8947 4899 8948 987 8948 4898 8948 987 8949 988 8949 4898 8949 4898 8950 988 8950 3344 8950 988 8951 3343 8951 3344 8951 3278 8952 3279 8952 4895 8952 3279 8953 948 8953 4895 8953 4895 8954 948 8954 4894 8954 948 8955 950 8955 4894 8955 4894 8956 950 8956 4893 8956 950 8957 951 8957 4893 8957 4893 8958 951 8958 4892 8958 951 8959 990 8959 4892 8959 4892 8960 990 8960 4891 8960 990 8961 991 8961 4891 8961 4891 8962 991 8962 3099 8962 991 8963 3098 8963 3099 8963 3033 8964 3034 8964 4888 8964 3034 8965 952 8965 4888 8965 4888 8966 952 8966 4887 8966 952 8967 1023 8967 4887 8967 4887 8968 1023 8968 4886 8968 1023 8969 977 8969 4886 8969 4886 8970 977 8970 4885 8970 977 8971 975 8971 4885 8971 4885 8972 975 8972 4884 8972 975 8973 973 8973 4884 8973 4884 8974 973 8974 4883 8974 973 8975 972 8975 4883 8975 4883 8976 972 8976 5090 8976 972 8977 5089 8977 5090 8977 5151 8978 5152 8978 4881 8978 5152 8979 953 8979 4881 8979 4881 8980 953 8980 4880 8980 953 8981 955 8981 4880 8981 4880 8982 955 8982 4879 8982 955 8983 995 8983 4879 8983 4879 8984 995 8984 4878 8984 995 8985 979 8985 4878 8985 4878 8986 979 8986 4877 8986 979 8987 937 8987 4877 8987 4877 8988 937 8988 4876 8988 937 8989 936 8989 4876 8989 4876 8990 936 8990 5592 8990 936 8991 5589 8991 5592 8991 5646 8992 5647 8992 4873 8992 5647 8993 1028 8993 4873 8993 4873 8994 1028 8994 4872 8994 1028 8995 1032 8995 4872 8995 4872 8996 1032 8996 4871 8996 1032 8997 1080 8997 4871 8997 4871 8998 1080 8998 4870 8998 1080 8999 1085 8999 4870 8999 4870 9000 1085 9000 4869 9000 1085 9001 1088 9001 4869 9001 4869 9002 1088 9002 5465 9002 1088 9003 5464 9003 5465 9003 5523 9004 5516 9004 4866 9004 5516 9005 1096 9005 4866 9005 4866 9006 1096 9006 4865 9006 1096 9007 1102 9007 4865 9007 4865 9008 1102 9008 4864 9008 1102 9009 1100 9009 4864 9009 4864 9010 1100 9010 4863 9010 1100 9011 1098 9011 4863 9011 4863 9012 1098 9012 4862 9012 1098 9013 1121 9013 4862 9013 4862 9014 1121 9014 5341 9014 1121 9015 5340 9015 5341 9015 5539 9016 2764 9016 2738 9016 5429 9017 2692 9017 5430 9017 2692 9018 2691 9018 5430 9018 5430 9019 2691 9019 5434 9019 2691 9020 2690 9020 5434 9020 5434 9021 2690 9021 5435 9021 2690 9022 2689 9022 5435 9022 5435 9023 2689 9023 5436 9023 2689 9024 2688 9024 5436 9024 5436 9025 2688 9025 5437 9025 2688 9026 2687 9026 5437 9026 5437 9027 2687 9027 5438 9027 2687 9028 2686 9028 5438 9028 5438 9029 2686 9029 5439 9029 2686 9030 2685 9030 5439 9030 5439 9031 2685 9031 5440 9031 2685 9032 2684 9032 5440 9032 5440 9033 2684 9033 5441 9033 2684 9034 2683 9034 5441 9034 5441 9035 2683 9035 5442 9035 2683 9036 2682 9036 5442 9036 5442 9037 2682 9037 5506 9037 5506 9038 2682 9038 5507 9038 2682 9039 2680 9039 5507 9039 5507 9040 2680 9040 5508 9040 2680 9041 2679 9041 5508 9041 5508 9042 2679 9042 5509 9042 2679 9043 2736 9043 5509 9043 5509 9044 2736 9044 5510 9044 2736 9045 2735 9045 5510 9045 2735 9046 2734 9046 5510 9046 5510 9047 2734 9047 5511 9047 2734 9048 2733 9048 5511 9048 5511 9049 2733 9049 5512 9049 2733 9050 2732 9050 5512 9050 5512 9051 2732 9051 5513 9051 2732 9052 2731 9052 5513 9052 5513 9053 2731 9053 5514 9053 2731 9054 2730 9054 5514 9054 5514 9055 2730 9055 5515 9055 2730 9056 2729 9056 5515 9056 5515 9057 2729 9057 5518 9057 2729 9058 2728 9058 5518 9058 5518 9059 2728 9059 5519 9059 2728 9060 2727 9060 5519 9060 5519 9061 2727 9061 5520 9061 2727 9062 2726 9062 5520 9062 5520 9063 2726 9063 5521 9063 2726 9064 2725 9064 5521 9064 5521 9065 2725 9065 5522 9065 5522 9066 2725 9066 5523 9066 2725 9067 2722 9067 5523 9067 5523 9068 2722 9068 5516 9068 2722 9069 2724 9069 5516 9069 5516 9070 2724 9070 5517 9070 2724 9071 2721 9071 5517 9071 5517 9072 2721 9072 5524 9072 2721 9073 2720 9073 5524 9073 5524 9074 2720 9074 5525 9074 2720 9075 2719 9075 5525 9075 5525 9076 2719 9076 5526 9076 2719 9077 2718 9077 5526 9077 5526 9078 2718 9078 5527 9078 2718 9079 2717 9079 5527 9079 5527 9080 2717 9080 5528 9080 2717 9081 2716 9081 5528 9081 5528 9082 2716 9082 5529 9082 2716 9083 2715 9083 5529 9083 5529 9084 2715 9084 5530 9084 2715 9085 2714 9085 5530 9085 5530 9086 2714 9086 5531 9086 2714 9087 2713 9087 5531 9087 5531 9088 2713 9088 5532 9088 2713 9089 2712 9089 5532 9089 5532 9090 2712 9090 5533 9090 2712 9091 2711 9091 5533 9091 5533 9092 2711 9092 5534 9092 2711 9093 2710 9093 5534 9093 5534 9094 2710 9094 5535 9094 2710 9095 2709 9095 5535 9095 5535 9096 2709 9096 5536 9096 2709 9097 2707 9097 5536 9097 2707 9098 2706 9098 5536 9098 5536 9099 2706 9099 5537 9099 2706 9100 2766 9100 5537 9100 5537 9101 2766 9101 5538 9101 5538 9102 2766 9102 5539 9102 2766 9103 2765 9103 5539 9103 5539 9104 2765 9104 2764 9104 5487 9105 5541 9105 2738 9105 5541 9106 5540 9106 2738 9106 2738 9107 5540 9107 5539 9107 2738 9108 2737 9108 5487 9108 2737 9109 2740 9109 5487 9109 5487 9110 2740 9110 5488 9110 5488 9111 2740 9111 5489 9111 2740 9112 2763 9112 5489 9112 5489 9113 2763 9113 5490 9113 2763 9114 2762 9114 5490 9114 5490 9115 2762 9115 5491 9115 2762 9116 2761 9116 5491 9116 5491 9117 2761 9117 5492 9117 2761 9118 2760 9118 5492 9118 5492 9119 2760 9119 5493 9119 2760 9120 2759 9120 5493 9120 5493 9121 2759 9121 5495 9121 2759 9122 2758 9122 5495 9122 5495 9123 2758 9123 5496 9123 2758 9124 2757 9124 5496 9124 5496 9125 2757 9125 5497 9125 2757 9126 2756 9126 5497 9126 5497 9127 2756 9127 5498 9127 2756 9128 2752 9128 5498 9128 5498 9129 2752 9129 5499 9129 2752 9130 2751 9130 5499 9130 5499 9131 2751 9131 5500 9131 2751 9132 2755 9132 5500 9132 5500 9133 2755 9133 5494 9133 2755 9134 2754 9134 5494 9134 5494 9135 2754 9135 5485 9135 2754 9136 2753 9136 5485 9136 5485 9137 2753 9137 5486 9137 2753 9138 2750 9138 5486 9138 2750 9139 2749 9139 5486 9139 5486 9140 2749 9140 5501 9140 2749 9141 2748 9141 5501 9141 5501 9142 2748 9142 5502 9142 2748 9143 2747 9143 5502 9143 5502 9144 2747 9144 5503 9144 2747 9145 2746 9145 5503 9145 5503 9146 2746 9146 5504 9146 2746 9147 2745 9147 5504 9147 5504 9148 2745 9148 5505 9148 2745 9149 2744 9149 5505 9149 5505 9150 2744 9150 5056 9150 5056 9151 2744 9151 5057 9151 2744 9152 2742 9152 5057 9152 5057 9153 2742 9153 5450 9153 2742 9154 2741 9154 5450 9154 2741 9155 2808 9155 5450 9155 5450 9156 2808 9156 5447 9156 2808 9157 2807 9157 5447 9157 5447 9158 2807 9158 5448 9158 2807 9159 2806 9159 5448 9159 5448 9160 2806 9160 5449 9160 2806 9161 2805 9161 5449 9161 5449 9162 2805 9162 5443 9162 2805 9163 2804 9163 5443 9163 5443 9164 2804 9164 5444 9164 2804 9165 2803 9165 5444 9165 5444 9166 2803 9166 5445 9166 2803 9167 2802 9167 5445 9167 5445 9168 2802 9168 5446 9168 2802 9169 2801 9169 5446 9169 5446 9170 2801 9170 5453 9170 2801 9171 2800 9171 5453 9171 5453 9172 2800 9172 5454 9172 2800 9173 2799 9173 5454 9173 5454 9174 2799 9174 5455 9174 2799 9175 2798 9175 5455 9175 5455 9176 2798 9176 5457 9176 2798 9177 2797 9177 5457 9177 5457 9178 2797 9178 5458 9178 2797 9179 2796 9179 5458 9179 5458 9180 2796 9180 5459 9180 2796 9181 2795 9181 5459 9181 5459 9182 2795 9182 5460 9182 2795 9183 2794 9183 5460 9183 5460 9184 2794 9184 5461 9184 2794 9185 2793 9185 5461 9185 5461 9186 2793 9186 5456 9186 5456 9187 2793 9187 5451 9187 2793 9188 2792 9188 5451 9188 5451 9189 2792 9189 5452 9189 2792 9190 2791 9190 5452 9190 5452 9191 2791 9191 5462 9191 2791 9192 2786 9192 5462 9192 5462 9193 2786 9193 5463 9193 2786 9194 2785 9194 5463 9194 5463 9195 2785 9195 5464 9195 2785 9196 2790 9196 5464 9196 5464 9197 2790 9197 5465 9197 2790 9198 2789 9198 5465 9198 5465 9199 2789 9199 5466 9199 2789 9200 2788 9200 5466 9200 5466 9201 2788 9201 5467 9201 2788 9202 2784 9202 5467 9202 5467 9203 2784 9203 5468 9203 2784 9204 2783 9204 5468 9204 5468 9205 2783 9205 5469 9205 2783 9206 2782 9206 5469 9206 5469 9207 2782 9207 5470 9207 2782 9208 2781 9208 5470 9208 5470 9209 2781 9209 5471 9209 2781 9210 2780 9210 5471 9210 5471 9211 2780 9211 5472 9211 2780 9212 2779 9212 5472 9212 5472 9213 2779 9213 5473 9213 2779 9214 2778 9214 5473 9214 5473 9215 2778 9215 5474 9215 2778 9216 2777 9216 5474 9216 5474 9217 2777 9217 5475 9217 2777 9218 2776 9218 5475 9218 2776 9219 2768 9219 5475 9219 5475 9220 2768 9220 5476 9220 2768 9221 2767 9221 5476 9221 5476 9222 2767 9222 5477 9222 2767 9223 2772 9223 5477 9223 5477 9224 2772 9224 5478 9224 2772 9225 2771 9225 5478 9225 5478 9226 2771 9226 5479 9226 2771 9227 2770 9227 5479 9227 5479 9228 2770 9228 5480 9228 2770 9229 2775 9229 5480 9229 5480 9230 2775 9230 5481 9230 5481 9231 2775 9231 5482 9231 2775 9232 2774 9232 5482 9232 5482 9233 2774 9233 5483 9233 2774 9234 2773 9234 5483 9234 5483 9235 2773 9235 5484 9235 2773 9236 2705 9236 5484 9236 5484 9237 2705 9237 5422 9237 2705 9238 2704 9238 5422 9238 5422 9239 2704 9239 5423 9239 2704 9240 2703 9240 5423 9240 5423 9241 2703 9241 5424 9241 2703 9242 2702 9242 5424 9242 5424 9243 2702 9243 5425 9243 2702 9244 2701 9244 5425 9244 5425 9245 2701 9245 5426 9245 2701 9246 2700 9246 5426 9246 5426 9247 2700 9247 5427 9247 2700 9248 2699 9248 5427 9248 5427 9249 2699 9249 5428 9249 2699 9250 2698 9250 5428 9250 5428 9251 2698 9251 5431 9251 2698 9252 2697 9252 5431 9252 5431 9253 2697 9253 5432 9253 2697 9254 2693 9254 5432 9254 5432 9255 2693 9255 5433 9255 2693 9256 2695 9256 5433 9256 5433 9257 2695 9257 5429 9257 2695 9258 2696 9258 5429 9258 5429 9259 2696 9259 2692 9259 5664 9260 5665 9260 5666 9260 5665 9261 5667 9261 5666 9261 5666 9262 5667 9262 5668 9262 5667 9263 5669 9263 5668 9263 5668 9264 5669 9264 5670 9264 5669 9265 5671 9265 5670 9265 5670 9266 5671 9266 5672 9266 5671 9267 5673 9267 5672 9267 5672 9268 5673 9268 5674 9268 5673 9269 5675 9269 5674 9269 5674 9270 5675 9270 5676 9270 5675 9271 5677 9271 5676 9271 5676 9272 5677 9272 5678 9272 5677 9273 5679 9273 5678 9273 5678 9274 5679 9274 5680 9274 5679 9275 5681 9275 5680 9275 5680 9276 5681 9276 5682 9276 5681 9277 5683 9277 5682 9277 5682 9278 5683 9278 5684 9278 5683 9279 5685 9279 5684 9279 5684 9280 5685 9280 5686 9280 5685 9281 5687 9281 5686 9281 5686 9282 5687 9282 5688 9282 5687 9283 5689 9283 5688 9283 5688 9284 5689 9284 5690 9284 5689 9285 5691 9285 5690 9285 5690 9286 5691 9286 5692 9286 5691 9287 5693 9287 5692 9287 5692 9288 5693 9288 5694 9288 5693 9289 5695 9289 5694 9289 5694 9290 5695 9290 5696 9290 5695 9291 5697 9291 5696 9291 5696 9292 5697 9292 5698 9292 5697 9293 5699 9293 5698 9293 5698 9294 5699 9294 5700 9294 5699 9295 5701 9295 5700 9295 5700 9296 5701 9296 5702 9296 5701 9297 5703 9297 5702 9297 5702 9298 5703 9298 5704 9298 5703 9299 5705 9299 5704 9299 5704 9300 5705 9300 5706 9300 5705 9301 5707 9301 5706 9301 5706 9302 5707 9302 5708 9302 5707 9303 5709 9303 5708 9303 5708 9304 5709 9304 5710 9304 5709 9305 5711 9305 5710 9305 5710 9306 5711 9306 5712 9306 5711 9307 5713 9307 5712 9307 5712 9308 5713 9308 5714 9308 5713 9309 5715 9309 5714 9309 5714 9310 5715 9310 5716 9310 5715 9311 5717 9311 5716 9311 5716 9312 5717 9312 5718 9312 5717 9313 5719 9313 5718 9313 5718 9314 5719 9314 5720 9314 5719 9315 5721 9315 5720 9315 5720 9316 5721 9316 5722 9316 5721 9317 5723 9317 5722 9317 5722 9318 5723 9318 5724 9318 5723 9319 5725 9319 5724 9319 5724 9320 5725 9320 5726 9320 5725 9321 5727 9321 5726 9321 5726 9322 5727 9322 5728 9322 5727 9323 5729 9323 5728 9323 5728 9324 5729 9324 5730 9324 5729 9325 5731 9325 5730 9325 5730 9326 5731 9326 5732 9326 5731 9327 5733 9327 5732 9327 5732 9328 5733 9328 5734 9328 5733 9329 5735 9329 5734 9329 5734 9330 5735 9330 5736 9330 5735 9331 5737 9331 5736 9331 5736 9332 5737 9332 5738 9332 5737 9333 5739 9333 5738 9333 5738 9334 5739 9334 5740 9334 5739 9335 5741 9335 5740 9335 5740 9336 5741 9336 5742 9336 5741 9337 5743 9337 5742 9337 5742 9338 5743 9338 5744 9338 5743 9339 5745 9339 5744 9339 5744 9340 5745 9340 5746 9340 5745 9341 5747 9341 5746 9341 5746 9342 5747 9342 5748 9342 5747 9343 5749 9343 5748 9343 5748 9344 5749 9344 5750 9344 5749 9345 5751 9345 5750 9345 5750 9346 5751 9346 5752 9346 5751 9347 5753 9347 5752 9347 5752 9348 5753 9348 5754 9348 5753 9349 5755 9349 5754 9349 5754 9350 5755 9350 5756 9350 5755 9351 5757 9351 5756 9351 5756 9352 5757 9352 5758 9352 5757 9353 5759 9353 5758 9353 5758 9354 5759 9354 5760 9354 5759 9355 5761 9355 5760 9355 5760 9356 5761 9356 5762 9356 5761 9357 5763 9357 5762 9357 5762 9358 5763 9358 5764 9358 5763 9359 5765 9359 5764 9359 5764 9360 5765 9360 5766 9360 5765 9361 5767 9361 5766 9361 5766 9362 5767 9362 5768 9362 5767 9363 5769 9363 5768 9363 5768 9364 5769 9364 5770 9364 5769 9365 5771 9365 5770 9365 5770 9366 5771 9366 5772 9366 5771 9367 5773 9367 5772 9367 5772 9368 5773 9368 5774 9368 5773 9369 5775 9369 5774 9369 5774 9370 5775 9370 5776 9370 5775 9371 5777 9371 5776 9371 5776 9372 5777 9372 5778 9372 5777 9373 5779 9373 5778 9373 5778 9374 5779 9374 5780 9374 5779 9375 5781 9375 5780 9375 5780 9376 5781 9376 5782 9376 5781 9377 5783 9377 5782 9377 5782 9378 5783 9378 5784 9378 5783 9379 5785 9379 5784 9379 5784 9380 5785 9380 5786 9380 5785 9381 5787 9381 5786 9381 5786 9382 5787 9382 5788 9382 5787 9383 5789 9383 5788 9383 5788 9384 5789 9384 5790 9384 5789 9385 5791 9385 5790 9385 5790 9386 5791 9386 5792 9386 5791 9387 5793 9387 5792 9387 5792 9388 5793 9388 5794 9388 5793 9389 5795 9389 5794 9389 5794 9390 5795 9390 5796 9390 5795 9391 5797 9391 5796 9391 5796 9392 5797 9392 5798 9392 5797 9393 5799 9393 5798 9393 5798 9394 5799 9394 5800 9394 5799 9395 5801 9395 5800 9395 5800 9396 5801 9396 5802 9396 5801 9397 5803 9397 5802 9397 5802 9398 5803 9398 5804 9398 5803 9399 5805 9399 5804 9399 5804 9400 5805 9400 5806 9400 5805 9401 5807 9401 5806 9401 5806 9402 5807 9402 5664 9402 5807 9403 5665 9403 5664 9403 5553 9404 2838 9404 5554 9404 2838 9405 2837 9405 5554 9405 5554 9406 2837 9406 5555 9406 2837 9407 2836 9407 5555 9407 5555 9408 2836 9408 5556 9408 2836 9409 2835 9409 5556 9409 5556 9410 2835 9410 5557 9410 2835 9411 2834 9411 5557 9411 5557 9412 2834 9412 5558 9412 2834 9413 2833 9413 5558 9413 5558 9414 2833 9414 5559 9414 2833 9415 2832 9415 5559 9415 5559 9416 2832 9416 5560 9416 2832 9417 2831 9417 5560 9417 5560 9418 2831 9418 5561 9418 2831 9419 2830 9419 5561 9419 5561 9420 2830 9420 5562 9420 2830 9421 2829 9421 5562 9421 5562 9422 2829 9422 5544 9422 2829 9423 2828 9423 5544 9423 5544 9424 2828 9424 5545 9424 2828 9425 2824 9425 5545 9425 5545 9426 2824 9426 5546 9426 2824 9427 2823 9427 5546 9427 5546 9428 2823 9428 5542 9428 2823 9429 2822 9429 5542 9429 5542 9430 2822 9430 5543 9430 2822 9431 2821 9431 5543 9431 5543 9432 2821 9432 5636 9432 5636 9433 2821 9433 5637 9433 2821 9434 2820 9434 5637 9434 5637 9435 2820 9435 5638 9435 2820 9436 2819 9436 5638 9436 5638 9437 2819 9437 5639 9437 2819 9438 2818 9438 5639 9438 5639 9439 2818 9439 5640 9439 2818 9440 2817 9440 5640 9440 5640 9441 2817 9441 5641 9441 2817 9442 2816 9442 5641 9442 5641 9443 2816 9443 5642 9443 2816 9444 2815 9444 5642 9444 5642 9445 2815 9445 5643 9445 2815 9446 2814 9446 5643 9446 5643 9447 2814 9447 5644 9447 2814 9448 2813 9448 5644 9448 5644 9449 2813 9449 5645 9449 2813 9450 2812 9450 5645 9450 5645 9451 2812 9451 5646 9451 5646 9452 2812 9452 5647 9452 2812 9453 2810 9453 5647 9453 5647 9454 2810 9454 5648 9454 2810 9455 2809 9455 5648 9455 5648 9456 2809 9456 5649 9456 2809 9457 2882 9457 5649 9457 5649 9458 2882 9458 5650 9458 2882 9459 2881 9459 5650 9459 5650 9460 2881 9460 5651 9460 2881 9461 2879 9461 5651 9461 5651 9462 2879 9462 5652 9462 2879 9463 2878 9463 5652 9463 5652 9464 2878 9464 5653 9464 2878 9465 2877 9465 5653 9465 5653 9466 2877 9466 5654 9466 2877 9467 2876 9467 5654 9467 5654 9468 2876 9468 5655 9468 2876 9469 2875 9469 5655 9469 5655 9470 2875 9470 5656 9470 2875 9471 2874 9471 5656 9471 5656 9472 2874 9472 5657 9472 2874 9473 2873 9473 5657 9473 5657 9474 2873 9474 5658 9474 2873 9475 2872 9475 5658 9475 5658 9476 2872 9476 5659 9476 2872 9477 2871 9477 5659 9477 5659 9478 2871 9478 5660 9478 2871 9479 2870 9479 5660 9479 5660 9480 2870 9480 5661 9480 2870 9481 2869 9481 5661 9481 5661 9482 2869 9482 5662 9482 2869 9483 2868 9483 5662 9483 5662 9484 2868 9484 5663 9484 2868 9485 2867 9485 5663 9485 5663 9486 2867 9486 5613 9486 2867 9487 2866 9487 5613 9487 5613 9488 2866 9488 5614 9488 2866 9489 2847 9489 5614 9489 5614 9490 2847 9490 5615 9490 2847 9491 2846 9491 5615 9491 5615 9492 2846 9492 5616 9492 2846 9493 2844 9493 5616 9493 5616 9494 2844 9494 5617 9494 2844 9495 2843 9495 5617 9495 5617 9496 2843 9496 5618 9496 5618 9497 2843 9497 5619 9497 2843 9498 2865 9498 5619 9498 5619 9499 2865 9499 5620 9499 2865 9500 2864 9500 5620 9500 5620 9501 2864 9501 5621 9501 2864 9502 2863 9502 5621 9502 5621 9503 2863 9503 5622 9503 2863 9504 2862 9504 5622 9504 5622 9505 2862 9505 5623 9505 2862 9506 2861 9506 5623 9506 5623 9507 2861 9507 5624 9507 2861 9508 2860 9508 5624 9508 5624 9509 2860 9509 5625 9509 2860 9510 2859 9510 5625 9510 5625 9511 2859 9511 5626 9511 2859 9512 2858 9512 5626 9512 5626 9513 2858 9513 5627 9513 2858 9514 2855 9514 5627 9514 5627 9515 2855 9515 5628 9515 2855 9516 2856 9516 5628 9516 5628 9517 2856 9517 5629 9517 2856 9518 2857 9518 5629 9518 5629 9519 2857 9519 5630 9519 2857 9520 2854 9520 5630 9520 5630 9521 2854 9521 5631 9521 2854 9522 2853 9522 5631 9522 5631 9523 2853 9523 5632 9523 2853 9524 2852 9524 5632 9524 2852 9525 2851 9525 5632 9525 5632 9526 2851 9526 5633 9526 2851 9527 2849 9527 5633 9527 5633 9528 2849 9528 5634 9528 5634 9529 2849 9529 5635 9529 2849 9530 2848 9530 5635 9530 5635 9531 2848 9531 5568 9531 2848 9532 2935 9532 5568 9532 2935 9533 2934 9533 5568 9533 5568 9534 2934 9534 5569 9534 2934 9535 2933 9535 5569 9535 5569 9536 2933 9536 5570 9536 2933 9537 2932 9537 5570 9537 5570 9538 2932 9538 5571 9538 2932 9539 2931 9539 5571 9539 5571 9540 2931 9540 5572 9540 2931 9541 2930 9541 5572 9541 5572 9542 2930 9542 5573 9542 2930 9543 2929 9543 5573 9543 5573 9544 2929 9544 5574 9544 2929 9545 2928 9545 5574 9545 5574 9546 2928 9546 5565 9546 2928 9547 2927 9547 5565 9547 5565 9548 2927 9548 5566 9548 2927 9549 2926 9549 5566 9549 5566 9550 2926 9550 5567 9550 2926 9551 2925 9551 5567 9551 5567 9552 2925 9552 5563 9552 2925 9553 2924 9553 5563 9553 5563 9554 2924 9554 5564 9554 2924 9555 2923 9555 5564 9555 5564 9556 2923 9556 5577 9556 2923 9557 2922 9557 5577 9557 5577 9558 2922 9558 5578 9558 2922 9559 2921 9559 5578 9559 5578 9560 2921 9560 5579 9560 2921 9561 2920 9561 5579 9561 5579 9562 2920 9562 5582 9562 2920 9563 2919 9563 5582 9563 5582 9564 2919 9564 5583 9564 2919 9565 2918 9565 5583 9565 5583 9566 2918 9566 5584 9566 2918 9567 2917 9567 5584 9567 5584 9568 2917 9568 5585 9568 2917 9569 2916 9569 5585 9569 5585 9570 2916 9570 5586 9570 2916 9571 2915 9571 5586 9571 5586 9572 2915 9572 5580 9572 5580 9573 2915 9573 5581 9573 2915 9574 2914 9574 5581 9574 5581 9575 2914 9575 5587 9575 2914 9576 2912 9576 5587 9576 5587 9577 2912 9577 5588 9577 2912 9578 2911 9578 5588 9578 5588 9579 2911 9579 5589 9579 2911 9580 2910 9580 5589 9580 5589 9581 2910 9581 5592 9581 2910 9582 2909 9582 5592 9582 5592 9583 2909 9583 5590 9583 2909 9584 2908 9584 5590 9584 5590 9585 2908 9585 5591 9585 2908 9586 2907 9586 5591 9586 5591 9587 2907 9587 5593 9587 2907 9588 2906 9588 5593 9588 5593 9589 2906 9589 5594 9589 2906 9590 2905 9590 5594 9590 5594 9591 2905 9591 5595 9591 2905 9592 2904 9592 5595 9592 5595 9593 2904 9593 5596 9593 2904 9594 2903 9594 5596 9594 5596 9595 2903 9595 5597 9595 2903 9596 2902 9596 5597 9596 5597 9597 2902 9597 5598 9597 2902 9598 2901 9598 5598 9598 5598 9599 2901 9599 5599 9599 2901 9600 2900 9600 5599 9600 5599 9601 2900 9601 5600 9601 2900 9602 2899 9602 5600 9602 5600 9603 2899 9603 5575 9603 2899 9604 2898 9604 5575 9604 2898 9605 2897 9605 5575 9605 5575 9606 2897 9606 5576 9606 2897 9607 2896 9607 5576 9607 5576 9608 2896 9608 5601 9608 2896 9609 2887 9609 5601 9609 5601 9610 2887 9610 5602 9610 2887 9611 2886 9611 5602 9611 5602 9612 2886 9612 5603 9612 2886 9613 2884 9613 5603 9613 5603 9614 2884 9614 5604 9614 2884 9615 2883 9615 5604 9615 5604 9616 2883 9616 5605 9616 5605 9617 2883 9617 5606 9617 2883 9618 2895 9618 5606 9618 5606 9619 2895 9619 5607 9619 2895 9620 2894 9620 5607 9620 5607 9621 2894 9621 5608 9621 2894 9622 2893 9622 5608 9622 5608 9623 2893 9623 5609 9623 2893 9624 2892 9624 5609 9624 5609 9625 2892 9625 5610 9625 2892 9626 2891 9626 5610 9626 5610 9627 2891 9627 5611 9627 2891 9628 2890 9628 5611 9628 5611 9629 2890 9629 5612 9629 2890 9630 2889 9630 5612 9630 5612 9631 2889 9631 5547 9631 2889 9632 2888 9632 5547 9632 5547 9633 2888 9633 5548 9633 2888 9634 2842 9634 5548 9634 5548 9635 2842 9635 5549 9635 2842 9636 2841 9636 5549 9636 5549 9637 2841 9637 5550 9637 2841 9638 2840 9638 5550 9638 5550 9639 2840 9639 5551 9639 2840 9640 2826 9640 5551 9640 5551 9641 2826 9641 5552 9641 2826 9642 2825 9642 5552 9642 5552 9643 2825 9643 5553 9643 2825 9644 2839 9644 5553 9644 5553 9645 2839 9645 2838 9645 5808 9646 5028 9646 5809 9646 5028 9647 5030 9647 5809 9647 5809 9648 5030 9648 5810 9648 5030 9649 5032 9649 5810 9649 5810 9650 5032 9650 5811 9650 5032 9651 5034 9651 5811 9651 5811 9652 5034 9652 5812 9652 5034 9653 5036 9653 5812 9653 5812 9654 5036 9654 5813 9654 5036 9655 5038 9655 5813 9655 5813 9656 5038 9656 5814 9656 5038 9657 5040 9657 5814 9657 5814 9658 5040 9658 5815 9658 5040 9659 5042 9659 5815 9659 5815 9660 5042 9660 5816 9660 5042 9661 5044 9661 5816 9661 5816 9662 5044 9662 5817 9662 5044 9663 5046 9663 5817 9663 5817 9664 5046 9664 5818 9664 5046 9665 5048 9665 5818 9665 5818 9666 5048 9666 5819 9666 5048 9667 5050 9667 5819 9667 5819 9668 5050 9668 5820 9668 5050 9669 5052 9669 5820 9669 5820 9670 5052 9670 5821 9670 5052 9671 5054 9671 5821 9671 5821 9672 5054 9672 5822 9672 5054 9673 4912 9673 5822 9673 5822 9674 4912 9674 5823 9674 4912 9675 4914 9675 5823 9675 5823 9676 4914 9676 5824 9676 4914 9677 4916 9677 5824 9677 5824 9678 4916 9678 5825 9678 4916 9679 4918 9679 5825 9679 5825 9680 4918 9680 5826 9680 4918 9681 4920 9681 5826 9681 5826 9682 4920 9682 5827 9682 4920 9683 4922 9683 5827 9683 5827 9684 4922 9684 5828 9684 4922 9685 4924 9685 5828 9685 5828 9686 4924 9686 5829 9686 4924 9687 4926 9687 5829 9687 5829 9688 4926 9688 5830 9688 4926 9689 4928 9689 5830 9689 5830 9690 4928 9690 5831 9690 4928 9691 4930 9691 5831 9691 5831 9692 4930 9692 5832 9692 4930 9693 4932 9693 5832 9693 5832 9694 4932 9694 5833 9694 4932 9695 4934 9695 5833 9695 5833 9696 4934 9696 5834 9696 4934 9697 4936 9697 5834 9697 5834 9698 4936 9698 5835 9698 4936 9699 4938 9699 5835 9699 5835 9700 4938 9700 5836 9700 4938 9701 4940 9701 5836 9701 5836 9702 4940 9702 5837 9702 4940 9703 4942 9703 5837 9703 5837 9704 4942 9704 5838 9704 4942 9705 4944 9705 5838 9705 5838 9706 4944 9706 5839 9706 4944 9707 4946 9707 5839 9707 5839 9708 4946 9708 5840 9708 4946 9709 4948 9709 5840 9709 5840 9710 4948 9710 5841 9710 4948 9711 4950 9711 5841 9711 5841 9712 4950 9712 5842 9712 4950 9713 4952 9713 5842 9713 5842 9714 4952 9714 5843 9714 4952 9715 4954 9715 5843 9715 5843 9716 4954 9716 5844 9716 4954 9717 4956 9717 5844 9717 5844 9718 4956 9718 5845 9718 4956 9719 4958 9719 5845 9719 5845 9720 4958 9720 5846 9720 4958 9721 4960 9721 5846 9721 5846 9722 4960 9722 5847 9722 4960 9723 4962 9723 5847 9723 5847 9724 4962 9724 5848 9724 4962 9725 4964 9725 5848 9725 5848 9726 4964 9726 5849 9726 4964 9727 4966 9727 5849 9727 5849 9728 4966 9728 5850 9728 4966 9729 4968 9729 5850 9729 5850 9730 4968 9730 5851 9730 4968 9731 4970 9731 5851 9731 5851 9732 4970 9732 5852 9732 4970 9733 4972 9733 5852 9733 5852 9734 4972 9734 5853 9734 4972 9735 4974 9735 5853 9735 5853 9736 4974 9736 5854 9736 4974 9737 4976 9737 5854 9737 5854 9738 4976 9738 5855 9738 4976 9739 4978 9739 5855 9739 5855 9740 4978 9740 5856 9740 4978 9741 4980 9741 5856 9741 5856 9742 4980 9742 5857 9742 4980 9743 4982 9743 5857 9743 5857 9744 4982 9744 5858 9744 4982 9745 4984 9745 5858 9745 5858 9746 4984 9746 5859 9746 4984 9747 4986 9747 5859 9747 5859 9748 4986 9748 5860 9748 4986 9749 4988 9749 5860 9749 5860 9750 4988 9750 5861 9750 4988 9751 4990 9751 5861 9751 5861 9752 4990 9752 5862 9752 4990 9753 4992 9753 5862 9753 5862 9754 4992 9754 5863 9754 4992 9755 4994 9755 5863 9755 5863 9756 4994 9756 5864 9756 4994 9757 4996 9757 5864 9757 5864 9758 4996 9758 5865 9758 4996 9759 4998 9759 5865 9759 5865 9760 4998 9760 5866 9760 4998 9761 5000 9761 5866 9761 5866 9762 5000 9762 5867 9762 5000 9763 5002 9763 5867 9763 5867 9764 5002 9764 5868 9764 5002 9765 5004 9765 5868 9765 5868 9766 5004 9766 5869 9766 5004 9767 5006 9767 5869 9767 5869 9768 5006 9768 5870 9768 5006 9769 5008 9769 5870 9769 5870 9770 5008 9770 5871 9770 5008 9771 5010 9771 5871 9771 5871 9772 5010 9772 5872 9772 5010 9773 5012 9773 5872 9773 5872 9774 5012 9774 5873 9774 5012 9775 5014 9775 5873 9775 5873 9776 5014 9776 5874 9776 5014 9777 5016 9777 5874 9777 5874 9778 5016 9778 5875 9778 5016 9779 5018 9779 5875 9779 5875 9780 5018 9780 5876 9780 5018 9781 5020 9781 5876 9781 5876 9782 5020 9782 5877 9782 5020 9783 5022 9783 5877 9783 5877 9784 5022 9784 5878 9784 5022 9785 5024 9785 5878 9785 5878 9786 5024 9786 5879 9786 5024 9787 5026 9787 5879 9787 5879 9788 5026 9788 5808 9788 5026 9789 5028 9789 5808 9789 5130 9790 1722 9790 5131 9790 1722 9791 1720 9791 5131 9791 5131 9792 1720 9792 5132 9792 1720 9793 1719 9793 5132 9793 5132 9794 1719 9794 5128 9794 1719 9795 1718 9795 5128 9795 5128 9796 1718 9796 5129 9796 1718 9797 1717 9797 5129 9797 5129 9798 1717 9798 5133 9798 1717 9799 1716 9799 5133 9799 5133 9800 1716 9800 5134 9800 1716 9801 1715 9801 5134 9801 5134 9802 1715 9802 5135 9802 1715 9803 1714 9803 5135 9803 5135 9804 1714 9804 5136 9804 1714 9805 1713 9805 5136 9805 5136 9806 1713 9806 5137 9806 1713 9807 1712 9807 5137 9807 5137 9808 1712 9808 5122 9808 1712 9809 1711 9809 5122 9809 5122 9810 1711 9810 5123 9810 1711 9811 1710 9811 5123 9811 5123 9812 1710 9812 5124 9812 1710 9813 1709 9813 5124 9813 5124 9814 1709 9814 5121 9814 1709 9815 1708 9815 5121 9815 5121 9816 1708 9816 5119 9816 1708 9817 1707 9817 5119 9817 5119 9818 1707 9818 5120 9818 1707 9819 1706 9819 5120 9819 5120 9820 1706 9820 5140 9820 1706 9821 1705 9821 5140 9821 5140 9822 1705 9822 5141 9822 1705 9823 1704 9823 5141 9823 5141 9824 1704 9824 5142 9824 1704 9825 1703 9825 5142 9825 5142 9826 1703 9826 5143 9826 1703 9827 1702 9827 5143 9827 5143 9828 1702 9828 5144 9828 1702 9829 1701 9829 5144 9829 5144 9830 1701 9830 5145 9830 1701 9831 1700 9831 5145 9831 5145 9832 1700 9832 5146 9832 1700 9833 1699 9833 5146 9833 5146 9834 1699 9834 5147 9834 1699 9835 1698 9835 5147 9835 5147 9836 1698 9836 5148 9836 5148 9837 1698 9837 5149 9837 1698 9838 1697 9838 5149 9838 5149 9839 1697 9839 5150 9839 1697 9840 1696 9840 5150 9840 5150 9841 1696 9841 5151 9841 1696 9842 1694 9842 5151 9842 5151 9843 1694 9843 5152 9843 1694 9844 1693 9844 5152 9844 5152 9845 1693 9845 5153 9845 1693 9846 1692 9846 5153 9846 5153 9847 1692 9847 5154 9847 1692 9848 1691 9848 5154 9848 5154 9849 1691 9849 5155 9849 1691 9850 1690 9850 5155 9850 5155 9851 1690 9851 5156 9851 1690 9852 1689 9852 5156 9852 5156 9853 1689 9853 5157 9853 1689 9854 1688 9854 5157 9854 5157 9855 1688 9855 5158 9855 1688 9856 1687 9856 5158 9856 5158 9857 1687 9857 5159 9857 1687 9858 1686 9858 5159 9858 5159 9859 1686 9859 5160 9859 1686 9860 1685 9860 5160 9860 5160 9861 1685 9861 5161 9861 1685 9862 1684 9862 5161 9862 5161 9863 1684 9863 5162 9863 1684 9864 1683 9864 5162 9864 5162 9865 1683 9865 5163 9865 1683 9866 1682 9866 5163 9866 5163 9867 1682 9867 5138 9867 1682 9868 1681 9868 5138 9868 1681 9869 1680 9869 5138 9869 5138 9870 1680 9870 5139 9870 1680 9871 1679 9871 5139 9871 5139 9872 1679 9872 5164 9872 1679 9873 1666 9873 5164 9873 5164 9874 1666 9874 5165 9874 1666 9875 1665 9875 5165 9875 5165 9876 1665 9876 5166 9876 1665 9877 1663 9877 5166 9877 5166 9878 1663 9878 5167 9878 1663 9879 1662 9879 5167 9879 5167 9880 1662 9880 5168 9880 5168 9881 1662 9881 5169 9881 1662 9882 1678 9882 5169 9882 5169 9883 1678 9883 5170 9883 1678 9884 1677 9884 5170 9884 5170 9885 1677 9885 5171 9885 1677 9886 1676 9886 5171 9886 5171 9887 1676 9887 5172 9887 1676 9888 1675 9888 5172 9888 5172 9889 1675 9889 5173 9889 1675 9890 1674 9890 5173 9890 5173 9891 1674 9891 5174 9891 1674 9892 1673 9892 5174 9892 5174 9893 1673 9893 5175 9893 1673 9894 1672 9894 5175 9894 5175 9895 1672 9895 5176 9895 1672 9896 1671 9896 5176 9896 5176 9897 1671 9897 5177 9897 1671 9898 1670 9898 5177 9898 5177 9899 1670 9899 5178 9899 1670 9900 1669 9900 5178 9900 5178 9901 1669 9901 5179 9901 1669 9902 1668 9902 5179 9902 5179 9903 1668 9903 5065 9903 1668 9904 1787 9904 5065 9904 5065 9905 1787 9905 5066 9905 1787 9906 1786 9906 5066 9906 5066 9907 1786 9907 5067 9907 1786 9908 1776 9908 5067 9908 1776 9909 1775 9909 5067 9909 5067 9910 1775 9910 5068 9910 1775 9911 1785 9911 5068 9911 5068 9912 1785 9912 5069 9912 1785 9913 1784 9913 5069 9913 5069 9914 1784 9914 5070 9914 1784 9915 1783 9915 5070 9915 5070 9916 1783 9916 5071 9916 1783 9917 1782 9917 5071 9917 5071 9918 1782 9918 5072 9918 1782 9919 1781 9919 5072 9919 5072 9920 1781 9920 5073 9920 1781 9921 1780 9921 5073 9921 5073 9922 1780 9922 5074 9922 1780 9923 1779 9923 5074 9923 5074 9924 1779 9924 5075 9924 1779 9925 1778 9925 5075 9925 5075 9926 1778 9926 5076 9926 1778 9927 1777 9927 5076 9927 5076 9928 1777 9928 5077 9928 1777 9929 1774 9929 5077 9929 5077 9930 1774 9930 5062 9930 1774 9931 1773 9931 5062 9931 5062 9932 1773 9932 5063 9932 1773 9933 1772 9933 5063 9933 5063 9934 1772 9934 5064 9934 1772 9935 1771 9935 5064 9935 5064 9936 1771 9936 5060 9936 1771 9937 1770 9937 5060 9937 5060 9938 1770 9938 5061 9938 1770 9939 1769 9939 5061 9939 5061 9940 1769 9940 5078 9940 1769 9941 1768 9941 5078 9941 5078 9942 1768 9942 5079 9942 1768 9943 1767 9943 5079 9943 5079 9944 1767 9944 5080 9944 1767 9945 1766 9945 5080 9945 5080 9946 1766 9946 5081 9946 1766 9947 1765 9947 5081 9947 5081 9948 1765 9948 5082 9948 1765 9949 1764 9949 5082 9949 5082 9950 1764 9950 5083 9950 1764 9951 1763 9951 5083 9951 5083 9952 1763 9952 5084 9952 1763 9953 1762 9953 5084 9953 5084 9954 1762 9954 5085 9954 1762 9955 1761 9955 5085 9955 5085 9956 1761 9956 5086 9956 5086 9957 1761 9957 5087 9957 1761 9958 1760 9958 5087 9958 5087 9959 1760 9959 5088 9959 1760 9960 1746 9960 5088 9960 5088 9961 1746 9961 5089 9961 1746 9962 1745 9962 5089 9962 5089 9963 1745 9963 5090 9963 1745 9964 1759 9964 5090 9964 5090 9965 1759 9965 5091 9965 1759 9966 1758 9966 5091 9966 5091 9967 1758 9967 5092 9967 1758 9968 1757 9968 5092 9968 5092 9969 1757 9969 5093 9969 1757 9970 1756 9970 5093 9970 5093 9971 1756 9971 5094 9971 1756 9972 1755 9972 5094 9972 5094 9973 1755 9973 5095 9973 1755 9974 1754 9974 5095 9974 5095 9975 1754 9975 5096 9975 1754 9976 1753 9976 5096 9976 5096 9977 1753 9977 5097 9977 1753 9978 1752 9978 5097 9978 5097 9979 1752 9979 5098 9979 1752 9980 1751 9980 5098 9980 5098 9981 1751 9981 5099 9981 1751 9982 1750 9982 5099 9982 5099 9983 1750 9983 5100 9983 1750 9984 1749 9984 5100 9984 5100 9985 1749 9985 5101 9985 1749 9986 1748 9986 5101 9986 5101 9987 1748 9987 5102 9987 1748 9988 1744 9988 5102 9988 1744 9989 1743 9989 5102 9989 5102 9990 1743 9990 5103 9990 1743 9991 1742 9991 5103 9991 5103 9992 1742 9992 5104 9992 1742 9993 1728 9993 5104 9993 5104 9994 1728 9994 5105 9994 1728 9995 1727 9995 5105 9995 5105 9996 1727 9996 5106 9996 1727 9997 1725 9997 5106 9997 5106 9998 1725 9998 5107 9998 1725 9999 1724 9999 5107 9999 5107 10000 1724 10000 5108 10000 5108 10001 1724 10001 5109 10001 1724 10002 1741 10002 5109 10002 5109 10003 1741 10003 5110 10003 1741 10004 1740 10004 5110 10004 5110 10005 1740 10005 5111 10005 1740 10006 1739 10006 5111 10006 5111 10007 1739 10007 5112 10007 1739 10008 1738 10008 5112 10008 5112 10009 1738 10009 5113 10009 1738 10010 1737 10010 5113 10010 5113 10011 1737 10011 5114 10011 1737 10012 1736 10012 5114 10012 5114 10013 1736 10013 5115 10013 1736 10014 1735 10014 5115 10014 5115 10015 1735 10015 5116 10015 1735 10016 1734 10016 5116 10016 5116 10017 1734 10017 5117 10017 1734 10018 1733 10018 5117 10018 5117 10019 1733 10019 5118 10019 1733 10020 1732 10020 5118 10020 5118 10021 1732 10021 5125 10021 1732 10022 1731 10022 5125 10022 5125 10023 1731 10023 5126 10023 1731 10024 1730 10024 5126 10024 5126 10025 1730 10025 5127 10025 1730 10026 1729 10026 5127 10026 5127 10027 1729 10027 5130 10027 1729 10028 1723 10028 5130 10028 5130 10029 1723 10029 1722 10029 5354 10030 2645 10030 2553 10030 5317 10031 2564 10031 5318 10031 2564 10032 2563 10032 5318 10032 5318 10033 2563 10033 5319 10033 2563 10034 2562 10034 5319 10034 5319 10035 2562 10035 5320 10035 2562 10036 2561 10036 5320 10036 5320 10037 2561 10037 5321 10037 2561 10038 2560 10038 5321 10038 5321 10039 2560 10039 5322 10039 2560 10040 2559 10040 5322 10040 5322 10041 2559 10041 5384 10041 5384 10042 2559 10042 5385 10042 2559 10043 2557 10043 5385 10043 5385 10044 2557 10044 5386 10044 2557 10045 2556 10045 5386 10045 2556 10046 2618 10046 5386 10046 5386 10047 2618 10047 5381 10047 2618 10048 2617 10048 5381 10048 5381 10049 2617 10049 5382 10049 2617 10050 2616 10050 5382 10050 5382 10051 2616 10051 5383 10051 2616 10052 2615 10052 5383 10052 5383 10053 2615 10053 5379 10053 2615 10054 2614 10054 5379 10054 5379 10055 2614 10055 5380 10055 2614 10056 2613 10056 5380 10056 5380 10057 2613 10057 5387 10057 2613 10058 2580 10058 5387 10058 5387 10059 2580 10059 5388 10059 2580 10060 2579 10060 5388 10060 5388 10061 2579 10061 5389 10061 2579 10062 2612 10062 5389 10062 5389 10063 2612 10063 5390 10063 2612 10064 2611 10064 5390 10064 5390 10065 2611 10065 5391 10065 2611 10066 2610 10066 5391 10066 5391 10067 2610 10067 5392 10067 2610 10068 2609 10068 5392 10068 5392 10069 2609 10069 5395 10069 2609 10070 2608 10070 5395 10070 5395 10071 2608 10071 5396 10071 2608 10072 2607 10072 5396 10072 5396 10073 2607 10073 5397 10073 2607 10074 2606 10074 5397 10074 5397 10075 2606 10075 5398 10075 2606 10076 2605 10076 5398 10076 5398 10077 2605 10077 5399 10077 5399 10078 2605 10078 5400 10078 2605 10079 2604 10079 5400 10079 5400 10080 2604 10080 5393 10080 2604 10081 2603 10081 5393 10081 5393 10082 2603 10082 5394 10082 2603 10083 2602 10083 5394 10083 5394 10084 2602 10084 5401 10084 2602 10085 2601 10085 5401 10085 5401 10086 2601 10086 5402 10086 2601 10087 2600 10087 5402 10087 5402 10088 2600 10088 5403 10088 2600 10089 2599 10089 5403 10089 5403 10090 2599 10090 5404 10090 2599 10091 2598 10091 5404 10091 5404 10092 2598 10092 5405 10092 2598 10093 2597 10093 5405 10093 5405 10094 2597 10094 5406 10094 2597 10095 2596 10095 5406 10095 5406 10096 2596 10096 5407 10096 2596 10097 2595 10097 5407 10097 5407 10098 2595 10098 5408 10098 2595 10099 2594 10099 5408 10099 5408 10100 2594 10100 5409 10100 2594 10101 2593 10101 5409 10101 5409 10102 2593 10102 5410 10102 2593 10103 2592 10103 5410 10103 5410 10104 2592 10104 5411 10104 2592 10105 2591 10105 5411 10105 5411 10106 2591 10106 5412 10106 2591 10107 2590 10107 5412 10107 5412 10108 2590 10108 5413 10108 2590 10109 2589 10109 5413 10109 2589 10110 2588 10110 5413 10110 5413 10111 2588 10111 5414 10111 2588 10112 2586 10112 5414 10112 5414 10113 2586 10113 5415 10113 2586 10114 2585 10114 5415 10114 5415 10115 2585 10115 5416 10115 2585 10116 2583 10116 5416 10116 5416 10117 2583 10117 5417 10117 2583 10118 2582 10118 5417 10118 5417 10119 2582 10119 5418 10119 2582 10120 2587 10120 5418 10120 5418 10121 2587 10121 5419 10121 5419 10122 2587 10122 5420 10122 2587 10123 1657 10123 5420 10123 5420 10124 1657 10124 5421 10124 1657 10125 1656 10125 5421 10125 5421 10126 1656 10126 5357 10126 1656 10127 2644 10127 5357 10127 5357 10128 2644 10128 5358 10128 2644 10129 2643 10129 5358 10129 5358 10130 2643 10130 5359 10130 2643 10131 2642 10131 5359 10131 5359 10132 2642 10132 5360 10132 2642 10133 2641 10133 5360 10133 5360 10134 2641 10134 5361 10134 2641 10135 2640 10135 5361 10135 5361 10136 2640 10136 5362 10136 2640 10137 2639 10137 5362 10137 5362 10138 2639 10138 5363 10138 2639 10139 2638 10139 5363 10139 5363 10140 2638 10140 5364 10140 2638 10141 2637 10141 5364 10141 5364 10142 2637 10142 5365 10142 2637 10143 2636 10143 5365 10143 5365 10144 2636 10144 5366 10144 2636 10145 2635 10145 5366 10145 5366 10146 2635 10146 5367 10146 2635 10147 2634 10147 5367 10147 5367 10148 2634 10148 5368 10148 2634 10149 2633 10149 5368 10149 2633 10150 2632 10150 5368 10150 5368 10151 2632 10151 5369 10151 2632 10152 2631 10152 5369 10152 5369 10153 2631 10153 5370 10153 2631 10154 2630 10154 5370 10154 5370 10155 2630 10155 5371 10155 2630 10156 2629 10156 5371 10156 5371 10157 2629 10157 5372 10157 2629 10158 2628 10158 5372 10158 5372 10159 2628 10159 5373 10159 2628 10160 2627 10160 5373 10160 5373 10161 2627 10161 5374 10161 2627 10162 2626 10162 5374 10162 5374 10163 2626 10163 5375 10163 2626 10164 2625 10164 5375 10164 5375 10165 2625 10165 5376 10165 2625 10166 2624 10166 5376 10166 5376 10167 2624 10167 5377 10167 2624 10168 2623 10168 5377 10168 5377 10169 2623 10169 5378 10169 2623 10170 2622 10170 5378 10170 5378 10171 2622 10171 5058 10171 5058 10172 2622 10172 5059 10172 2622 10173 2620 10173 5059 10173 5059 10174 2620 10174 5326 10174 2620 10175 2619 10175 5326 10175 5326 10176 2619 10176 5325 10176 2619 10177 2678 10177 5325 10177 5325 10178 2678 10178 5323 10178 2678 10179 2677 10179 5323 10179 2677 10180 2676 10180 5323 10180 5323 10181 2676 10181 5324 10181 2676 10182 2675 10182 5324 10182 5324 10183 2675 10183 5329 10183 2675 10184 2674 10184 5329 10184 5329 10185 2674 10185 5330 10185 2674 10186 2673 10186 5330 10186 5330 10187 2673 10187 5331 10187 2673 10188 2672 10188 5331 10188 5331 10189 2672 10189 5333 10189 2672 10190 2671 10190 5333 10190 5333 10191 2671 10191 5334 10191 2671 10192 2670 10192 5334 10192 5334 10193 2670 10193 5335 10193 2670 10194 2669 10194 5335 10194 5335 10195 2669 10195 5336 10195 2669 10196 2668 10196 5336 10196 5336 10197 2668 10197 5337 10197 2668 10198 2667 10198 5337 10198 5337 10199 2667 10199 5332 10199 5332 10200 2667 10200 5327 10200 2667 10201 2666 10201 5327 10201 5327 10202 2666 10202 5328 10202 2666 10203 2665 10203 5328 10203 5328 10204 2665 10204 5338 10204 2665 10205 2663 10205 5338 10205 5338 10206 2663 10206 5339 10206 2663 10207 2662 10207 5339 10207 5339 10208 2662 10208 5340 10208 2662 10209 2661 10209 5340 10209 5340 10210 2661 10210 5341 10210 2661 10211 2660 10211 5341 10211 5341 10212 2660 10212 5342 10212 2660 10213 2659 10213 5342 10213 5342 10214 2659 10214 5343 10214 2659 10215 2658 10215 5343 10215 5343 10216 2658 10216 5344 10216 2658 10217 2657 10217 5344 10217 5344 10218 2657 10218 5345 10218 2657 10219 2656 10219 5345 10219 5345 10220 2656 10220 5346 10220 2656 10221 2655 10221 5346 10221 5346 10222 2655 10222 5347 10222 2655 10223 2654 10223 5347 10223 5347 10224 2654 10224 5348 10224 2654 10225 2653 10225 5348 10225 5348 10226 2653 10226 5349 10226 2653 10227 2652 10227 5349 10227 5349 10228 2652 10228 5350 10228 2652 10229 2651 10229 5350 10229 5350 10230 2651 10230 5351 10230 2651 10231 2650 10231 5351 10231 2650 10232 2649 10232 5351 10232 5351 10233 2649 10233 5352 10233 2649 10234 2648 10234 5352 10234 5352 10235 2648 10235 5353 10235 5353 10236 2648 10236 5354 10236 2648 10237 2646 10237 5354 10237 5354 10238 2646 10238 2645 10238 5302 10239 5356 10239 2553 10239 5356 10240 5355 10240 2553 10240 2553 10241 5355 10241 5354 10241 2553 10242 2552 10242 5302 10242 2552 10243 2555 10243 5302 10243 5302 10244 2555 10244 5303 10244 5303 10245 2555 10245 5304 10245 2555 10246 2578 10246 5304 10246 5304 10247 2578 10247 5305 10247 2578 10248 2577 10248 5305 10248 5305 10249 2577 10249 5306 10249 2577 10250 2576 10250 5306 10250 5306 10251 2576 10251 5307 10251 2576 10252 2575 10252 5307 10252 5307 10253 2575 10253 5308 10253 2575 10254 2574 10254 5308 10254 5308 10255 2574 10255 5309 10255 2574 10256 2573 10256 5309 10256 5309 10257 2573 10257 5310 10257 2573 10258 2572 10258 5310 10258 5310 10259 2572 10259 5311 10259 2572 10260 2571 10260 5311 10260 5311 10261 2571 10261 5312 10261 2571 10262 2567 10262 5312 10262 5312 10263 2567 10263 5313 10263 2567 10264 2566 10264 5313 10264 5313 10265 2566 10265 5314 10265 2566 10266 2570 10266 5314 10266 5314 10267 2570 10267 5315 10267 2570 10268 2569 10268 5315 10268 5315 10269 2569 10269 5316 10269 2569 10270 2568 10270 5316 10270 5316 10271 2568 10271 5317 10271 2568 10272 2565 10272 5317 10272 5317 10273 2565 10273 2564 10273 5880 10274 1612 10274 5881 10274 1612 10275 1614 10275 5881 10275 5881 10276 1614 10276 5882 10276 1614 10277 1616 10277 5882 10277 5882 10278 1616 10278 5883 10278 1616 10279 1618 10279 5883 10279 5883 10280 1618 10280 5884 10280 1618 10281 1620 10281 5884 10281 5884 10282 1620 10282 5885 10282 1620 10283 1622 10283 5885 10283 5885 10284 1622 10284 5886 10284 1622 10285 1624 10285 5886 10285 5886 10286 1624 10286 5887 10286 1624 10287 1626 10287 5887 10287 5887 10288 1626 10288 5888 10288 1626 10289 1628 10289 5888 10289 5888 10290 1628 10290 5889 10290 1628 10291 1630 10291 5889 10291 5889 10292 1630 10292 5890 10292 1630 10293 1632 10293 5890 10293 5890 10294 1632 10294 5891 10294 1632 10295 1634 10295 5891 10295 5891 10296 1634 10296 5892 10296 1634 10297 1636 10297 5892 10297 5892 10298 1636 10298 5893 10298 1636 10299 1638 10299 5893 10299 5893 10300 1638 10300 5894 10300 1638 10301 1640 10301 5894 10301 5894 10302 1640 10302 5895 10302 1640 10303 1642 10303 5895 10303 5895 10304 1642 10304 5896 10304 1642 10305 1644 10305 5896 10305 5896 10306 1644 10306 5897 10306 1644 10307 1646 10307 5897 10307 5897 10308 1646 10308 5898 10308 1646 10309 1648 10309 5898 10309 5898 10310 1648 10310 5899 10310 1648 10311 1650 10311 5899 10311 5899 10312 1650 10312 5900 10312 1650 10313 1652 10313 5900 10313 5900 10314 1652 10314 5901 10314 1652 10315 1654 10315 5901 10315 5901 10316 1654 10316 5902 10316 1654 10317 1512 10317 5902 10317 5902 10318 1512 10318 5903 10318 1512 10319 1514 10319 5903 10319 5903 10320 1514 10320 5904 10320 1514 10321 1516 10321 5904 10321 5904 10322 1516 10322 5905 10322 1516 10323 1518 10323 5905 10323 5905 10324 1518 10324 5906 10324 1518 10325 1520 10325 5906 10325 5906 10326 1520 10326 5907 10326 1520 10327 1522 10327 5907 10327 5907 10328 1522 10328 5908 10328 1522 10329 1524 10329 5908 10329 5908 10330 1524 10330 5909 10330 1524 10331 1526 10331 5909 10331 5909 10332 1526 10332 5910 10332 1526 10333 1528 10333 5910 10333 5910 10334 1528 10334 5911 10334 1528 10335 1530 10335 5911 10335 5911 10336 1530 10336 5912 10336 1530 10337 1532 10337 5912 10337 5912 10338 1532 10338 5913 10338 1532 10339 1534 10339 5913 10339 5913 10340 1534 10340 5914 10340 1534 10341 1536 10341 5914 10341 5914 10342 1536 10342 5915 10342 1536 10343 1538 10343 5915 10343 5915 10344 1538 10344 5916 10344 1538 10345 1540 10345 5916 10345 5916 10346 1540 10346 5917 10346 1540 10347 1542 10347 5917 10347 5917 10348 1542 10348 5918 10348 1542 10349 1544 10349 5918 10349 5918 10350 1544 10350 5919 10350 1544 10351 1546 10351 5919 10351 5919 10352 1546 10352 5920 10352 1546 10353 1548 10353 5920 10353 5920 10354 1548 10354 5921 10354 1548 10355 1550 10355 5921 10355 5921 10356 1550 10356 5922 10356 1550 10357 1552 10357 5922 10357 5922 10358 1552 10358 5923 10358 1552 10359 1554 10359 5923 10359 5923 10360 1554 10360 5924 10360 1554 10361 1556 10361 5924 10361 5924 10362 1556 10362 5925 10362 1556 10363 1558 10363 5925 10363 5925 10364 1558 10364 5926 10364 1558 10365 1560 10365 5926 10365 5926 10366 1560 10366 5927 10366 1560 10367 1562 10367 5927 10367 5927 10368 1562 10368 5928 10368 1562 10369 1564 10369 5928 10369 5928 10370 1564 10370 5929 10370 1564 10371 1566 10371 5929 10371 5929 10372 1566 10372 5930 10372 1566 10373 1568 10373 5930 10373 5930 10374 1568 10374 5931 10374 1568 10375 1570 10375 5931 10375 5931 10376 1570 10376 5932 10376 1570 10377 1572 10377 5932 10377 5932 10378 1572 10378 5933 10378 1572 10379 1574 10379 5933 10379 5933 10380 1574 10380 5934 10380 1574 10381 1576 10381 5934 10381 5934 10382 1576 10382 5935 10382 1576 10383 1578 10383 5935 10383 5935 10384 1578 10384 5936 10384 1578 10385 1580 10385 5936 10385 5936 10386 1580 10386 5937 10386 1580 10387 1582 10387 5937 10387 5937 10388 1582 10388 5938 10388 1582 10389 1584 10389 5938 10389 5938 10390 1584 10390 5939 10390 1584 10391 1586 10391 5939 10391 5939 10392 1586 10392 5940 10392 1586 10393 1588 10393 5940 10393 5940 10394 1588 10394 5941 10394 1588 10395 1590 10395 5941 10395 5941 10396 1590 10396 5942 10396 1590 10397 1592 10397 5942 10397 5942 10398 1592 10398 5943 10398 1592 10399 1594 10399 5943 10399 5943 10400 1594 10400 5944 10400 1594 10401 1596 10401 5944 10401 5944 10402 1596 10402 5945 10402 1596 10403 1598 10403 5945 10403 5945 10404 1598 10404 5946 10404 1598 10405 1600 10405 5946 10405 5946 10406 1600 10406 5947 10406 1600 10407 1602 10407 5947 10407 5947 10408 1602 10408 5948 10408 1602 10409 1604 10409 5948 10409 5948 10410 1604 10410 5949 10410 1604 10411 1606 10411 5949 10411 5949 10412 1606 10412 5950 10412 1606 10413 1608 10413 5950 10413 5950 10414 1608 10414 5951 10414 1608 10415 1610 10415 5951 10415 5951 10416 1610 10416 5880 10416 1610 10417 1612 10417 5880 10417 5199 10418 2433 10418 5200 10418 2433 10419 2432 10419 5200 10419 5200 10420 2432 10420 5254 10420 5254 10421 2432 10421 5255 10421 2432 10422 2514 10422 5255 10422 5255 10423 2514 10423 5256 10423 2514 10424 2513 10424 5256 10424 2513 10425 2512 10425 5256 10425 5256 10426 2512 10426 5257 10426 2512 10427 2511 10427 5257 10427 5257 10428 2511 10428 5258 10428 2511 10429 2510 10429 5258 10429 5258 10430 2510 10430 5259 10430 2510 10431 2509 10431 5259 10431 5259 10432 2509 10432 5260 10432 2509 10433 2508 10433 5260 10433 5260 10434 2508 10434 5261 10434 2508 10435 2507 10435 5261 10435 5261 10436 2507 10436 5250 10436 2507 10437 2506 10437 5250 10437 5250 10438 2506 10438 5251 10438 2506 10439 2505 10439 5251 10439 5251 10440 2505 10440 5252 10440 2505 10441 2504 10441 5252 10441 5252 10442 2504 10442 5253 10442 2504 10443 2503 10443 5253 10443 5253 10444 2503 10444 5264 10444 2503 10445 2475 10445 5264 10445 5264 10446 2475 10446 5265 10446 2475 10447 2474 10447 5265 10447 5265 10448 2474 10448 5266 10448 2474 10449 2502 10449 5266 10449 5266 10450 2502 10450 5269 10450 2502 10451 2501 10451 5269 10451 5269 10452 2501 10452 5270 10452 2501 10453 2500 10453 5270 10453 5270 10454 2500 10454 5271 10454 2500 10455 2499 10455 5271 10455 5271 10456 2499 10456 5273 10456 2499 10457 2498 10457 5273 10457 5273 10458 2498 10458 5274 10458 2498 10459 2497 10459 5274 10459 5274 10460 2497 10460 5275 10460 2497 10461 2496 10461 5275 10461 5275 10462 2496 10462 5276 10462 2496 10463 2495 10463 5276 10463 5276 10464 2495 10464 5277 10464 5277 10465 2495 10465 5278 10465 2495 10466 2494 10466 5278 10466 5278 10467 2494 10467 5272 10467 2494 10468 2493 10468 5272 10468 5272 10469 2493 10469 5267 10469 2493 10470 2492 10470 5267 10470 5267 10471 2492 10471 5268 10471 2492 10472 2491 10472 5268 10472 5268 10473 2491 10473 5279 10473 2491 10474 2490 10474 5279 10474 5279 10475 2490 10475 5280 10475 2490 10476 2489 10476 5280 10476 5280 10477 2489 10477 5281 10477 2489 10478 2488 10478 5281 10478 5281 10479 2488 10479 5282 10479 2488 10480 2487 10480 5282 10480 5282 10481 2487 10481 5283 10481 2487 10482 2486 10482 5283 10482 5283 10483 2486 10483 5284 10483 2486 10484 2485 10484 5284 10484 5284 10485 2485 10485 5285 10485 2485 10486 2484 10486 5285 10486 5285 10487 2484 10487 5286 10487 2484 10488 2483 10488 5286 10488 5286 10489 2483 10489 5287 10489 2483 10490 2482 10490 5287 10490 5287 10491 2482 10491 5288 10491 2482 10492 2481 10492 5288 10492 5288 10493 2481 10493 5289 10493 2481 10494 2480 10494 5289 10494 5289 10495 2480 10495 5262 10495 2480 10496 2479 10496 5262 10496 2479 10497 2478 10497 5262 10497 5262 10498 2478 10498 5263 10498 2478 10499 2477 10499 5263 10499 5263 10500 2477 10500 5290 10500 2477 10501 2464 10501 5290 10501 5290 10502 2464 10502 5291 10502 2464 10503 2463 10503 5291 10503 5291 10504 2463 10504 5292 10504 2463 10505 2461 10505 5292 10505 5292 10506 2461 10506 5296 10506 2461 10507 2460 10507 5296 10507 5296 10508 2460 10508 5297 10508 5297 10509 2460 10509 5298 10509 2460 10510 2473 10510 5298 10510 5298 10511 2473 10511 5299 10511 2473 10512 2472 10512 5299 10512 5299 10513 2472 10513 5300 10513 2472 10514 2466 10514 5300 10514 5300 10515 2466 10515 5301 10515 2466 10516 2465 10516 5301 10516 5301 10517 2465 10517 5293 10517 2465 10518 2471 10518 5293 10518 5293 10519 2471 10519 5294 10519 2471 10520 2470 10520 5294 10520 5294 10521 2470 10521 5295 10521 2470 10522 2468 10522 5295 10522 5295 10523 2468 10523 5230 10523 2468 10524 2467 10524 5230 10524 5230 10525 2467 10525 5231 10525 2467 10526 2546 10526 5231 10526 5231 10527 2546 10527 5232 10527 2546 10528 2545 10528 5232 10528 5232 10529 2545 10529 5233 10529 2545 10530 2544 10530 5233 10530 5233 10531 2544 10531 5234 10531 2544 10532 2543 10532 5234 10532 5234 10533 2543 10533 5235 10533 2543 10534 2542 10534 5235 10534 5235 10535 2542 10535 5236 10535 2542 10536 2539 10536 5236 10536 2539 10537 2540 10537 5236 10537 5236 10538 2540 10538 5237 10538 2540 10539 2541 10539 5237 10539 5237 10540 2541 10540 5238 10540 2541 10541 2538 10541 5238 10541 5238 10542 2538 10542 5239 10542 2538 10543 2537 10543 5239 10543 5239 10544 2537 10544 5240 10544 2537 10545 2536 10545 5240 10545 5240 10546 2536 10546 5241 10546 2536 10547 2535 10547 5241 10547 5241 10548 2535 10548 5242 10548 2535 10549 2534 10549 5242 10549 5242 10550 2534 10550 5243 10550 2534 10551 2533 10551 5243 10551 5243 10552 2533 10552 5244 10552 2533 10553 2532 10553 5244 10553 5244 10554 2532 10554 5245 10554 2532 10555 2531 10555 5245 10555 5245 10556 2531 10556 5246 10556 2531 10557 2530 10557 5246 10557 5246 10558 2530 10558 5226 10558 2530 10559 2529 10559 5226 10559 5226 10560 2529 10560 5227 10560 2529 10561 2528 10561 5227 10561 5227 10562 2528 10562 5228 10562 2528 10563 2527 10563 5228 10563 5228 10564 2527 10564 5229 10564 2527 10565 2526 10565 5229 10565 5229 10566 2526 10566 5247 10566 5247 10567 2526 10567 5248 10567 2526 10568 2525 10568 5248 10568 5248 10569 2525 10569 5249 10569 2525 10570 2524 10570 5249 10570 5249 10571 2524 10571 5203 10571 2524 10572 2523 10572 5203 10572 5203 10573 2523 10573 5204 10573 2523 10574 2522 10574 5204 10574 5204 10575 2522 10575 5206 10575 2522 10576 2521 10576 5206 10576 5206 10577 2521 10577 5207 10577 2521 10578 2520 10578 5207 10578 5207 10579 2520 10579 5208 10579 2520 10580 2519 10580 5208 10580 5208 10581 2519 10581 5209 10581 2519 10582 2518 10582 5209 10582 5209 10583 2518 10583 5210 10583 2518 10584 2517 10584 5210 10584 5210 10585 2517 10585 5205 10585 5205 10586 2517 10586 5201 10586 2517 10587 2516 10587 5201 10587 5201 10588 2516 10588 5202 10588 2516 10589 2551 10589 5202 10589 5202 10590 2551 10590 5213 10590 2551 10591 2550 10591 5213 10591 5213 10592 2550 10592 5214 10592 2550 10593 2548 10593 5214 10593 5214 10594 2548 10594 5215 10594 2548 10595 2547 10595 5215 10595 5215 10596 2547 10596 5216 10596 2547 10597 2459 10597 5216 10597 5216 10598 2459 10598 5211 10598 2459 10599 2458 10599 5211 10599 5211 10600 2458 10600 5212 10600 2458 10601 2457 10601 5212 10601 5212 10602 2457 10602 5217 10602 2457 10603 2456 10603 5217 10603 5217 10604 2456 10604 5218 10604 2456 10605 2455 10605 5218 10605 5218 10606 2455 10606 5219 10606 2455 10607 2454 10607 5219 10607 5219 10608 2454 10608 5220 10608 2454 10609 2453 10609 5220 10609 5220 10610 2453 10610 5221 10610 2453 10611 2452 10611 5221 10611 5221 10612 2452 10612 5222 10612 2452 10613 2451 10613 5222 10613 5222 10614 2451 10614 5223 10614 2451 10615 2450 10615 5223 10615 5223 10616 2450 10616 5224 10616 2450 10617 2449 10617 5224 10617 5224 10618 2449 10618 5225 10618 2449 10619 2448 10619 5225 10619 5225 10620 2448 10620 5180 10620 2448 10621 2426 10621 5180 10621 5180 10622 2426 10622 5181 10622 2426 10623 2425 10623 5181 10623 5181 10624 2425 10624 5182 10624 2425 10625 2430 10625 5182 10625 5182 10626 2430 10626 5183 10626 2430 10627 2429 10627 5183 10627 5183 10628 2429 10628 5184 10628 2429 10629 2428 10629 5184 10629 5184 10630 2428 10630 5185 10630 5185 10631 2428 10631 5186 10631 2428 10632 2447 10632 5186 10632 5186 10633 2447 10633 5187 10633 2447 10634 2446 10634 5187 10634 5187 10635 2446 10635 5188 10635 2446 10636 2445 10636 5188 10636 5188 10637 2445 10637 5189 10637 2445 10638 2444 10638 5189 10638 5189 10639 2444 10639 5190 10639 2444 10640 2443 10640 5190 10640 5190 10641 2443 10641 5191 10641 2443 10642 2442 10642 5191 10642 5191 10643 2442 10643 5192 10643 2442 10644 2441 10644 5192 10644 5192 10645 2441 10645 5193 10645 2441 10646 2440 10646 5193 10646 5193 10647 2440 10647 5194 10647 2440 10648 2437 10648 5194 10648 5194 10649 2437 10649 5195 10649 2437 10650 2438 10650 5195 10650 5195 10651 2438 10651 5196 10651 2438 10652 2439 10652 5196 10652 5196 10653 2439 10653 5197 10653 2439 10654 2436 10654 5197 10654 5197 10655 2436 10655 5198 10655 2436 10656 2435 10656 5198 10656 5198 10657 2435 10657 5199 10657 2435 10658 2434 10658 5199 10658 5199 10659 2434 10659 2433 10659 5952 10660 5953 10660 5954 10660 5953 10661 5955 10661 5954 10661 5954 10662 5955 10662 5956 10662 5955 10663 5957 10663 5956 10663 5956 10664 5957 10664 5958 10664 5957 10665 5959 10665 5958 10665 5958 10666 5959 10666 5960 10666 5959 10667 5961 10667 5960 10667 5960 10668 5961 10668 5962 10668 5961 10669 5963 10669 5962 10669 5962 10670 5963 10670 5964 10670 5963 10671 5965 10671 5964 10671 5964 10672 5965 10672 5966 10672 5965 10673 5967 10673 5966 10673 5966 10674 5967 10674 5968 10674 5967 10675 5969 10675 5968 10675 5968 10676 5969 10676 5970 10676 5969 10677 5971 10677 5970 10677 5970 10678 5971 10678 5972 10678 5971 10679 5973 10679 5972 10679 5972 10680 5973 10680 5974 10680 5973 10681 5975 10681 5974 10681 5974 10682 5975 10682 5976 10682 5975 10683 5977 10683 5976 10683 5976 10684 5977 10684 5978 10684 5977 10685 5979 10685 5978 10685 5978 10686 5979 10686 5980 10686 5979 10687 5981 10687 5980 10687 5980 10688 5981 10688 5982 10688 5981 10689 5983 10689 5982 10689 5982 10690 5983 10690 5984 10690 5983 10691 5985 10691 5984 10691 5984 10692 5985 10692 5986 10692 5985 10693 5987 10693 5986 10693 5986 10694 5987 10694 5988 10694 5987 10695 5989 10695 5988 10695 5988 10696 5989 10696 5990 10696 5989 10697 5991 10697 5990 10697 5990 10698 5991 10698 5992 10698 5991 10699 5993 10699 5992 10699 5992 10700 5993 10700 5994 10700 5993 10701 5995 10701 5994 10701 5994 10702 5995 10702 5996 10702 5995 10703 5997 10703 5996 10703 5996 10704 5997 10704 5998 10704 5997 10705 5999 10705 5998 10705 5998 10706 5999 10706 6000 10706 5999 10707 6001 10707 6000 10707 6000 10708 6001 10708 6002 10708 6001 10709 6003 10709 6002 10709 6002 10710 6003 10710 6004 10710 6003 10711 6005 10711 6004 10711 6004 10712 6005 10712 6006 10712 6005 10713 6007 10713 6006 10713 6006 10714 6007 10714 6008 10714 6007 10715 6009 10715 6008 10715 6008 10716 6009 10716 6010 10716 6009 10717 6011 10717 6010 10717 6010 10718 6011 10718 6012 10718 6011 10719 6013 10719 6012 10719 6012 10720 6013 10720 6014 10720 6013 10721 6015 10721 6014 10721 6014 10722 6015 10722 6016 10722 6015 10723 6017 10723 6016 10723 6016 10724 6017 10724 6018 10724 6017 10725 6019 10725 6018 10725 6018 10726 6019 10726 6020 10726 6019 10727 6021 10727 6020 10727 6020 10728 6021 10728 6022 10728 6021 10729 6023 10729 6022 10729 6022 10730 6023 10730 6024 10730 6023 10731 6025 10731 6024 10731 6024 10732 6025 10732 6026 10732 6025 10733 6027 10733 6026 10733 6026 10734 6027 10734 6028 10734 6027 10735 6029 10735 6028 10735 6028 10736 6029 10736 6030 10736 6029 10737 6031 10737 6030 10737 6030 10738 6031 10738 6032 10738 6031 10739 6033 10739 6032 10739 6032 10740 6033 10740 6034 10740 6033 10741 6035 10741 6034 10741 6034 10742 6035 10742 6036 10742 6035 10743 6037 10743 6036 10743 6036 10744 6037 10744 6038 10744 6037 10745 6039 10745 6038 10745 6038 10746 6039 10746 6040 10746 6039 10747 6041 10747 6040 10747 6040 10748 6041 10748 6042 10748 6041 10749 6043 10749 6042 10749 6042 10750 6043 10750 6044 10750 6043 10751 6045 10751 6044 10751 6044 10752 6045 10752 6046 10752 6045 10753 6047 10753 6046 10753 6046 10754 6047 10754 6048 10754 6047 10755 6049 10755 6048 10755 6048 10756 6049 10756 6050 10756 6049 10757 6051 10757 6050 10757 6050 10758 6051 10758 6052 10758 6051 10759 6053 10759 6052 10759 6052 10760 6053 10760 6054 10760 6053 10761 6055 10761 6054 10761 6054 10762 6055 10762 6056 10762 6055 10763 6057 10763 6056 10763 6056 10764 6057 10764 6058 10764 6057 10765 6059 10765 6058 10765 6058 10766 6059 10766 6060 10766 6059 10767 6061 10767 6060 10767 6060 10768 6061 10768 6062 10768 6061 10769 6063 10769 6062 10769 6062 10770 6063 10770 6064 10770 6063 10771 6065 10771 6064 10771 6064 10772 6065 10772 6066 10772 6065 10773 6067 10773 6066 10773 6066 10774 6067 10774 6068 10774 6067 10775 6069 10775 6068 10775 6068 10776 6069 10776 6070 10776 6069 10777 6071 10777 6070 10777 6070 10778 6071 10778 6072 10778 6071 10779 6073 10779 6072 10779 6072 10780 6073 10780 6074 10780 6073 10781 6075 10781 6074 10781 6074 10782 6075 10782 6076 10782 6075 10783 6077 10783 6076 10783 6076 10784 6077 10784 6078 10784 6077 10785 6079 10785 6078 10785 6078 10786 6079 10786 6080 10786 6079 10787 6081 10787 6080 10787 6080 10788 6081 10788 6082 10788 6081 10789 6083 10789 6082 10789 6082 10790 6083 10790 6084 10790 6083 10791 6085 10791 6084 10791 6084 10792 6085 10792 6086 10792 6085 10793 6087 10793 6086 10793 6086 10794 6087 10794 6088 10794 6087 10795 6089 10795 6088 10795 6088 10796 6089 10796 6090 10796 6089 10797 6091 10797 6090 10797 6090 10798 6091 10798 6092 10798 6091 10799 6093 10799 6092 10799 6092 10800 6093 10800 6094 10800 6093 10801 6095 10801 6094 10801 6094 10802 6095 10802 5952 10802 6095 10803 5953 10803 5952 10803 5981 10804 822 10804 5983 10804 822 10805 824 10805 5983 10805 5983 10806 824 10806 5985 10806 824 10807 826 10807 5985 10807 5985 10808 826 10808 5987 10808 826 10809 828 10809 5987 10809 5987 10810 828 10810 5989 10810 828 10811 830 10811 5989 10811 5989 10812 830 10812 5991 10812 830 10813 832 10813 5991 10813 5991 10814 832 10814 5993 10814 832 10815 834 10815 5993 10815 5993 10816 834 10816 5995 10816 834 10817 836 10817 5995 10817 5995 10818 836 10818 5997 10818 836 10819 838 10819 5997 10819 5997 10820 838 10820 5999 10820 838 10821 840 10821 5999 10821 5999 10822 840 10822 6001 10822 840 10823 842 10823 6001 10823 6001 10824 842 10824 6003 10824 842 10825 844 10825 6003 10825 6003 10826 844 10826 6005 10826 844 10827 846 10827 6005 10827 6005 10828 846 10828 6007 10828 846 10829 848 10829 6007 10829 6007 10830 848 10830 6009 10830 848 10831 850 10831 6009 10831 6009 10832 850 10832 6011 10832 850 10833 852 10833 6011 10833 6011 10834 852 10834 6013 10834 852 10835 854 10835 6013 10835 6013 10836 854 10836 6015 10836 854 10837 856 10837 6015 10837 6015 10838 856 10838 6017 10838 856 10839 858 10839 6017 10839 6017 10840 858 10840 6019 10840 858 10841 860 10841 6019 10841 6019 10842 860 10842 6021 10842 860 10843 862 10843 6021 10843 6021 10844 862 10844 6023 10844 862 10845 864 10845 6023 10845 6023 10846 864 10846 6025 10846 864 10847 866 10847 6025 10847 6025 10848 866 10848 6027 10848 866 10849 868 10849 6027 10849 6027 10850 868 10850 6029 10850 868 10851 870 10851 6029 10851 6029 10852 870 10852 6031 10852 870 10853 872 10853 6031 10853 6031 10854 872 10854 6033 10854 872 10855 874 10855 6033 10855 6033 10856 874 10856 6035 10856 874 10857 876 10857 6035 10857 6035 10858 876 10858 6037 10858 876 10859 878 10859 6037 10859 6037 10860 878 10860 6039 10860 878 10861 880 10861 6039 10861 6039 10862 880 10862 6041 10862 880 10863 882 10863 6041 10863 6041 10864 882 10864 6043 10864 882 10865 884 10865 6043 10865 6043 10866 884 10866 6045 10866 884 10867 886 10867 6045 10867 6045 10868 886 10868 6047 10868 886 10869 888 10869 6047 10869 6047 10870 888 10870 6049 10870 888 10871 890 10871 6049 10871 6049 10872 890 10872 6051 10872 890 10873 892 10873 6051 10873 6051 10874 892 10874 6053 10874 892 10875 894 10875 6053 10875 6053 10876 894 10876 6055 10876 894 10877 896 10877 6055 10877 6055 10878 896 10878 6057 10878 896 10879 898 10879 6057 10879 6057 10880 898 10880 6059 10880 898 10881 900 10881 6059 10881 6059 10882 900 10882 6061 10882 900 10883 902 10883 6061 10883 6061 10884 902 10884 6063 10884 902 10885 904 10885 6063 10885 6063 10886 904 10886 6065 10886 904 10887 906 10887 6065 10887 6065 10888 906 10888 6067 10888 906 10889 908 10889 6067 10889 6067 10890 908 10890 6069 10890 908 10891 910 10891 6069 10891 6069 10892 910 10892 6071 10892 910 10893 912 10893 6071 10893 6071 10894 912 10894 6073 10894 912 10895 914 10895 6073 10895 6073 10896 914 10896 6075 10896 914 10897 916 10897 6075 10897 6075 10898 916 10898 6077 10898 916 10899 918 10899 6077 10899 6077 10900 918 10900 6079 10900 918 10901 920 10901 6079 10901 6079 10902 920 10902 6081 10902 920 10903 922 10903 6081 10903 6081 10904 922 10904 6083 10904 922 10905 924 10905 6083 10905 6083 10906 924 10906 6085 10906 924 10907 926 10907 6085 10907 6085 10908 926 10908 6087 10908 926 10909 928 10909 6087 10909 6087 10910 928 10910 6089 10910 928 10911 930 10911 6089 10911 6089 10912 930 10912 6091 10912 930 10913 932 10913 6091 10913 6091 10914 932 10914 6093 10914 932 10915 934 10915 6093 10915 6093 10916 934 10916 6095 10916 934 10917 792 10917 6095 10917 6095 10918 792 10918 5953 10918 792 10919 794 10919 5953 10919 5953 10920 794 10920 5955 10920 794 10921 796 10921 5955 10921 5955 10922 796 10922 5957 10922 796 10923 798 10923 5957 10923 5957 10924 798 10924 5959 10924 798 10925 800 10925 5959 10925 5959 10926 800 10926 5961 10926 800 10927 802 10927 5961 10927 5961 10928 802 10928 5963 10928 802 10929 804 10929 5963 10929 5963 10930 804 10930 5965 10930 804 10931 806 10931 5965 10931 5965 10932 806 10932 5967 10932 806 10933 808 10933 5967 10933 5967 10934 808 10934 5969 10934 808 10935 810 10935 5969 10935 5969 10936 810 10936 5971 10936 810 10937 812 10937 5971 10937 5971 10938 812 10938 5973 10938 812 10939 814 10939 5973 10939 5973 10940 814 10940 5975 10940 814 10941 816 10941 5975 10941 5975 10942 816 10942 5977 10942 816 10943 818 10943 5977 10943 5977 10944 818 10944 5979 10944 818 10945 820 10945 5979 10945 5979 10946 820 10946 5981 10946 820 10947 822 10947 5981 10947 73 10948 6024 10948 75 10948 6024 10949 6026 10949 75 10949 75 10950 6026 10950 77 10950 6026 10951 6028 10951 77 10951 77 10952 6028 10952 79 10952 6028 10953 6030 10953 79 10953 79 10954 6030 10954 81 10954 6030 10955 6032 10955 81 10955 81 10956 6032 10956 83 10956 6032 10957 6034 10957 83 10957 83 10958 6034 10958 85 10958 6034 10959 6036 10959 85 10959 85 10960 6036 10960 87 10960 6036 10961 6038 10961 87 10961 87 10962 6038 10962 89 10962 6038 10963 6040 10963 89 10963 89 10964 6040 10964 91 10964 6040 10965 6042 10965 91 10965 91 10966 6042 10966 93 10966 6042 10967 6044 10967 93 10967 93 10968 6044 10968 95 10968 6044 10969 6046 10969 95 10969 95 10970 6046 10970 97 10970 6046 10971 6048 10971 97 10971 97 10972 6048 10972 99 10972 6048 10973 6050 10973 99 10973 99 10974 6050 10974 101 10974 6050 10975 6052 10975 101 10975 101 10976 6052 10976 103 10976 6052 10977 6054 10977 103 10977 103 10978 6054 10978 105 10978 6054 10979 6056 10979 105 10979 105 10980 6056 10980 107 10980 6056 10981 6058 10981 107 10981 107 10982 6058 10982 109 10982 6058 10983 6060 10983 109 10983 109 10984 6060 10984 111 10984 6060 10985 6062 10985 111 10985 111 10986 6062 10986 113 10986 6062 10987 6064 10987 113 10987 113 10988 6064 10988 115 10988 6064 10989 6066 10989 115 10989 115 10990 6066 10990 117 10990 6066 10991 6068 10991 117 10991 117 10992 6068 10992 119 10992 6068 10993 6070 10993 119 10993 119 10994 6070 10994 121 10994 6070 10995 6072 10995 121 10995 121 10996 6072 10996 123 10996 6072 10997 6074 10997 123 10997 123 10998 6074 10998 125 10998 6074 10999 6076 10999 125 10999 125 11000 6076 11000 127 11000 6076 11001 6078 11001 127 11001 127 11002 6078 11002 129 11002 6078 11003 6080 11003 129 11003 129 11004 6080 11004 131 11004 6080 11005 6082 11005 131 11005 131 11006 6082 11006 133 11006 6082 11007 6084 11007 133 11007 133 11008 6084 11008 135 11008 6084 11009 6086 11009 135 11009 135 11010 6086 11010 137 11010 6086 11011 6088 11011 137 11011 137 11012 6088 11012 139 11012 6088 11013 6090 11013 139 11013 139 11014 6090 11014 141 11014 6090 11015 6092 11015 141 11015 141 11016 6092 11016 143 11016 6092 11017 6094 11017 143 11017 143 11018 6094 11018 1 11018 6094 11019 5952 11019 1 11019 1 11020 5952 11020 3 11020 5952 11021 5954 11021 3 11021 3 11022 5954 11022 5 11022 5954 11023 5956 11023 5 11023 5 11024 5956 11024 7 11024 5956 11025 5958 11025 7 11025 7 11026 5958 11026 9 11026 5958 11027 5960 11027 9 11027 9 11028 5960 11028 11 11028 5960 11029 5962 11029 11 11029 11 11030 5962 11030 13 11030 5962 11031 5964 11031 13 11031 13 11032 5964 11032 15 11032 5964 11033 5966 11033 15 11033 15 11034 5966 11034 17 11034 5966 11035 5968 11035 17 11035 17 11036 5968 11036 19 11036 5968 11037 5970 11037 19 11037 19 11038 5970 11038 21 11038 5970 11039 5972 11039 21 11039 21 11040 5972 11040 23 11040 5972 11041 5974 11041 23 11041 23 11042 5974 11042 25 11042 5974 11043 5976 11043 25 11043 25 11044 5976 11044 27 11044 5976 11045 5978 11045 27 11045 27 11046 5978 11046 29 11046 5978 11047 5980 11047 29 11047 29 11048 5980 11048 31 11048 5980 11049 5982 11049 31 11049 31 11050 5982 11050 33 11050 5982 11051 5984 11051 33 11051 33 11052 5984 11052 35 11052 5984 11053 5986 11053 35 11053 35 11054 5986 11054 37 11054 5986 11055 5988 11055 37 11055 37 11056 5988 11056 39 11056 5988 11057 5990 11057 39 11057 39 11058 5990 11058 41 11058 5990 11059 5992 11059 41 11059 41 11060 5992 11060 43 11060 5992 11061 5994 11061 43 11061 43 11062 5994 11062 45 11062 5994 11063 5996 11063 45 11063 45 11064 5996 11064 47 11064 5996 11065 5998 11065 47 11065 47 11066 5998 11066 49 11066 5998 11067 6000 11067 49 11067 49 11068 6000 11068 51 11068 6000 11069 6002 11069 51 11069 51 11070 6002 11070 53 11070 6002 11071 6004 11071 53 11071 53 11072 6004 11072 55 11072 6004 11073 6006 11073 55 11073 55 11074 6006 11074 57 11074 6006 11075 6008 11075 57 11075 57 11076 6008 11076 59 11076 6008 11077 6010 11077 59 11077 59 11078 6010 11078 61 11078 6010 11079 6012 11079 61 11079 61 11080 6012 11080 63 11080 6012 11081 6014 11081 63 11081 63 11082 6014 11082 65 11082 6014 11083 6016 11083 65 11083 65 11084 6016 11084 67 11084 6016 11085 6018 11085 67 11085 67 11086 6018 11086 69 11086 6018 11087 6020 11087 69 11087 69 11088 6020 11088 71 11088 6020 11089 6022 11089 71 11089 71 11090 6022 11090 73 11090 6022 11091 6024 11091 73 11091 217 11092 5916 11092 219 11092 5916 11093 5917 11093 219 11093 219 11094 5917 11094 221 11094 5917 11095 5918 11095 221 11095 221 11096 5918 11096 223 11096 5918 11097 5919 11097 223 11097 223 11098 5919 11098 225 11098 5919 11099 5920 11099 225 11099 225 11100 5920 11100 227 11100 5920 11101 5921 11101 227 11101 227 11102 5921 11102 229 11102 5921 11103 5922 11103 229 11103 229 11104 5922 11104 231 11104 5922 11105 5923 11105 231 11105 231 11106 5923 11106 233 11106 5923 11107 5924 11107 233 11107 233 11108 5924 11108 235 11108 5924 11109 5925 11109 235 11109 235 11110 5925 11110 237 11110 5925 11111 5926 11111 237 11111 237 11112 5926 11112 239 11112 5926 11113 5927 11113 239 11113 239 11114 5927 11114 241 11114 5927 11115 5928 11115 241 11115 241 11116 5928 11116 243 11116 5928 11117 5929 11117 243 11117 243 11118 5929 11118 245 11118 5929 11119 5930 11119 245 11119 245 11120 5930 11120 247 11120 5930 11121 5931 11121 247 11121 247 11122 5931 11122 249 11122 5931 11123 5932 11123 249 11123 249 11124 5932 11124 251 11124 5932 11125 5933 11125 251 11125 251 11126 5933 11126 253 11126 5933 11127 5934 11127 253 11127 253 11128 5934 11128 255 11128 5934 11129 5935 11129 255 11129 255 11130 5935 11130 257 11130 5935 11131 5936 11131 257 11131 257 11132 5936 11132 259 11132 5936 11133 5937 11133 259 11133 259 11134 5937 11134 261 11134 5937 11135 5938 11135 261 11135 261 11136 5938 11136 263 11136 5938 11137 5939 11137 263 11137 263 11138 5939 11138 265 11138 5939 11139 5940 11139 265 11139 265 11140 5940 11140 267 11140 5940 11141 5941 11141 267 11141 267 11142 5941 11142 269 11142 5941 11143 5942 11143 269 11143 269 11144 5942 11144 271 11144 5942 11145 5943 11145 271 11145 271 11146 5943 11146 273 11146 5943 11147 5944 11147 273 11147 273 11148 5944 11148 275 11148 5944 11149 5945 11149 275 11149 275 11150 5945 11150 277 11150 5945 11151 5946 11151 277 11151 277 11152 5946 11152 279 11152 5946 11153 5947 11153 279 11153 279 11154 5947 11154 281 11154 5947 11155 5948 11155 281 11155 281 11156 5948 11156 283 11156 5948 11157 5949 11157 283 11157 283 11158 5949 11158 285 11158 5949 11159 5950 11159 285 11159 285 11160 5950 11160 287 11160 5950 11161 5951 11161 287 11161 287 11162 5951 11162 145 11162 5951 11163 5880 11163 145 11163 145 11164 5880 11164 147 11164 5880 11165 5881 11165 147 11165 147 11166 5881 11166 149 11166 5881 11167 5882 11167 149 11167 149 11168 5882 11168 151 11168 5882 11169 5883 11169 151 11169 151 11170 5883 11170 153 11170 5883 11171 5884 11171 153 11171 153 11172 5884 11172 155 11172 5884 11173 5885 11173 155 11173 155 11174 5885 11174 157 11174 5885 11175 5886 11175 157 11175 157 11176 5886 11176 159 11176 5886 11177 5887 11177 159 11177 159 11178 5887 11178 161 11178 5887 11179 5888 11179 161 11179 161 11180 5888 11180 163 11180 5888 11181 5889 11181 163 11181 163 11182 5889 11182 165 11182 5889 11183 5890 11183 165 11183 165 11184 5890 11184 167 11184 5890 11185 5891 11185 167 11185 167 11186 5891 11186 169 11186 5891 11187 5892 11187 169 11187 169 11188 5892 11188 171 11188 5892 11189 5893 11189 171 11189 171 11190 5893 11190 173 11190 5893 11191 5894 11191 173 11191 173 11192 5894 11192 175 11192 5894 11193 5895 11193 175 11193 175 11194 5895 11194 177 11194 5895 11195 5896 11195 177 11195 177 11196 5896 11196 179 11196 5896 11197 5897 11197 179 11197 179 11198 5897 11198 181 11198 5897 11199 5898 11199 181 11199 181 11200 5898 11200 183 11200 5898 11201 5899 11201 183 11201 183 11202 5899 11202 185 11202 5899 11203 5900 11203 185 11203 185 11204 5900 11204 187 11204 5900 11205 5901 11205 187 11205 187 11206 5901 11206 189 11206 5901 11207 5902 11207 189 11207 189 11208 5902 11208 191 11208 5902 11209 5903 11209 191 11209 191 11210 5903 11210 193 11210 5903 11211 5904 11211 193 11211 193 11212 5904 11212 195 11212 5904 11213 5905 11213 195 11213 195 11214 5905 11214 197 11214 5905 11215 5906 11215 197 11215 197 11216 5906 11216 199 11216 5906 11217 5907 11217 199 11217 199 11218 5907 11218 201 11218 5907 11219 5908 11219 201 11219 201 11220 5908 11220 203 11220 5908 11221 5909 11221 203 11221 203 11222 5909 11222 205 11222 5909 11223 5910 11223 205 11223 205 11224 5910 11224 207 11224 5910 11225 5911 11225 207 11225 207 11226 5911 11226 209 11226 5911 11227 5912 11227 209 11227 209 11228 5912 11228 211 11228 5912 11229 5913 11229 211 11229 211 11230 5913 11230 213 11230 5913 11231 5914 11231 213 11231 213 11232 5914 11232 215 11232 5914 11233 5915 11233 215 11233 215 11234 5915 11234 217 11234 5915 11235 5916 11235 217 11235 6096 11236 1220 11236 6097 11236 1220 11237 1222 11237 6097 11237 6097 11238 1222 11238 6098 11238 1222 11239 1223 11239 6098 11239 6098 11240 1223 11240 6099 11240 1223 11241 1214 11241 6099 11241 6099 11242 1214 11242 6100 11242 1214 11243 1213 11243 6100 11243 6100 11244 1213 11244 6101 11244 1213 11245 1212 11245 6101 11245 6101 11246 1212 11246 6102 11246 1212 11247 1211 11247 6102 11247 6102 11248 1211 11248 6103 11248 1211 11249 1210 11249 6103 11249 6103 11250 1210 11250 6104 11250 1210 11251 1209 11251 6104 11251 6104 11252 1209 11252 6105 11252 1209 11253 1205 11253 6105 11253 6105 11254 1205 11254 6106 11254 1205 11255 1204 11255 6106 11255 6106 11256 1204 11256 6107 11256 1204 11257 1203 11257 6107 11257 6107 11258 1203 11258 6108 11258 1203 11259 1185 11259 6108 11259 6108 11260 1185 11260 6109 11260 1185 11261 1186 11261 6109 11261 6109 11262 1186 11262 6110 11262 1186 11263 1115 11263 6110 11263 6110 11264 1115 11264 6111 11264 1115 11265 1155 11265 6111 11265 6111 11266 1155 11266 6112 11266 1155 11267 1154 11267 6112 11267 6112 11268 1154 11268 6113 11268 1154 11269 1153 11269 6113 11269 6113 11270 1153 11270 6114 11270 1153 11271 1151 11271 6114 11271 6114 11272 1151 11272 6115 11272 1151 11273 1150 11273 6115 11273 6115 11274 1150 11274 6116 11274 1150 11275 1149 11275 6116 11275 6116 11276 1149 11276 6117 11276 1149 11277 1147 11277 6117 11277 6117 11278 1147 11278 6118 11278 1147 11279 1146 11279 6118 11279 6118 11280 1146 11280 6119 11280 1146 11281 1145 11281 6119 11281 6119 11282 1145 11282 6120 11282 1145 11283 1144 11283 6120 11283 6120 11284 1144 11284 6121 11284 1144 11285 1142 11285 6121 11285 6121 11286 1142 11286 6122 11286 1142 11287 1141 11287 6122 11287 6122 11288 1141 11288 6123 11288 1141 11289 1140 11289 6123 11289 6123 11290 1140 11290 6124 11290 1140 11291 1138 11291 6124 11291 6124 11292 1138 11292 6125 11292 1138 11293 1137 11293 6125 11293 6125 11294 1137 11294 6126 11294 1137 11295 1136 11295 6126 11295 6126 11296 1136 11296 6127 11296 1136 11297 1135 11297 6127 11297 6127 11298 1135 11298 6128 11298 1135 11299 1133 11299 6128 11299 6128 11300 1133 11300 6129 11300 1133 11301 1132 11301 6129 11301 6129 11302 1132 11302 6130 11302 1132 11303 1125 11303 6130 11303 6130 11304 1125 11304 6131 11304 1125 11305 1123 11305 6131 11305 6131 11306 1123 11306 6132 11306 1123 11307 1122 11307 6132 11307 6132 11308 1122 11308 6133 11308 1122 11309 1111 11309 6133 11309 6133 11310 1111 11310 6134 11310 1111 11311 1110 11311 6134 11311 6134 11312 1110 11312 6135 11312 1110 11313 1074 11313 6135 11313 6135 11314 1074 11314 6136 11314 1074 11315 1073 11315 6136 11315 6136 11316 1073 11316 6137 11316 1073 11317 1072 11317 6137 11317 6137 11318 1072 11318 6138 11318 1072 11319 1071 11319 6138 11319 6138 11320 1071 11320 6139 11320 1071 11321 1070 11321 6139 11321 6139 11322 1070 11322 6140 11322 1070 11323 1050 11323 6140 11323 6140 11324 1050 11324 6141 11324 1050 11325 1048 11325 6141 11325 6141 11326 1048 11326 6142 11326 1048 11327 1047 11327 6142 11327 6142 11328 1047 11328 6143 11328 1047 11329 1069 11329 6143 11329 6143 11330 1069 11330 6144 11330 1069 11331 1068 11331 6144 11331 6144 11332 1068 11332 6145 11332 1068 11333 1067 11333 6145 11333 6145 11334 1067 11334 6146 11334 1067 11335 1066 11335 6146 11335 6146 11336 1066 11336 6147 11336 1066 11337 1065 11337 6147 11337 6147 11338 1065 11338 6148 11338 1065 11339 1064 11339 6148 11339 6148 11340 1064 11340 6149 11340 1064 11341 1046 11341 6149 11341 6149 11342 1046 11342 6150 11342 1046 11343 1045 11343 6150 11343 6150 11344 1045 11344 6151 11344 1045 11345 1044 11345 6151 11345 6151 11346 1044 11346 6152 11346 1044 11347 1043 11347 6152 11347 6152 11348 1043 11348 6153 11348 1043 11349 1042 11349 6153 11349 6153 11350 1042 11350 6154 11350 1042 11351 1041 11351 6154 11351 6154 11352 1041 11352 6155 11352 1041 11353 1040 11353 6155 11353 6155 11354 1040 11354 6156 11354 1040 11355 1039 11355 6156 11355 6156 11356 1039 11356 6157 11356 1039 11357 1038 11357 6157 11357 6157 11358 1038 11358 6158 11358 1038 11359 998 11359 6158 11359 6158 11360 998 11360 6159 11360 998 11361 1107 11361 6159 11361 6159 11362 1107 11362 6160 11362 1107 11363 1036 11363 6160 11363 6160 11364 1036 11364 6161 11364 1036 11365 1035 11365 6161 11365 6161 11366 1035 11366 6162 11366 1035 11367 1002 11367 6162 11367 6162 11368 1002 11368 6163 11368 1002 11369 1001 11369 6163 11369 6163 11370 1001 11370 6164 11370 1001 11371 1015 11371 6164 11371 6164 11372 1015 11372 6165 11372 1015 11373 1063 11373 6165 11373 6165 11374 1063 11374 6166 11374 1063 11375 1016 11375 6166 11375 6166 11376 1016 11376 6167 11376 1016 11377 943 11377 6167 11377 6167 11378 943 11378 6096 11378 943 11379 1220 11379 6096 11379 5771 11380 6150 11380 5773 11380 6150 11381 6151 11381 5773 11381 5773 11382 6151 11382 5775 11382 6151 11383 6152 11383 5775 11383 5775 11384 6152 11384 5777 11384 6152 11385 6153 11385 5777 11385 5777 11386 6153 11386 5779 11386 6153 11387 6154 11387 5779 11387 5779 11388 6154 11388 5781 11388 6154 11389 6155 11389 5781 11389 5781 11390 6155 11390 5783 11390 6155 11391 6156 11391 5783 11391 5783 11392 6156 11392 5785 11392 6156 11393 6157 11393 5785 11393 5785 11394 6157 11394 5787 11394 6157 11395 6158 11395 5787 11395 5787 11396 6158 11396 5789 11396 6158 11397 6159 11397 5789 11397 5789 11398 6159 11398 5791 11398 6159 11399 6160 11399 5791 11399 5791 11400 6160 11400 5793 11400 6160 11401 6161 11401 5793 11401 5793 11402 6161 11402 5795 11402 6161 11403 6162 11403 5795 11403 5795 11404 6162 11404 5797 11404 6162 11405 6163 11405 5797 11405 5797 11406 6163 11406 5799 11406 6163 11407 6164 11407 5799 11407 5799 11408 6164 11408 5801 11408 6164 11409 6165 11409 5801 11409 5801 11410 6165 11410 5803 11410 6165 11411 6166 11411 5803 11411 5803 11412 6166 11412 5805 11412 6166 11413 6167 11413 5805 11413 5805 11414 6167 11414 5807 11414 6167 11415 6096 11415 5807 11415 5807 11416 6096 11416 5665 11416 6096 11417 6097 11417 5665 11417 5665 11418 6097 11418 5667 11418 6097 11419 6098 11419 5667 11419 5667 11420 6098 11420 5669 11420 6098 11421 6099 11421 5669 11421 5669 11422 6099 11422 5671 11422 6099 11423 6100 11423 5671 11423 5671 11424 6100 11424 5673 11424 6100 11425 6101 11425 5673 11425 5673 11426 6101 11426 5675 11426 6101 11427 6102 11427 5675 11427 5675 11428 6102 11428 5677 11428 6102 11429 6103 11429 5677 11429 5677 11430 6103 11430 5679 11430 6103 11431 6104 11431 5679 11431 5679 11432 6104 11432 5681 11432 6104 11433 6105 11433 5681 11433 5681 11434 6105 11434 5683 11434 6105 11435 6106 11435 5683 11435 5683 11436 6106 11436 5685 11436 6106 11437 6107 11437 5685 11437 5685 11438 6107 11438 5687 11438 6107 11439 6108 11439 5687 11439 5687 11440 6108 11440 5689 11440 6108 11441 6109 11441 5689 11441 5689 11442 6109 11442 5691 11442 6109 11443 6110 11443 5691 11443 5691 11444 6110 11444 5693 11444 6110 11445 6111 11445 5693 11445 5693 11446 6111 11446 5695 11446 6111 11447 6112 11447 5695 11447 5695 11448 6112 11448 5697 11448 6112 11449 6113 11449 5697 11449 5697 11450 6113 11450 5699 11450 6113 11451 6114 11451 5699 11451 5699 11452 6114 11452 5701 11452 6114 11453 6115 11453 5701 11453 5701 11454 6115 11454 5703 11454 6115 11455 6116 11455 5703 11455 5703 11456 6116 11456 5705 11456 6116 11457 6117 11457 5705 11457 5705 11458 6117 11458 5707 11458 6117 11459 6118 11459 5707 11459 5707 11460 6118 11460 5709 11460 6118 11461 6119 11461 5709 11461 5709 11462 6119 11462 5711 11462 6119 11463 6120 11463 5711 11463 5711 11464 6120 11464 5713 11464 6120 11465 6121 11465 5713 11465 5713 11466 6121 11466 5715 11466 6121 11467 6122 11467 5715 11467 5715 11468 6122 11468 5717 11468 6122 11469 6123 11469 5717 11469 5717 11470 6123 11470 5719 11470 6123 11471 6124 11471 5719 11471 5719 11472 6124 11472 5721 11472 6124 11473 6125 11473 5721 11473 5721 11474 6125 11474 5723 11474 6125 11475 6126 11475 5723 11475 5723 11476 6126 11476 5725 11476 6126 11477 6127 11477 5725 11477 5725 11478 6127 11478 5727 11478 6127 11479 6128 11479 5727 11479 5727 11480 6128 11480 5729 11480 6128 11481 6129 11481 5729 11481 5729 11482 6129 11482 5731 11482 6129 11483 6130 11483 5731 11483 5731 11484 6130 11484 5733 11484 6130 11485 6131 11485 5733 11485 5733 11486 6131 11486 5735 11486 6131 11487 6132 11487 5735 11487 5735 11488 6132 11488 5737 11488 6132 11489 6133 11489 5737 11489 5737 11490 6133 11490 5739 11490 6133 11491 6134 11491 5739 11491 5739 11492 6134 11492 5741 11492 6134 11493 6135 11493 5741 11493 5741 11494 6135 11494 5743 11494 6135 11495 6136 11495 5743 11495 5743 11496 6136 11496 5745 11496 6136 11497 6137 11497 5745 11497 5745 11498 6137 11498 5747 11498 6137 11499 6138 11499 5747 11499 5747 11500 6138 11500 5749 11500 6138 11501 6139 11501 5749 11501 5749 11502 6139 11502 5751 11502 6139 11503 6140 11503 5751 11503 5751 11504 6140 11504 5753 11504 6140 11505 6141 11505 5753 11505 5753 11506 6141 11506 5755 11506 6141 11507 6142 11507 5755 11507 5755 11508 6142 11508 5757 11508 6142 11509 6143 11509 5757 11509 5757 11510 6143 11510 5759 11510 6143 11511 6144 11511 5759 11511 5759 11512 6144 11512 5761 11512 6144 11513 6145 11513 5761 11513 5761 11514 6145 11514 5763 11514 6145 11515 6146 11515 5763 11515 5763 11516 6146 11516 5765 11516 6146 11517 6147 11517 5765 11517 5765 11518 6147 11518 5767 11518 6147 11519 6148 11519 5767 11519 5767 11520 6148 11520 5769 11520 6148 11521 6149 11521 5769 11521 5769 11522 6149 11522 5771 11522 6149 11523 6150 11523 5771 11523 361 11524 5736 11524 363 11524 5736 11525 5738 11525 363 11525 363 11526 5738 11526 365 11526 5738 11527 5740 11527 365 11527 365 11528 5740 11528 367 11528 5740 11529 5742 11529 367 11529 367 11530 5742 11530 369 11530 5742 11531 5744 11531 369 11531 369 11532 5744 11532 371 11532 5744 11533 5746 11533 371 11533 371 11534 5746 11534 373 11534 5746 11535 5748 11535 373 11535 373 11536 5748 11536 375 11536 5748 11537 5750 11537 375 11537 375 11538 5750 11538 377 11538 5750 11539 5752 11539 377 11539 377 11540 5752 11540 379 11540 5752 11541 5754 11541 379 11541 379 11542 5754 11542 381 11542 5754 11543 5756 11543 381 11543 381 11544 5756 11544 383 11544 5756 11545 5758 11545 383 11545 383 11546 5758 11546 385 11546 5758 11547 5760 11547 385 11547 385 11548 5760 11548 387 11548 5760 11549 5762 11549 387 11549 387 11550 5762 11550 389 11550 5762 11551 5764 11551 389 11551 389 11552 5764 11552 391 11552 5764 11553 5766 11553 391 11553 391 11554 5766 11554 393 11554 5766 11555 5768 11555 393 11555 393 11556 5768 11556 395 11556 5768 11557 5770 11557 395 11557 395 11558 5770 11558 397 11558 5770 11559 5772 11559 397 11559 397 11560 5772 11560 399 11560 5772 11561 5774 11561 399 11561 399 11562 5774 11562 401 11562 5774 11563 5776 11563 401 11563 401 11564 5776 11564 403 11564 5776 11565 5778 11565 403 11565 403 11566 5778 11566 405 11566 5778 11567 5780 11567 405 11567 405 11568 5780 11568 407 11568 5780 11569 5782 11569 407 11569 407 11570 5782 11570 409 11570 5782 11571 5784 11571 409 11571 409 11572 5784 11572 411 11572 5784 11573 5786 11573 411 11573 411 11574 5786 11574 413 11574 5786 11575 5788 11575 413 11575 413 11576 5788 11576 415 11576 5788 11577 5790 11577 415 11577 415 11578 5790 11578 417 11578 5790 11579 5792 11579 417 11579 417 11580 5792 11580 419 11580 5792 11581 5794 11581 419 11581 419 11582 5794 11582 421 11582 5794 11583 5796 11583 421 11583 421 11584 5796 11584 423 11584 5796 11585 5798 11585 423 11585 423 11586 5798 11586 425 11586 5798 11587 5800 11587 425 11587 425 11588 5800 11588 427 11588 5800 11589 5802 11589 427 11589 427 11590 5802 11590 429 11590 5802 11591 5804 11591 429 11591 429 11592 5804 11592 431 11592 5804 11593 5806 11593 431 11593 431 11594 5806 11594 289 11594 5806 11595 5664 11595 289 11595 289 11596 5664 11596 291 11596 5664 11597 5666 11597 291 11597 291 11598 5666 11598 293 11598 5666 11599 5668 11599 293 11599 293 11600 5668 11600 295 11600 5668 11601 5670 11601 295 11601 295 11602 5670 11602 297 11602 5670 11603 5672 11603 297 11603 297 11604 5672 11604 299 11604 5672 11605 5674 11605 299 11605 299 11606 5674 11606 301 11606 5674 11607 5676 11607 301 11607 301 11608 5676 11608 303 11608 5676 11609 5678 11609 303 11609 303 11610 5678 11610 305 11610 5678 11611 5680 11611 305 11611 305 11612 5680 11612 307 11612 5680 11613 5682 11613 307 11613 307 11614 5682 11614 309 11614 5682 11615 5684 11615 309 11615 309 11616 5684 11616 311 11616 5684 11617 5686 11617 311 11617 311 11618 5686 11618 313 11618 5686 11619 5688 11619 313 11619 313 11620 5688 11620 315 11620 5688 11621 5690 11621 315 11621 315 11622 5690 11622 317 11622 5690 11623 5692 11623 317 11623 317 11624 5692 11624 319 11624 5692 11625 5694 11625 319 11625 319 11626 5694 11626 321 11626 5694 11627 5696 11627 321 11627 321 11628 5696 11628 323 11628 5696 11629 5698 11629 323 11629 323 11630 5698 11630 325 11630 5698 11631 5700 11631 325 11631 325 11632 5700 11632 327 11632 5700 11633 5702 11633 327 11633 327 11634 5702 11634 329 11634 5702 11635 5704 11635 329 11635 329 11636 5704 11636 331 11636 5704 11637 5706 11637 331 11637 331 11638 5706 11638 333 11638 5706 11639 5708 11639 333 11639 333 11640 5708 11640 335 11640 5708 11641 5710 11641 335 11641 335 11642 5710 11642 337 11642 5710 11643 5712 11643 337 11643 337 11644 5712 11644 339 11644 5712 11645 5714 11645 339 11645 339 11646 5714 11646 341 11646 5714 11647 5716 11647 341 11647 341 11648 5716 11648 343 11648 5716 11649 5718 11649 343 11649 343 11650 5718 11650 345 11650 5718 11651 5720 11651 345 11651 345 11652 5720 11652 347 11652 5720 11653 5722 11653 347 11653 347 11654 5722 11654 349 11654 5722 11655 5724 11655 349 11655 349 11656 5724 11656 351 11656 5724 11657 5726 11657 351 11657 351 11658 5726 11658 353 11658 5726 11659 5728 11659 353 11659 353 11660 5728 11660 355 11660 5728 11661 5730 11661 355 11661 355 11662 5730 11662 357 11662 5730 11663 5732 11663 357 11663 357 11664 5732 11664 359 11664 5732 11665 5734 11665 359 11665 359 11666 5734 11666 361 11666 5734 11667 5736 11667 361 11667 5027 11668 970 11668 5029 11668 970 11669 967 11669 5029 11669 5029 11670 967 11670 5031 11670 967 11671 966 11671 5031 11671 5031 11672 966 11672 5033 11672 966 11673 965 11673 5033 11673 5033 11674 965 11674 5035 11674 965 11675 964 11675 5035 11675 5035 11676 964 11676 5037 11676 964 11677 1005 11677 5037 11677 5037 11678 1005 11678 5039 11678 1005 11679 1004 11679 5039 11679 5039 11680 1004 11680 5041 11680 1004 11681 1003 11681 5041 11681 5041 11682 1003 11682 5043 11682 1003 11683 963 11683 5043 11683 5043 11684 963 11684 5045 11684 963 11685 962 11685 5045 11685 5045 11686 962 11686 5047 11686 962 11687 961 11687 5047 11687 5047 11688 961 11688 5049 11688 961 11689 960 11689 5049 11689 5049 11690 960 11690 5051 11690 960 11691 971 11691 5051 11691 5051 11692 971 11692 5053 11692 971 11693 1037 11693 5053 11693 5053 11694 1037 11694 5055 11694 1037 11695 1109 11695 5055 11695 5055 11696 1109 11696 4913 11696 1109 11697 1108 11697 4913 11697 4913 11698 1108 11698 4915 11698 1108 11699 1106 11699 4915 11699 4915 11700 1106 11700 4917 11700 1106 11701 1105 11701 4917 11701 4917 11702 1105 11702 4919 11702 1105 11703 1014 11703 4919 11703 4919 11704 1014 11704 4921 11704 1014 11705 1013 11705 4921 11705 4921 11706 1013 11706 4923 11706 1013 11707 1012 11707 4923 11707 4923 11708 1012 11708 4925 11708 1012 11709 1000 11709 4925 11709 4925 11710 1000 11710 4927 11710 1000 11711 999 11711 4927 11711 4927 11712 999 11712 4929 11712 999 11713 1119 11713 4929 11713 4929 11714 1119 11714 4931 11714 1119 11715 1097 11715 4931 11715 4931 11716 1097 11716 4933 11716 1097 11717 1099 11717 4933 11717 4933 11718 1099 11718 4935 11718 1099 11719 1101 11719 4935 11719 4935 11720 1101 11720 4937 11720 1101 11721 1103 11721 4937 11721 4937 11722 1103 11722 4939 11722 1103 11723 1104 11723 4939 11723 4939 11724 1104 11724 4941 11724 1104 11725 1095 11725 4941 11725 4941 11726 1095 11726 4943 11726 1095 11727 1093 11727 4943 11727 4943 11728 1093 11728 4945 11728 1093 11729 1092 11729 4945 11729 4945 11730 1092 11730 4947 11730 1092 11731 1090 11731 4947 11731 4947 11732 1090 11732 4949 11732 1090 11733 1089 11733 4949 11733 4949 11734 1089 11734 4951 11734 1089 11735 1087 11735 4951 11735 4951 11736 1087 11736 4953 11736 1087 11737 1086 11737 4953 11737 4953 11738 1086 11738 4955 11738 1086 11739 1084 11739 4955 11739 4955 11740 1084 11740 4957 11740 1084 11741 1083 11741 4957 11741 4957 11742 1083 11742 4959 11742 1083 11743 1079 11743 4959 11743 4959 11744 1079 11744 4961 11744 1079 11745 1081 11745 4961 11745 4961 11746 1081 11746 4963 11746 1081 11747 1082 11747 4963 11747 4963 11748 1082 11748 4965 11748 1082 11749 1034 11749 4965 11749 4965 11750 1034 11750 4967 11750 1034 11751 1033 11751 4967 11751 4967 11752 1033 11752 4969 11752 1033 11753 1031 11753 4969 11753 4969 11754 1031 11754 4971 11754 1031 11755 1030 11755 4971 11755 4971 11756 1030 11756 4973 11756 1030 11757 1029 11757 4973 11757 4973 11758 1029 11758 4975 11758 1029 11759 1027 11759 4975 11759 4975 11760 1027 11760 4977 11760 1027 11761 1026 11761 4977 11761 4977 11762 1026 11762 4979 11762 1026 11763 1011 11763 4979 11763 4979 11764 1011 11764 4981 11764 1011 11765 1010 11765 4981 11765 4981 11766 1010 11766 4983 11766 1010 11767 1008 11767 4983 11767 4983 11768 1008 11768 4985 11768 1008 11769 1007 11769 4985 11769 4985 11770 1007 11770 4987 11770 1007 11771 959 11771 4987 11771 4987 11772 959 11772 4989 11772 959 11773 957 11773 4989 11773 4989 11774 957 11774 4991 11774 957 11775 956 11775 4991 11775 4991 11776 956 11776 4993 11776 956 11777 938 11777 4993 11777 4993 11778 938 11778 4995 11778 938 11779 981 11779 4995 11779 4995 11780 981 11780 4997 11780 981 11781 980 11781 4997 11781 4997 11782 980 11782 4999 11782 980 11783 997 11783 4999 11783 4999 11784 997 11784 5001 11784 997 11785 996 11785 5001 11785 5001 11786 996 11786 5003 11786 996 11787 994 11787 5003 11787 5003 11788 994 11788 5005 11788 994 11789 993 11789 5005 11789 5005 11790 993 11790 5007 11790 993 11791 954 11791 5007 11791 5007 11792 954 11792 5009 11792 954 11793 941 11793 5009 11793 5009 11794 941 11794 5011 11794 941 11795 940 11795 5011 11795 5011 11796 940 11796 5013 11796 940 11797 974 11797 5013 11797 5013 11798 974 11798 5015 11798 974 11799 976 11799 5015 11799 5015 11800 976 11800 5017 11800 976 11801 978 11801 5017 11801 5017 11802 978 11802 5019 11802 978 11803 1024 11803 5019 11803 5019 11804 1024 11804 5021 11804 1024 11805 1025 11805 5021 11805 5021 11806 1025 11806 5023 11806 1025 11807 968 11807 5023 11807 5023 11808 968 11808 5025 11808 968 11809 969 11809 5025 11809 5025 11810 969 11810 5027 11810 969 11811 970 11811 5027 11811 505 11812 5844 11812 507 11812 5844 11813 5845 11813 507 11813 507 11814 5845 11814 509 11814 5845 11815 5846 11815 509 11815 509 11816 5846 11816 511 11816 5846 11817 5847 11817 511 11817 511 11818 5847 11818 513 11818 5847 11819 5848 11819 513 11819 513 11820 5848 11820 515 11820 5848 11821 5849 11821 515 11821 515 11822 5849 11822 517 11822 5849 11823 5850 11823 517 11823 517 11824 5850 11824 519 11824 5850 11825 5851 11825 519 11825 519 11826 5851 11826 521 11826 5851 11827 5852 11827 521 11827 521 11828 5852 11828 523 11828 5852 11829 5853 11829 523 11829 523 11830 5853 11830 525 11830 5853 11831 5854 11831 525 11831 525 11832 5854 11832 527 11832 5854 11833 5855 11833 527 11833 527 11834 5855 11834 529 11834 5855 11835 5856 11835 529 11835 529 11836 5856 11836 531 11836 5856 11837 5857 11837 531 11837 531 11838 5857 11838 533 11838 5857 11839 5858 11839 533 11839 533 11840 5858 11840 535 11840 5858 11841 5859 11841 535 11841 535 11842 5859 11842 537 11842 5859 11843 5860 11843 537 11843 537 11844 5860 11844 539 11844 5860 11845 5861 11845 539 11845 539 11846 5861 11846 541 11846 5861 11847 5862 11847 541 11847 541 11848 5862 11848 543 11848 5862 11849 5863 11849 543 11849 543 11850 5863 11850 545 11850 5863 11851 5864 11851 545 11851 545 11852 5864 11852 547 11852 5864 11853 5865 11853 547 11853 547 11854 5865 11854 549 11854 5865 11855 5866 11855 549 11855 549 11856 5866 11856 551 11856 5866 11857 5867 11857 551 11857 551 11858 5867 11858 553 11858 5867 11859 5868 11859 553 11859 553 11860 5868 11860 555 11860 5868 11861 5869 11861 555 11861 555 11862 5869 11862 557 11862 5869 11863 5870 11863 557 11863 557 11864 5870 11864 559 11864 5870 11865 5871 11865 559 11865 559 11866 5871 11866 561 11866 5871 11867 5872 11867 561 11867 561 11868 5872 11868 563 11868 5872 11869 5873 11869 563 11869 563 11870 5873 11870 565 11870 5873 11871 5874 11871 565 11871 565 11872 5874 11872 567 11872 5874 11873 5875 11873 567 11873 567 11874 5875 11874 569 11874 5875 11875 5876 11875 569 11875 569 11876 5876 11876 571 11876 5876 11877 5877 11877 571 11877 571 11878 5877 11878 573 11878 5877 11879 5878 11879 573 11879 573 11880 5878 11880 575 11880 5878 11881 5879 11881 575 11881 575 11882 5879 11882 433 11882 5879 11883 5808 11883 433 11883 433 11884 5808 11884 435 11884 5808 11885 5809 11885 435 11885 435 11886 5809 11886 437 11886 5809 11887 5810 11887 437 11887 437 11888 5810 11888 439 11888 5810 11889 5811 11889 439 11889 439 11890 5811 11890 441 11890 5811 11891 5812 11891 441 11891 441 11892 5812 11892 443 11892 5812 11893 5813 11893 443 11893 443 11894 5813 11894 445 11894 5813 11895 5814 11895 445 11895 445 11896 5814 11896 447 11896 5814 11897 5815 11897 447 11897 447 11898 5815 11898 449 11898 5815 11899 5816 11899 449 11899 449 11900 5816 11900 451 11900 5816 11901 5817 11901 451 11901 451 11902 5817 11902 453 11902 5817 11903 5818 11903 453 11903 453 11904 5818 11904 455 11904 5818 11905 5819 11905 455 11905 455 11906 5819 11906 457 11906 5819 11907 5820 11907 457 11907 457 11908 5820 11908 459 11908 5820 11909 5821 11909 459 11909 459 11910 5821 11910 461 11910 5821 11911 5822 11911 461 11911 461 11912 5822 11912 463 11912 5822 11913 5823 11913 463 11913 463 11914 5823 11914 465 11914 5823 11915 5824 11915 465 11915 465 11916 5824 11916 467 11916 5824 11917 5825 11917 467 11917 467 11918 5825 11918 469 11918 5825 11919 5826 11919 469 11919 469 11920 5826 11920 471 11920 5826 11921 5827 11921 471 11921 471 11922 5827 11922 473 11922 5827 11923 5828 11923 473 11923 473 11924 5828 11924 475 11924 5828 11925 5829 11925 475 11925 475 11926 5829 11926 477 11926 5829 11927 5830 11927 477 11927 477 11928 5830 11928 479 11928 5830 11929 5831 11929 479 11929 479 11930 5831 11930 481 11930 5831 11931 5832 11931 481 11931 481 11932 5832 11932 483 11932 5832 11933 5833 11933 483 11933 483 11934 5833 11934 485 11934 5833 11935 5834 11935 485 11935 485 11936 5834 11936 487 11936 5834 11937 5835 11937 487 11937 487 11938 5835 11938 489 11938 5835 11939 5836 11939 489 11939 489 11940 5836 11940 491 11940 5836 11941 5837 11941 491 11941 491 11942 5837 11942 493 11942 5837 11943 5838 11943 493 11943 493 11944 5838 11944 495 11944 5838 11945 5839 11945 495 11945 495 11946 5839 11946 497 11946 5839 11947 5840 11947 497 11947 497 11948 5840 11948 499 11948 5840 11949 5841 11949 499 11949 499 11950 5841 11950 501 11950 5841 11951 5842 11951 501 11951 501 11952 5842 11952 503 11952 5842 11953 5843 11953 503 11953 503 11954 5843 11954 505 11954 5843 11955 5844 11955 505 11955 1283 11956 6168 11956 1342 11956 6168 11957 6169 11957 1342 11957 1342 11958 6169 11958 1343 11958 6169 11959 6170 11959 1343 11959 1343 11960 6170 11960 1344 11960 6170 11961 6171 11961 1344 11961 1344 11962 6171 11962 1305 11962 6171 11963 6172 11963 1305 11963 1305 11964 6172 11964 1307 11964 6172 11965 6173 11965 1307 11965 1307 11966 6173 11966 1309 11966 6173 11967 6174 11967 1309 11967 1309 11968 6174 11968 1311 11968 6174 11969 6175 11969 1311 11969 1311 11970 6175 11970 1313 11970 6175 11971 6176 11971 1313 11971 1313 11972 6176 11972 1315 11972 6176 11973 6177 11973 1315 11973 1315 11974 6177 11974 1317 11974 6177 11975 6178 11975 1317 11975 1317 11976 6178 11976 1319 11976 6178 11977 6179 11977 1319 11977 1319 11978 6179 11978 1321 11978 6179 11979 6180 11979 1321 11979 1321 11980 6180 11980 1322 11980 6180 11981 6181 11981 1322 11981 1322 11982 6181 11982 1265 11982 6181 11983 6182 11983 1265 11983 1265 11984 6182 11984 1266 11984 6182 11985 6183 11985 1266 11985 1266 11986 6183 11986 1268 11986 6183 11987 6184 11987 1268 11987 1268 11988 6184 11988 1269 11988 6184 11989 6185 11989 1269 11989 1269 11990 6185 11990 1323 11990 6185 11991 6186 11991 1323 11991 1323 11992 6186 11992 1324 11992 6186 11993 6187 11993 1324 11993 1324 11994 6187 11994 1325 11994 6187 11995 6188 11995 1325 11995 1325 11996 6188 11996 1380 11996 6188 11997 6189 11997 1380 11997 1380 11998 6189 11998 1381 11998 6189 11999 6190 11999 1381 11999 1381 12000 6190 12000 1382 12000 6190 12001 6191 12001 1382 12001 1382 12002 6191 12002 1285 12002 6191 12003 6192 12003 1285 12003 1285 12004 6192 12004 1286 12004 6192 12005 6193 12005 1286 12005 1286 12006 6193 12006 1326 12006 6193 12007 6194 12007 1326 12007 1326 12008 6194 12008 1327 12008 6194 12009 6195 12009 1327 12009 1327 12010 6195 12010 1248 12010 6195 12011 6196 12011 1248 12011 1248 12012 6196 12012 1249 12012 6196 12013 6197 12013 1249 12013 1249 12014 6197 12014 1345 12014 6197 12015 6198 12015 1345 12015 1345 12016 6198 12016 1346 12016 6198 12017 6199 12017 1346 12017 1346 12018 6199 12018 1328 12018 6199 12019 6200 12019 1328 12019 1328 12020 6200 12020 1329 12020 6200 12021 6201 12021 1329 12021 1329 12022 6201 12022 1347 12022 6201 12023 6202 12023 1347 12023 1347 12024 6202 12024 1330 12024 6202 12025 6203 12025 1330 12025 1330 12026 6203 12026 1383 12026 6203 12027 6204 12027 1383 12027 1383 12028 6204 12028 1295 12028 6204 12029 6205 12029 1295 12029 1295 12030 6205 12030 1296 12030 6205 12031 6206 12031 1296 12031 1296 12032 6206 12032 1297 12032 6206 12033 6207 12033 1297 12033 1297 12034 6207 12034 1298 12034 6207 12035 6208 12035 1298 12035 1298 12036 6208 12036 1378 12036 6208 12037 6209 12037 1378 12037 1378 12038 6209 12038 1379 12038 6209 12039 6210 12039 1379 12039 1379 12040 6210 12040 1300 12040 6210 12041 6211 12041 1300 12041 1300 12042 6211 12042 1299 12042 6211 12043 6212 12043 1299 12043 1299 12044 6212 12044 1233 12044 6212 12045 6213 12045 1233 12045 1233 12046 6213 12046 1236 12046 6213 12047 6214 12047 1236 12047 1236 12048 6214 12048 1238 12048 6214 12049 6215 12049 1238 12049 1238 12050 6215 12050 1240 12050 6215 12051 6216 12051 1240 12051 1240 12052 6216 12052 1242 12052 6216 12053 6217 12053 1242 12053 1242 12054 6217 12054 1243 12054 6217 12055 6218 12055 1243 12055 1243 12056 6218 12056 1231 12056 6218 12057 6219 12057 1231 12057 1231 12058 6219 12058 1272 12058 6219 12059 6220 12059 1272 12059 1272 12060 6220 12060 1273 12060 6220 12061 6221 12061 1273 12061 1273 12062 6221 12062 1274 12062 6221 12063 6222 12063 1274 12063 1274 12064 6222 12064 1246 12064 6222 12065 6223 12065 1246 12065 1246 12066 6223 12066 1244 12066 6223 12067 6224 12067 1244 12067 1244 12068 6224 12068 1256 12068 6224 12069 6225 12069 1256 12069 1256 12070 6225 12070 1257 12070 6225 12071 6226 12071 1257 12071 1257 12072 6226 12072 1259 12072 6226 12073 6227 12073 1259 12073 1259 12074 6227 12074 1301 12074 6227 12075 6228 12075 1301 12075 1301 12076 6228 12076 1302 12076 6228 12077 6229 12077 1302 12077 1302 12078 6229 12078 1303 12078 6229 12079 6230 12079 1303 12079 1303 12080 6230 12080 1264 12080 6230 12081 6231 12081 1264 12081 1264 12082 6231 12082 1262 12082 6231 12083 6232 12083 1262 12083 1262 12084 6232 12084 1260 12084 6232 12085 6233 12085 1260 12085 1260 12086 6233 12086 1275 12086 6233 12087 6234 12087 1275 12087 1275 12088 6234 12088 1276 12088 6234 12089 6235 12089 1276 12089 1276 12090 6235 12090 1278 12090 6235 12091 6236 12091 1278 12091 1278 12092 6236 12092 1279 12092 6236 12093 6237 12093 1279 12093 1279 12094 6237 12094 1280 12094 6237 12095 6238 12095 1280 12095 1280 12096 6238 12096 1282 12096 6238 12097 6239 12097 1282 12097 1282 12098 6239 12098 1283 12098 6239 12099 6168 12099 1283 12099 0 12100 6168 12100 142 12100 6168 12101 6239 12101 142 12101 142 12102 6239 12102 140 12102 6239 12103 6238 12103 140 12103 140 12104 6238 12104 138 12104 6238 12105 6237 12105 138 12105 138 12106 6237 12106 136 12106 6237 12107 6236 12107 136 12107 136 12108 6236 12108 134 12108 6236 12109 6235 12109 134 12109 134 12110 6235 12110 132 12110 6235 12111 6234 12111 132 12111 132 12112 6234 12112 130 12112 6234 12113 6233 12113 130 12113 130 12114 6233 12114 128 12114 6233 12115 6232 12115 128 12115 128 12116 6232 12116 126 12116 6232 12117 6231 12117 126 12117 126 12118 6231 12118 124 12118 6231 12119 6230 12119 124 12119 124 12120 6230 12120 122 12120 6230 12121 6229 12121 122 12121 122 12122 6229 12122 120 12122 6229 12123 6228 12123 120 12123 120 12124 6228 12124 118 12124 6228 12125 6227 12125 118 12125 118 12126 6227 12126 116 12126 6227 12127 6226 12127 116 12127 116 12128 6226 12128 114 12128 6226 12129 6225 12129 114 12129 114 12130 6225 12130 112 12130 6225 12131 6224 12131 112 12131 112 12132 6224 12132 110 12132 6224 12133 6223 12133 110 12133 110 12134 6223 12134 108 12134 6223 12135 6222 12135 108 12135 108 12136 6222 12136 106 12136 6222 12137 6221 12137 106 12137 106 12138 6221 12138 104 12138 6221 12139 6220 12139 104 12139 104 12140 6220 12140 102 12140 6220 12141 6219 12141 102 12141 102 12142 6219 12142 100 12142 6219 12143 6218 12143 100 12143 100 12144 6218 12144 98 12144 6218 12145 6217 12145 98 12145 98 12146 6217 12146 96 12146 6217 12147 6216 12147 96 12147 96 12148 6216 12148 94 12148 6216 12149 6215 12149 94 12149 94 12150 6215 12150 92 12150 6215 12151 6214 12151 92 12151 92 12152 6214 12152 90 12152 6214 12153 6213 12153 90 12153 90 12154 6213 12154 88 12154 6213 12155 6212 12155 88 12155 88 12156 6212 12156 86 12156 6212 12157 6211 12157 86 12157 86 12158 6211 12158 84 12158 6211 12159 6210 12159 84 12159 84 12160 6210 12160 82 12160 6210 12161 6209 12161 82 12161 82 12162 6209 12162 80 12162 6209 12163 6208 12163 80 12163 80 12164 6208 12164 78 12164 6208 12165 6207 12165 78 12165 78 12166 6207 12166 76 12166 6207 12167 6206 12167 76 12167 76 12168 6206 12168 74 12168 6206 12169 6205 12169 74 12169 74 12170 6205 12170 72 12170 6205 12171 6204 12171 72 12171 72 12172 6204 12172 70 12172 6204 12173 6203 12173 70 12173 70 12174 6203 12174 68 12174 6203 12175 6202 12175 68 12175 68 12176 6202 12176 66 12176 6202 12177 6201 12177 66 12177 66 12178 6201 12178 64 12178 6201 12179 6200 12179 64 12179 64 12180 6200 12180 62 12180 6200 12181 6199 12181 62 12181 62 12182 6199 12182 60 12182 6199 12183 6198 12183 60 12183 60 12184 6198 12184 58 12184 6198 12185 6197 12185 58 12185 58 12186 6197 12186 56 12186 6197 12187 6196 12187 56 12187 56 12188 6196 12188 54 12188 6196 12189 6195 12189 54 12189 54 12190 6195 12190 52 12190 6195 12191 6194 12191 52 12191 52 12192 6194 12192 50 12192 6194 12193 6193 12193 50 12193 50 12194 6193 12194 48 12194 6193 12195 6192 12195 48 12195 48 12196 6192 12196 46 12196 6192 12197 6191 12197 46 12197 46 12198 6191 12198 44 12198 6191 12199 6190 12199 44 12199 44 12200 6190 12200 42 12200 6190 12201 6189 12201 42 12201 42 12202 6189 12202 40 12202 6189 12203 6188 12203 40 12203 40 12204 6188 12204 38 12204 6188 12205 6187 12205 38 12205 38 12206 6187 12206 36 12206 6187 12207 6186 12207 36 12207 36 12208 6186 12208 34 12208 6186 12209 6185 12209 34 12209 34 12210 6185 12210 32 12210 6185 12211 6184 12211 32 12211 32 12212 6184 12212 30 12212 6184 12213 6183 12213 30 12213 30 12214 6183 12214 28 12214 6183 12215 6182 12215 28 12215 28 12216 6182 12216 26 12216 6182 12217 6181 12217 26 12217 26 12218 6181 12218 24 12218 6181 12219 6180 12219 24 12219 24 12220 6180 12220 22 12220 6180 12221 6179 12221 22 12221 22 12222 6179 12222 20 12222 6179 12223 6178 12223 20 12223 20 12224 6178 12224 18 12224 6178 12225 6177 12225 18 12225 18 12226 6177 12226 16 12226 6177 12227 6176 12227 16 12227 16 12228 6176 12228 14 12228 6176 12229 6175 12229 14 12229 14 12230 6175 12230 12 12230 6175 12231 6174 12231 12 12231 12 12232 6174 12232 10 12232 6174 12233 6173 12233 10 12233 10 12234 6173 12234 8 12234 6173 12235 6172 12235 8 12235 8 12236 6172 12236 6 12236 6172 12237 6171 12237 6 12237 6 12238 6171 12238 4 12238 6171 12239 6170 12239 4 12239 4 12240 6170 12240 2 12240 6170 12241 6169 12241 2 12241 2 12242 6169 12242 0 12242 6169 12243 6168 12243 0 12243 1501 12244 6240 12244 1502 12244 6240 12245 6241 12245 1502 12245 1502 12246 6241 12246 1504 12246 6241 12247 6242 12247 1504 12247 1504 12248 6242 12248 1509 12248 6242 12249 6243 12249 1509 12249 1509 12250 6243 12250 1510 12250 6243 12251 6244 12251 1510 12251 1510 12252 6244 12252 1511 12252 6244 12253 6245 12253 1511 12253 1511 12254 6245 12254 1482 12254 6245 12255 6246 12255 1482 12255 1482 12256 6246 12256 1480 12256 6246 12257 6247 12257 1480 12257 1480 12258 6247 12258 1356 12258 6247 12259 6248 12259 1356 12259 1356 12260 6248 12260 1355 12260 6248 12261 6249 12261 1355 12261 1355 12262 6249 12262 1353 12262 6249 12263 6250 12263 1353 12263 1353 12264 6250 12264 1351 12264 6250 12265 6251 12265 1351 12265 1351 12266 6251 12266 1410 12266 6251 12267 6252 12267 1410 12267 1410 12268 6252 12268 1411 12268 6252 12269 6253 12269 1411 12269 1411 12270 6253 12270 1412 12270 6253 12271 6254 12271 1412 12271 1412 12272 6254 12272 1358 12272 6254 12273 6255 12273 1358 12273 1358 12274 6255 12274 1359 12274 6255 12275 6256 12275 1359 12275 1359 12276 6256 12276 1390 12276 6256 12277 6257 12277 1390 12277 1390 12278 6257 12278 1391 12278 6257 12279 6258 12279 1391 12279 1391 12280 6258 12280 1393 12280 6258 12281 6259 12281 1393 12281 1393 12282 6259 12282 1394 12282 6259 12283 6260 12283 1394 12283 1394 12284 6260 12284 1413 12284 6260 12285 6261 12285 1413 12285 1413 12286 6261 12286 1414 12286 6261 12287 6262 12287 1414 12287 1414 12288 6262 12288 1416 12288 6262 12289 6263 12289 1416 12289 1416 12290 6263 12290 1418 12290 6263 12291 6264 12291 1418 12291 1418 12292 6264 12292 1420 12292 6264 12293 6265 12293 1420 12293 1420 12294 6265 12294 1422 12294 6265 12295 6266 12295 1422 12295 1422 12296 6266 12296 1423 12296 6266 12297 6267 12297 1423 12297 1423 12298 6267 12298 1331 12298 6267 12299 6268 12299 1331 12299 1331 12300 6268 12300 1332 12300 6268 12301 6269 12301 1332 12301 1332 12302 6269 12302 1483 12302 6269 12303 6270 12303 1483 12303 1483 12304 6270 12304 1484 12304 6270 12305 6271 12305 1484 12305 1484 12306 6271 12306 1485 12306 6271 12307 6272 12307 1485 12307 1485 12308 6272 12308 1427 12308 6272 12309 6273 12309 1427 12309 1427 12310 6273 12310 1426 12310 6273 12311 6274 12311 1426 12311 1426 12312 6274 12312 1424 12312 6274 12313 6275 12313 1424 12313 1424 12314 6275 12314 1232 12314 6275 12315 6276 12315 1232 12315 1232 12316 6276 12316 1288 12316 6276 12317 6277 12317 1288 12317 1288 12318 6277 12318 1270 12318 6277 12319 6278 12319 1270 12319 1270 12320 6278 12320 1271 12320 6278 12321 6279 12321 1271 12321 1271 12322 6279 12322 1334 12322 6279 12323 6280 12323 1334 12323 1334 12324 6280 12324 1335 12324 6280 12325 6281 12325 1335 12325 1335 12326 6281 12326 1289 12326 6281 12327 6282 12327 1289 12327 1289 12328 6282 12328 1290 12328 6282 12329 6283 12329 1290 12329 1290 12330 6283 12330 1348 12330 6283 12331 6284 12331 1348 12331 1348 12332 6284 12332 1349 12332 6284 12333 6285 12333 1349 12333 1349 12334 6285 12334 1350 12334 6285 12335 6286 12335 1350 12335 1350 12336 6286 12336 1287 12336 6286 12337 6287 12337 1287 12337 1287 12338 6287 12338 1406 12338 6287 12339 6288 12339 1406 12339 1406 12340 6288 12340 1407 12340 6288 12341 6289 12341 1407 12341 1407 12342 6289 12342 1408 12342 6289 12343 6290 12343 1408 12343 1408 12344 6290 12344 1409 12344 6290 12345 6291 12345 1409 12345 1409 12346 6291 12346 1384 12346 6291 12347 6292 12347 1384 12347 1384 12348 6292 12348 1385 12348 6292 12349 6293 12349 1385 12349 1385 12350 6293 12350 1386 12350 6293 12351 6294 12351 1386 12351 1386 12352 6294 12352 1387 12352 6294 12353 6295 12353 1387 12353 1387 12354 6295 12354 1388 12354 6295 12355 6296 12355 1388 12355 1388 12356 6296 12356 1498 12356 6296 12357 6297 12357 1498 12357 1498 12358 6297 12358 1499 12358 6297 12359 6298 12359 1499 12359 1499 12360 6298 12360 1500 12360 6298 12361 6299 12361 1500 12361 1500 12362 6299 12362 1436 12362 6299 12363 6300 12363 1436 12363 1436 12364 6300 12364 1437 12364 6300 12365 6301 12365 1437 12365 1437 12366 6301 12366 1438 12366 6301 12367 6302 12367 1438 12367 1438 12368 6302 12368 1439 12368 6302 12369 6303 12369 1439 12369 1439 12370 6303 12370 1440 12370 6303 12371 6304 12371 1440 12371 1440 12372 6304 12372 1441 12372 6304 12373 6305 12373 1441 12373 1441 12374 6305 12374 1442 12374 6305 12375 6306 12375 1442 12375 1442 12376 6306 12376 1443 12376 6306 12377 6307 12377 1443 12377 1443 12378 6307 12378 1444 12378 6307 12379 6308 12379 1444 12379 1444 12380 6308 12380 1445 12380 6308 12381 6309 12381 1445 12381 1445 12382 6309 12382 1446 12382 6309 12383 6310 12383 1446 12383 1446 12384 6310 12384 1447 12384 6310 12385 6311 12385 1447 12385 1447 12386 6311 12386 1501 12386 6311 12387 6240 12387 1501 12387 144 12388 6240 12388 286 12388 6240 12389 6311 12389 286 12389 286 12390 6311 12390 284 12390 6311 12391 6310 12391 284 12391 284 12392 6310 12392 282 12392 6310 12393 6309 12393 282 12393 282 12394 6309 12394 280 12394 6309 12395 6308 12395 280 12395 280 12396 6308 12396 278 12396 6308 12397 6307 12397 278 12397 278 12398 6307 12398 276 12398 6307 12399 6306 12399 276 12399 276 12400 6306 12400 274 12400 6306 12401 6305 12401 274 12401 274 12402 6305 12402 272 12402 6305 12403 6304 12403 272 12403 272 12404 6304 12404 270 12404 6304 12405 6303 12405 270 12405 270 12406 6303 12406 268 12406 6303 12407 6302 12407 268 12407 268 12408 6302 12408 266 12408 6302 12409 6301 12409 266 12409 266 12410 6301 12410 264 12410 6301 12411 6300 12411 264 12411 264 12412 6300 12412 262 12412 6300 12413 6299 12413 262 12413 262 12414 6299 12414 260 12414 6299 12415 6298 12415 260 12415 260 12416 6298 12416 258 12416 6298 12417 6297 12417 258 12417 258 12418 6297 12418 256 12418 6297 12419 6296 12419 256 12419 256 12420 6296 12420 254 12420 6296 12421 6295 12421 254 12421 254 12422 6295 12422 252 12422 6295 12423 6294 12423 252 12423 252 12424 6294 12424 250 12424 6294 12425 6293 12425 250 12425 250 12426 6293 12426 248 12426 6293 12427 6292 12427 248 12427 248 12428 6292 12428 246 12428 6292 12429 6291 12429 246 12429 246 12430 6291 12430 244 12430 6291 12431 6290 12431 244 12431 244 12432 6290 12432 242 12432 6290 12433 6289 12433 242 12433 242 12434 6289 12434 240 12434 6289 12435 6288 12435 240 12435 240 12436 6288 12436 238 12436 6288 12437 6287 12437 238 12437 238 12438 6287 12438 236 12438 6287 12439 6286 12439 236 12439 236 12440 6286 12440 234 12440 6286 12441 6285 12441 234 12441 234 12442 6285 12442 232 12442 6285 12443 6284 12443 232 12443 232 12444 6284 12444 230 12444 6284 12445 6283 12445 230 12445 230 12446 6283 12446 228 12446 6283 12447 6282 12447 228 12447 228 12448 6282 12448 226 12448 6282 12449 6281 12449 226 12449 226 12450 6281 12450 224 12450 6281 12451 6280 12451 224 12451 224 12452 6280 12452 222 12452 6280 12453 6279 12453 222 12453 222 12454 6279 12454 220 12454 6279 12455 6278 12455 220 12455 220 12456 6278 12456 218 12456 6278 12457 6277 12457 218 12457 218 12458 6277 12458 216 12458 6277 12459 6276 12459 216 12459 216 12460 6276 12460 214 12460 6276 12461 6275 12461 214 12461 214 12462 6275 12462 212 12462 6275 12463 6274 12463 212 12463 212 12464 6274 12464 210 12464 6274 12465 6273 12465 210 12465 210 12466 6273 12466 208 12466 6273 12467 6272 12467 208 12467 208 12468 6272 12468 206 12468 6272 12469 6271 12469 206 12469 206 12470 6271 12470 204 12470 6271 12471 6270 12471 204 12471 204 12472 6270 12472 202 12472 6270 12473 6269 12473 202 12473 202 12474 6269 12474 200 12474 6269 12475 6268 12475 200 12475 200 12476 6268 12476 198 12476 6268 12477 6267 12477 198 12477 198 12478 6267 12478 196 12478 6267 12479 6266 12479 196 12479 196 12480 6266 12480 194 12480 6266 12481 6265 12481 194 12481 194 12482 6265 12482 192 12482 6265 12483 6264 12483 192 12483 192 12484 6264 12484 190 12484 6264 12485 6263 12485 190 12485 190 12486 6263 12486 188 12486 6263 12487 6262 12487 188 12487 188 12488 6262 12488 186 12488 6262 12489 6261 12489 186 12489 186 12490 6261 12490 184 12490 6261 12491 6260 12491 184 12491 184 12492 6260 12492 182 12492 6260 12493 6259 12493 182 12493 182 12494 6259 12494 180 12494 6259 12495 6258 12495 180 12495 180 12496 6258 12496 178 12496 6258 12497 6257 12497 178 12497 178 12498 6257 12498 176 12498 6257 12499 6256 12499 176 12499 176 12500 6256 12500 174 12500 6256 12501 6255 12501 174 12501 174 12502 6255 12502 172 12502 6255 12503 6254 12503 172 12503 172 12504 6254 12504 170 12504 6254 12505 6253 12505 170 12505 170 12506 6253 12506 168 12506 6253 12507 6252 12507 168 12507 168 12508 6252 12508 166 12508 6252 12509 6251 12509 166 12509 166 12510 6251 12510 164 12510 6251 12511 6250 12511 164 12511 164 12512 6250 12512 162 12512 6250 12513 6249 12513 162 12513 162 12514 6249 12514 160 12514 6249 12515 6248 12515 160 12515 160 12516 6248 12516 158 12516 6248 12517 6247 12517 158 12517 158 12518 6247 12518 156 12518 6247 12519 6246 12519 156 12519 156 12520 6246 12520 154 12520 6246 12521 6245 12521 154 12521 154 12522 6245 12522 152 12522 6245 12523 6244 12523 152 12523 152 12524 6244 12524 150 12524 6244 12525 6243 12525 150 12525 150 12526 6243 12526 148 12526 6243 12527 6242 12527 148 12527 148 12528 6242 12528 146 12528 6242 12529 6241 12529 146 12529 146 12530 6241 12530 144 12530 6241 12531 6240 12531 144 12531 1486 12532 720 12532 1487 12532 720 12533 791 12533 1487 12533 1487 12534 791 12534 1449 12534 791 12535 790 12535 1449 12535 1449 12536 790 12536 1450 12536 790 12537 789 12537 1450 12537 1450 12538 789 12538 1505 12538 789 12539 788 12539 1505 12539 1505 12540 788 12540 1506 12540 788 12541 787 12541 1506 12541 1506 12542 787 12542 1451 12542 787 12543 786 12543 1451 12543 1451 12544 786 12544 1452 12544 786 12545 785 12545 1452 12545 1452 12546 785 12546 1453 12546 785 12547 784 12547 1453 12547 1453 12548 784 12548 1425 12548 784 12549 783 12549 1425 12549 1425 12550 783 12550 1488 12550 783 12551 782 12551 1488 12551 1488 12552 782 12552 1489 12552 782 12553 781 12553 1489 12553 1489 12554 781 12554 1491 12554 781 12555 780 12555 1491 12555 1491 12556 780 12556 1493 12556 780 12557 779 12557 1493 12557 1493 12558 779 12558 1494 12558 779 12559 778 12559 1494 12559 1494 12560 778 12560 1455 12560 778 12561 777 12561 1455 12561 1455 12562 777 12562 1456 12562 777 12563 776 12563 1456 12563 1456 12564 776 12564 1430 12564 776 12565 775 12565 1430 12565 1430 12566 775 12566 1457 12566 775 12567 774 12567 1457 12567 1457 12568 774 12568 1458 12568 774 12569 773 12569 1458 12569 1458 12570 773 12570 1460 12570 773 12571 772 12571 1460 12571 1460 12572 772 12572 1461 12572 772 12573 771 12573 1461 12573 1461 12574 771 12574 1462 12574 771 12575 770 12575 1462 12575 1462 12576 770 12576 1463 12576 770 12577 769 12577 1463 12577 1463 12578 769 12578 1364 12578 769 12579 768 12579 1364 12579 1364 12580 768 12580 1362 12580 768 12581 767 12581 1362 12581 1362 12582 767 12582 1360 12582 767 12583 766 12583 1360 12583 1360 12584 766 12584 1368 12584 766 12585 765 12585 1368 12585 1368 12586 765 12586 1367 12586 765 12587 764 12587 1367 12587 1367 12588 764 12588 1365 12588 764 12589 763 12589 1365 12589 1365 12590 763 12590 1464 12590 763 12591 762 12591 1464 12591 1464 12592 762 12592 1465 12592 762 12593 761 12593 1465 12593 1465 12594 761 12594 1466 12594 761 12595 760 12595 1466 12595 1466 12596 760 12596 1433 12596 760 12597 759 12597 1433 12597 1433 12598 759 12598 1431 12598 759 12599 758 12599 1431 12599 1431 12600 758 12600 1374 12600 758 12601 757 12601 1374 12601 1374 12602 757 12602 1375 12602 757 12603 756 12603 1375 12603 1375 12604 756 12604 1377 12604 756 12605 755 12605 1377 12605 1377 12606 755 12606 1405 12606 755 12607 754 12607 1405 12607 1405 12608 754 12608 1369 12608 754 12609 753 12609 1369 12609 1369 12610 753 12610 1370 12610 753 12611 752 12611 1370 12611 1370 12612 752 12612 1371 12612 752 12613 751 12613 1371 12613 1371 12614 751 12614 1336 12614 751 12615 750 12615 1336 12615 1336 12616 750 12616 1337 12616 750 12617 749 12617 1337 12617 1337 12618 749 12618 1338 12618 749 12619 748 12619 1338 12619 1338 12620 748 12620 1293 12620 748 12621 747 12621 1293 12621 1293 12622 747 12622 1292 12622 747 12623 746 12623 1292 12623 1292 12624 746 12624 1291 12624 746 12625 745 12625 1291 12625 1291 12626 745 12626 1467 12626 745 12627 744 12627 1467 12627 1467 12628 744 12628 1468 12628 744 12629 743 12629 1468 12629 1468 12630 743 12630 1469 12630 743 12631 742 12631 1469 12631 1469 12632 742 12632 1475 12632 742 12633 741 12633 1475 12633 1475 12634 741 12634 1474 12634 741 12635 740 12635 1474 12635 1474 12636 740 12636 1473 12636 740 12637 739 12637 1473 12637 1473 12638 739 12638 1472 12638 739 12639 738 12639 1472 12639 1472 12640 738 12640 1471 12640 738 12641 737 12641 1471 12641 1471 12642 737 12642 1470 12642 737 12643 736 12643 1470 12643 1470 12644 736 12644 1495 12644 736 12645 735 12645 1495 12645 1495 12646 735 12646 1496 12646 735 12647 734 12647 1496 12647 1496 12648 734 12648 1497 12648 734 12649 733 12649 1497 12649 1497 12650 733 12650 1507 12650 733 12651 732 12651 1507 12651 1507 12652 732 12652 1508 12652 732 12653 731 12653 1508 12653 1508 12654 731 12654 1434 12654 731 12655 730 12655 1434 12655 1434 12656 730 12656 1435 12656 730 12657 729 12657 1435 12657 1435 12658 729 12658 1476 12658 729 12659 728 12659 1476 12659 1476 12660 728 12660 1477 12660 728 12661 727 12661 1477 12661 1477 12662 727 12662 1372 12662 727 12663 726 12663 1372 12663 1372 12664 726 12664 1373 12664 726 12665 725 12665 1373 12665 1373 12666 725 12666 1478 12666 725 12667 724 12667 1478 12667 1478 12668 724 12668 1479 12668 724 12669 723 12669 1479 12669 1479 12670 723 12670 1251 12670 723 12671 722 12671 1251 12671 1251 12672 722 12672 1250 12672 722 12673 721 12673 1250 12673 1250 12674 721 12674 1486 12674 721 12675 720 12675 1486 12675</p>
        </triangles>
      </mesh>
    </geometry>
  </library_geometries>
  <library_visual_scenes>
    <visual_scene id="Scene" name="Scene">
      <node id="endeffector_visual_001" name="endeffector_visual.001" type="NODE">
        <matrix sid="transform">1 0 0 0 0 1 0 0 0 0 1 0 0 0 0 1</matrix>
        <instance_geometry url="#endeffector_visual_003-mesh" name="endeffector_visual.001">
          <bind_material>
            <technique_common>
              <instance_material symbol="endeffector_parts_material-material" target="#endeffector_parts_material-material"/>
            </technique_common>
          </bind_material>
        </instance_geometry>
      </node>
    </visual_scene>
  </library_visual_scenes>
  <scene>
    <instance_visual_scene url="#Scene"/>
  </scene>
</COLLADA>